id_pesquisa,ano,turno,instituto,contratante,data,data_referencia,dias_ate_eleicao,tipo,tipo_voto,numero_registro,,quantidade_entrevistas,margem_mais,margem_menos,id_cenario,descricao_cenario,nome_candidato,sigla_partido,condicao,categoria_voto,percentual,nome_pesquisa,percentual_pesquisa,nome_tse,percentual_valido,turno_real,nome_clean,categoria_voto_corrigida,soma_validos_pesquisa,percentual_pesquisa_valido,vies
10385,2022,1,Ipec,Grupo Globo,2022-08-29,2022-08-29,34,estimulada,votos totais,BR-01979/2022,numero_registro,800,2,2,26798,cenário 1 - estimulada - 1º turno,Bolsonaro,PL,0,candidato,32,bolsonaro,0.32,jair messias bolsonaro,0.431975526,1,bolsonaro,candidato,0.87,0.367816092,-0.064159434
10385,2022,1,Ipec,Grupo Globo,2022-08-29,2022-08-29,34,estimulada,votos totais,BR-01979/2022,BR-01979/2022,800,2,2,26798,cenário 1 - estimulada - 1º turno,brancos / nulos,N/A,1,branco_nulo,7,brancos nulos,0.07,brancos nulos,,1,brancos nulos,branco_nulo,0.87,,
10385,2022,1,Ipec,Grupo Globo,2022-08-29,2022-08-29,34,estimulada,votos totais,BR-01979/2022,BR-08847/2022,800,2,2,26798,cenário 1 - estimulada - 1º turno,Ciro,PDT,0,candidato,7,ciro,0.07,ciro ferreira gomes,0.030443166,1,ciro,candidato,0.87,0.08045977,0.050016604
10385,2022,1,Ipec,Grupo Globo,2022-08-29,2022-08-29,34,estimulada,votos totais,BR-01979/2022,0,800,2,2,26798,cenário 1 - estimulada - 1º turno,não sabem / não responderam,N/A,1,nao_sabe,6,nao sabem nao responderam,0.06,nao sabem nao responderam,,1,nao sabem nao responderam,nao_sabe,0.87,,
10385,2022,1,Ipec,Grupo Globo,2022-08-29,2022-08-29,34,estimulada,votos totais,BR-01979/2022,BR-00245/2022,800,2,2,26798,cenário 1 - estimulada - 1º turno,Simone Tebet,MDB,0,candidato,3,simone tebet,0.03,simone nassar tebet,0.04157519,1,simone tebet,candidato,0.87,0.034482759,-0.007092431
10385,2022,1,Ipec,Grupo Globo,2022-08-29,2022-08-29,34,estimulada,votos totais,BR-01979/2022,BR-04217/2022,800,2,2,26798,cenário 1 - estimulada - 1º turno,Lula,PT,0,candidato,44,lula,0.44,luiz inacio lula da silva,0.484307199,1,lula,candidato,0.87,0.505747126,0.021439928
10385,2022,1,Ipec,Grupo Globo,2022-08-29,2022-08-29,34,estimulada,votos totais,BR-01979/2022,BR-04099/2022,800,2,2,26798,cenário 1 - estimulada - 1º turno,Luiz Felipe d'Avila,NOVO,0,candidato,1,luiz felipe davila,0.01,luiz felipe chaves d avila,0.004734072,1,luiz felipe davila,candidato,0.87,0.011494253,0.006760181
10385,2022,2,Ipec,Grupo Globo,2022-08-29,2022-08-29,62,estimulada,votos totais,BR-01979/2022,BR-09344/2022,800,2,2,26799,cenário 2 - estimulada - 2º turno,não sabem / não responderam,N/A,1,nao_sabe,4,nao sabem nao responderam,0.04,nao sabem nao responderam,,2,nao sabem nao responderam,nao_sabe,0.87,,
10385,2022,2,Ipec,Grupo Globo,2022-08-29,2022-08-29,62,estimulada,votos totais,BR-01979/2022,BR-07606/2022,800,2,2,26799,cenário 2 - estimulada - 2º turno,Lula,PT,0,candidato,50,lula,0.5,luiz inacio lula da silva,0.509024051,2,lula,candidato,0.87,0.574712644,0.065688593
10385,2022,2,Ipec,Grupo Globo,2022-08-29,2022-08-29,62,estimulada,votos totais,BR-01979/2022,BR-08883/2022,800,2,2,26799,cenário 2 - estimulada - 2º turno,Bolsonaro,PL,0,candidato,37,bolsonaro,0.37,jair messias bolsonaro,0.490975949,2,bolsonaro,candidato,0.87,0.425287356,-0.065688593
10385,2022,2,Ipec,Grupo Globo,2022-08-29,2022-08-29,62,estimulada,votos totais,BR-01979/2022,BR-05007/2022,800,2,2,26799,cenário 2 - estimulada - 2º turno,brancos / nulos,N/A,1,branco_nulo,9,brancos nulos,0.09,brancos nulos,,2,brancos nulos,branco_nulo,0.87,,
10869,2022,1,Brasmarket,Brasmarket,2022-09-28,2022-09-28,4,estimulada,votos totais,BR-08847/2022,BR-01120/2022,1600,2.45,2.45,27867,cenário 1 - estimulado - 1º turno,Sofia Manzano,PCB,0,candidato,0,sofia manzano,0,sofia padua manzano,0.000385859,1,sofia manzano,candidato,0.892,0,-0.000385859
10869,2022,1,Brasmarket,Brasmarket,2022-09-28,2022-09-28,4,estimulada,votos totais,BR-08847/2022,BR-06307/2022,1600,2.45,2.45,27867,cenário 1 - estimulado - 1º turno,Soraya Thronicke,União Brasil,0,candidato,0.8,soraya thronicke,0.008,soraya vieira thronicke,0.005082944,1,soraya thronicke,candidato,0.892,0.00896861,0.003885666
10869,2022,1,Brasmarket,Brasmarket,2022-09-28,2022-09-28,4,estimulada,votos totais,BR-08847/2022,BR-08044/2022,1600,2.45,2.45,27867,cenário 1 - estimulado - 1º turno,não sabem / não responderam,N/A,1,nao_sabe,8.3,nao sabem nao responderam,0.083,nao sabem nao responderam,,1,nao sabem nao responderam,nao_sabe,0.892,,
10869,2022,1,Brasmarket,Brasmarket,2022-09-28,2022-09-28,4,estimulada,votos totais,BR-08847/2022,BR-00848/2022,1600,2.45,2.45,27867,cenário 1 - estimulado - 1º turno,Eymael,DC,0,candidato,0,eymael,0,jose maria eymael,0.000140438,1,eymael,candidato,0.892,0,-0.000140438
10869,2022,1,Brasmarket,Brasmarket,2022-09-28,2022-09-28,4,estimulada,votos totais,BR-08847/2022,BR-05015/2022,1600,2.45,2.45,27867,cenário 1 - estimulado - 1º turno,Simone Tebet,MDB,0,candidato,5.2,simone tebet,0.052,simone nassar tebet,0.04157519,1,simone tebet,candidato,0.892,0.058295964,0.016720774
10869,2022,1,Brasmarket,Brasmarket,2022-09-28,2022-09-28,4,estimulada,votos totais,BR-08847/2022,BR-03573/2022,1600,2.45,2.45,27867,cenário 1 - estimulado - 1º turno,Vera Lúcia Salgado,PSTU,0,candidato,0,vera lucia salgado,0,vera lucia pereira da silva salgado,0.000216739,1,vera lucia salgado,candidato,0.892,0,-0.000216739
10869,2022,1,Brasmarket,Brasmarket,2022-09-28,2022-09-28,4,estimulada,votos totais,BR-08847/2022,BR-03874/2022,1600,2.45,2.45,27867,cenário 1 - estimulado - 1º turno,Leonardo Péricles,UP,0,candidato,0.1,leonardo pericles,0.001,leonardo pericles vieira roque,0.00045267,1,leonardo pericles,candidato,0.892,0.001121076,0.000668407
10869,2022,1,Brasmarket,Brasmarket,2022-09-28,2022-09-28,4,estimulada,votos totais,BR-08847/2022,BR-04222/2022,1600,2.45,2.45,27867,cenário 1 - estimulado - 1º turno,brancos / nulos,N/A,1,branco_nulo,2.6,brancos nulos,0.026,brancos nulos,,1,brancos nulos,branco_nulo,0.892,,
10869,2022,1,Brasmarket,Brasmarket,2022-09-28,2022-09-28,4,estimulada,votos totais,BR-08847/2022,BR-05747/2022,1600,2.45,2.45,27867,cenário 1 - estimulado - 1º turno,Padre Kelmon,PTB,0,candidato,0.3,padre kelmon,0.003,kelmon luis da silva souza,0.000686198,1,padre kelmon,candidato,0.892,0.003363229,0.002677031
10869,2022,1,Brasmarket,Brasmarket,2022-09-28,2022-09-28,4,estimulada,votos totais,BR-08847/2022,BR-03473/2022,1600,2.45,2.45,27867,cenário 1 - estimulado - 1º turno,Luiz Felipe d'Avila,NOVO,0,candidato,0.3,luiz felipe davila,0.003,luiz felipe chaves d avila,0.004734072,1,luiz felipe davila,candidato,0.892,0.003363229,-0.001370843
10869,2022,1,Brasmarket,Brasmarket,2022-09-28,2022-09-28,4,estimulada,votos totais,BR-08847/2022,BR-02603/2022,1600,2.45,2.45,27867,cenário 1 - estimulado - 1º turno,Bolsonaro,PL,0,candidato,45.4,bolsonaro,0.454,jair messias bolsonaro,0.431975526,1,bolsonaro,candidato,0.892,0.50896861,0.076993084
10869,2022,1,Brasmarket,Brasmarket,2022-09-28,2022-09-28,4,estimulada,votos totais,BR-08847/2022,BR-04937/2022,1600,2.45,2.45,27867,cenário 1 - estimulado - 1º turno,Ciro,PDT,0,candidato,6.2,ciro,0.062,ciro ferreira gomes,0.030443166,1,ciro,candidato,0.892,0.069506726,0.03906356
10869,2022,1,Brasmarket,Brasmarket,2022-09-28,2022-09-28,4,estimulada,votos totais,BR-08847/2022,BR-03014/2022,1600,2.45,2.45,27867,cenário 1 - estimulado - 1º turno,Lula,PT,0,candidato,30.9,lula,0.309,luiz inacio lula da silva,0.484307199,1,lula,candidato,0.892,0.346412556,-0.137894643
9746,2022,2,Quaest,Genial Investimentos,2021-10-03,2021-09-30,395,estimulada,votos totais,,BR-06693/2022,2048,2.2,2.2,24533,cenário 1 - estimulado - 2º turno,Lula,PT,0,candidato,53,lula,0.53,luiz inacio lula da silva,0.509024051,2,lula,candidato,0.82,0.646341463,0.137317412
9746,2022,2,Quaest,Genial Investimentos,2021-10-03,2021-09-30,395,estimulada,votos totais,,BR-09630/2022,2048,2.2,2.2,24533,cenário 1 - estimulado - 2º turno,indeciso,N/A,1,nao_sabe,2,indeciso,0.02,indeciso,,2,indeciso,candidato,0.82,,
9746,2022,2,Quaest,Genial Investimentos,2021-10-03,2021-09-30,395,estimulada,votos totais,,BR-04676/2022,2048,2.2,2.2,24533,cenário 1 - estimulado - 2º turno,Bolsonaro,sem partido,0,candidato,29,bolsonaro,0.29,jair messias bolsonaro,0.490975949,2,bolsonaro,candidato,0.82,0.353658537,-0.137317412
9746,2022,2,Quaest,Genial Investimentos,2021-10-03,2021-09-30,395,estimulada,votos totais,,BR-00372/2022,2048,2.2,2.2,24533,cenário 1 - estimulado - 2º turno,nenhum / brancos / nulos,N/A,1,branco_nulo,15,nenhum brancos nulos,0.15,nenhum brancos nulos,,2,nenhum brancos nulos,branco_nulo,0.82,,
10941,2022,1,Datafolha,Folha de S.Paulo e Grupo Globo,2022-10-01,2022-09-30,2,estimulada,votos totais,BR-00245/2022,BR-00758/2022,12800,2,2,27995,cenário 1 - estimulado - 1º turno,Leonardo Péricles,UP,0,candidato,0,leonardo pericles,0,leonardo pericles vieira roque,0.00045267,1,leonardo pericles,candidato,0.95,0,-0.00045267
10941,2022,1,Datafolha,Folha de S.Paulo e Grupo Globo,2022-10-01,2022-09-30,2,estimulada,votos totais,BR-00245/2022,BR-08858/2022,12800,2,2,27995,cenário 1 - estimulado - 1º turno,Vera Lúcia Salgado,PSTU,0,candidato,0,vera lucia salgado,0,vera lucia pereira da silva salgado,0.000216739,1,vera lucia salgado,candidato,0.95,0,-0.000216739
10941,2022,1,Datafolha,Folha de S.Paulo e Grupo Globo,2022-10-01,2022-09-30,2,estimulada,votos totais,BR-00245/2022,BR-01603/2022,12800,2,2,27995,cenário 1 - estimulado - 1º turno,nenhum / brancos / nulos,N/A,1,branco_nulo,3,nenhum brancos nulos,0.03,nenhum brancos nulos,,1,nenhum brancos nulos,branco_nulo,0.95,,
10941,2022,1,Datafolha,Folha de S.Paulo e Grupo Globo,2022-10-01,2022-09-30,2,estimulada,votos totais,BR-00245/2022,BR-03552/2022,12800,2,2,27995,cenário 1 - estimulado - 1º turno,não sabe,N/A,1,nao_sabe,2,nao sabe,0.02,nao sabe,,1,nao sabe,nao_sabe,0.95,,
10941,2022,1,Datafolha,Folha de S.Paulo e Grupo Globo,2022-10-01,2022-09-30,2,estimulada,votos totais,BR-00245/2022,BR-01763/2022,12800,2,2,27995,cenário 1 - estimulado - 1º turno,Eymael,DC,0,candidato,0,eymael,0,jose maria eymael,0.000140438,1,eymael,candidato,0.95,0,-0.000140438
10941,2022,1,Datafolha,Folha de S.Paulo e Grupo Globo,2022-10-01,2022-09-30,2,estimulada,votos totais,BR-00245/2022,BR-09292/2022,12800,2,2,27995,cenário 1 - estimulado - 1º turno,Padre Kelmon,PTB,0,candidato,0,padre kelmon,0,kelmon luis da silva souza,0.000686198,1,padre kelmon,candidato,0.95,0,-0.000686198
10941,2022,1,Datafolha,Folha de S.Paulo e Grupo Globo,2022-10-01,2022-09-30,2,estimulada,votos totais,BR-00245/2022,BR-05938/2022,12800,2,2,27995,cenário 1 - estimulado - 1º turno,Ciro,PDT,0,candidato,5,ciro,0.05,ciro ferreira gomes,0.030443166,1,ciro,candidato,0.95,0.052631579,0.022188413
10941,2022,1,Datafolha,Folha de S.Paulo e Grupo Globo,2022-10-01,2022-09-30,2,estimulada,votos totais,BR-00245/2022,BR-08220/2022,12800,2,2,27995,cenário 1 - estimulado - 1º turno,Lula,PT,0,candidato,48,lula,0.48,luiz inacio lula da silva,0.484307199,1,lula,candidato,0.95,0.505263158,0.020955959
10941,2022,1,Datafolha,Folha de S.Paulo e Grupo Globo,2022-10-01,2022-09-30,2,estimulada,votos totais,BR-00245/2022,BR-02546/2022,12800,2,2,27995,cenário 1 - estimulado - 1º turno,Luiz Felipe d'Avila,NOVO,0,candidato,1,luiz felipe davila,0.01,luiz felipe chaves d avila,0.004734072,1,luiz felipe davila,candidato,0.95,0.010526316,0.005792244
10941,2022,1,Datafolha,Folha de S.Paulo e Grupo Globo,2022-10-01,2022-09-30,2,estimulada,votos totais,BR-00245/2022,BR-08028/2022,12800,2,2,27995,cenário 1 - estimulado - 1º turno,Bolsonaro,PL,0,candidato,34,bolsonaro,0.34,jair messias bolsonaro,0.431975526,1,bolsonaro,candidato,0.95,0.357894737,-0.074080789
10941,2022,1,Datafolha,Folha de S.Paulo e Grupo Globo,2022-10-01,2022-09-30,2,estimulada,votos totais,BR-00245/2022,BR-00603/2022,12800,2,2,27995,cenário 1 - estimulado - 1º turno,Simone Tebet,MDB,0,candidato,6,simone tebet,0.06,simone nassar tebet,0.04157519,1,simone tebet,candidato,0.95,0.063157895,0.021582705
10941,2022,1,Datafolha,Folha de S.Paulo e Grupo Globo,2022-10-01,2022-09-30,2,estimulada,votos totais,BR-00245/2022,BR-07639/2022,12800,2,2,27995,cenário 1 - estimulado - 1º turno,Sofia Manzano,PCB,0,candidato,0,sofia manzano,0,sofia padua manzano,0.000385859,1,sofia manzano,candidato,0.95,0,-0.000385859
10941,2022,1,Datafolha,Folha de S.Paulo e Grupo Globo,2022-10-01,2022-09-30,2,estimulada,votos totais,BR-00245/2022,BR-03980/2022,12800,2,2,27995,cenário 1 - estimulado - 1º turno,Soraya Thronicke,União Brasil,0,candidato,1,soraya thronicke,0.01,soraya vieira thronicke,0.005082944,1,soraya thronicke,candidato,0.95,0.010526316,0.005443372
10941,2022,2,Datafolha,Folha de S.Paulo e Grupo Globo,2022-10-01,2022-09-30,30,estimulada,votos totais,BR-00245/2022,BR-01167/2022,12800,2,2,27997,cenário 1 - estimulado - 2º turno,Bolsonaro,PL,0,candidato,38,bolsonaro,0.38,jair messias bolsonaro,0.490975949,2,bolsonaro,candidato,0.92,0.413043478,-0.077932471
10941,2022,2,Datafolha,Folha de S.Paulo e Grupo Globo,2022-10-01,2022-09-30,30,estimulada,votos totais,BR-00245/2022,BR-05658/2022,12800,2,2,27997,cenário 1 - estimulado - 2º turno,Lula,PT,0,candidato,54,lula,0.54,luiz inacio lula da silva,0.509024051,2,lula,candidato,0.92,0.586956522,0.077932471
10941,2022,2,Datafolha,Folha de S.Paulo e Grupo Globo,2022-10-01,2022-09-30,30,estimulada,votos totais,BR-00245/2022,BR-00244/2022,12800,2,2,27997,cenário 1 - estimulado - 2º turno,brancos / nulos,N/A,1,branco_nulo,6,brancos nulos,0.06,brancos nulos,,2,brancos nulos,branco_nulo,0.92,,
10941,2022,2,Datafolha,Folha de S.Paulo e Grupo Globo,2022-10-01,2022-09-30,30,estimulada,votos totais,BR-00245/2022,BR-07901/2022,12800,2,2,27997,cenário 1 - estimulado - 2º turno,indeciso,N/A,1,nao_sabe,2,indeciso,0.02,indeciso,,2,indeciso,candidato,0.92,,
9749,2022,2,Quaest,Genial Investimentos,2021-11-06,2021-11-06,358,estimulada,votos totais,,BR-08934/2022,2063,2.2,2.2,24561,cenário 1 - estimulado - 2º turno,Bolsonaro,sem partido,0,candidato,27,bolsonaro,0.27,jair messias bolsonaro,0.490975949,2,bolsonaro,candidato,0.84,0.321428571,-0.169547377
9749,2022,2,Quaest,Genial Investimentos,2021-11-06,2021-11-06,358,estimulada,votos totais,,BR-00585/2022,2063,2.2,2.2,24561,cenário 1 - estimulado - 2º turno,indeciso,N/A,1,nao_sabe,3,indeciso,0.03,indeciso,,2,indeciso,candidato,0.84,,
9749,2022,2,Quaest,Genial Investimentos,2021-11-06,2021-11-06,358,estimulada,votos totais,,BR-04347/2022,2063,2.2,2.2,24561,cenário 1 - estimulado - 2º turno,nenhum / brancos / nulos,N/A,1,branco_nulo,13,nenhum brancos nulos,0.13,nenhum brancos nulos,,2,nenhum brancos nulos,branco_nulo,0.84,,
9749,2022,2,Quaest,Genial Investimentos,2021-11-06,2021-11-06,358,estimulada,votos totais,,BR-07568/2022,2063,2.2,2.2,24561,cenário 1 - estimulado - 2º turno,Lula,PT,0,candidato,57,lula,0.57,luiz inacio lula da silva,0.509024051,2,lula,candidato,0.84,0.678571429,0.169547377
11233,2022,2,Veritá,Veritá,2022-10-29,2022-10-29,1,estimulada,votos totais,BR-04217/2022,BR-01786/2022,17552,2,2,28389,cenário 1 - estimulada - 2º turno,Lula,PT,0,candidato,45.9,lula,0.459,luiz inacio lula da silva,0.509024051,2,lula,candidato,0.937,0.489861259,-0.019162792
11233,2022,2,Veritá,Veritá,2022-10-29,2022-10-29,1,estimulada,votos totais,BR-04217/2022,BR-00807/2022,17552,2,2,28389,cenário 1 - estimulada - 2º turno,Bolsonaro,PL,0,candidato,47.8,bolsonaro,0.478,jair messias bolsonaro,0.490975949,2,bolsonaro,candidato,0.937,0.510138741,0.019162792
11233,2022,2,Veritá,Veritá,2022-10-29,2022-10-29,1,estimulada,votos totais,BR-04217/2022,BR-02618/2022,17552,2,2,28389,cenário 1 - estimulada - 2º turno,brancos / nulos,N/A,1,branco_nulo,3.2,brancos nulos,0.032,brancos nulos,,2,brancos nulos,branco_nulo,0.937,,
11233,2022,2,Veritá,Veritá,2022-10-29,2022-10-29,1,estimulada,votos totais,BR-04217/2022,BR-06321/2022,17552,2,2,28389,cenário 1 - estimulada - 2º turno,não sabem / não responderam,N/A,1,nao_sabe,3.1,nao sabem nao responderam,0.031,nao sabem nao responderam,,2,nao sabem nao responderam,nao_sabe,0.937,,
10556,2022,1,Datafolha,Folha de S. Paulo e Grupo Globo,2022-09-15,2022-09-15,17,estimulada,votos totais,BR-04099/2022,BR-03420/2022,5926,2,2,27213,cenário 1 - estimulada - 1º turno,Luiz Felipe d'Avila,NOVO,0,candidato,0,luiz felipe davila,0,luiz felipe chaves d avila,0.004734072,1,luiz felipe davila,candidato,0.93,0,-0.004734072
10556,2022,1,Datafolha,Folha de S. Paulo e Grupo Globo,2022-09-15,2022-09-15,17,estimulada,votos totais,BR-04099/2022,BR-00745/2022,5926,2,2,27213,cenário 1 - estimulada - 1º turno,nenhum / brancos / nulos,N/A,1,branco_nulo,4,nenhum brancos nulos,0.04,nenhum brancos nulos,,1,nenhum brancos nulos,branco_nulo,0.93,,
10556,2022,1,Datafolha,Folha de S. Paulo e Grupo Globo,2022-09-15,2022-09-15,17,estimulada,votos totais,BR-04099/2022,BR-07560/2022,5926,2,2,27213,cenário 1 - estimulada - 1º turno,Vera Lúcia Salgado,PSTU,0,candidato,0,vera lucia salgado,0,vera lucia pereira da silva salgado,0.000216739,1,vera lucia salgado,candidato,0.93,0,-0.000216739
10556,2022,1,Datafolha,Folha de S. Paulo e Grupo Globo,2022-09-15,2022-09-15,17,estimulada,votos totais,BR-04099/2022,BR-04459/2022,5926,2,2,27213,cenário 1 - estimulada - 1º turno,Ciro,PDT,0,candidato,8,ciro,0.08,ciro ferreira gomes,0.030443166,1,ciro,candidato,0.93,0.086021505,0.055578339
10556,2022,1,Datafolha,Folha de S. Paulo e Grupo Globo,2022-09-15,2022-09-15,17,estimulada,votos totais,BR-04099/2022,BR-08425/2022,5926,2,2,27213,cenário 1 - estimulada - 1º turno,Padre Kelmon,PTB,0,candidato,0,padre kelmon,0,kelmon luis da silva souza,0.000686198,1,padre kelmon,candidato,0.93,0,-0.000686198
10556,2022,1,Datafolha,Folha de S. Paulo e Grupo Globo,2022-09-15,2022-09-15,17,estimulada,votos totais,BR-04099/2022,BR-02650/2022,5926,2,2,27213,cenário 1 - estimulada - 1º turno,Leonardo Péricles,UP,0,candidato,0,leonardo pericles,0,leonardo pericles vieira roque,0.00045267,1,leonardo pericles,candidato,0.93,0,-0.00045267
10556,2022,1,Datafolha,Folha de S. Paulo e Grupo Globo,2022-09-15,2022-09-15,17,estimulada,votos totais,BR-04099/2022,BR-08123/2022,5926,2,2,27213,cenário 1 - estimulada - 1º turno,Lula,PT,0,candidato,45,lula,0.45,luiz inacio lula da silva,0.484307199,1,lula,candidato,0.93,0.483870968,-0.000436231
10556,2022,1,Datafolha,Folha de S. Paulo e Grupo Globo,2022-09-15,2022-09-15,17,estimulada,votos totais,BR-04099/2022,BR-04371/2022,5926,2,2,27213,cenário 1 - estimulada - 1º turno,Bolsonaro,PL,0,candidato,33,bolsonaro,0.33,jair messias bolsonaro,0.431975526,1,bolsonaro,candidato,0.93,0.35483871,-0.077136816
10556,2022,1,Datafolha,Folha de S. Paulo e Grupo Globo,2022-09-15,2022-09-15,17,estimulada,votos totais,BR-04099/2022,BR-06743/2022,5926,2,2,27213,cenário 1 - estimulada - 1º turno,não sabe,N/A,1,nao_sabe,2,nao sabe,0.02,nao sabe,,1,nao sabe,nao_sabe,0.93,,
10556,2022,1,Datafolha,Folha de S. Paulo e Grupo Globo,2022-09-15,2022-09-15,17,estimulada,votos totais,BR-04099/2022,BR-02736/2022,5926,2,2,27213,cenário 1 - estimulada - 1º turno,Eymael,DC,0,candidato,0,eymael,0,jose maria eymael,0.000140438,1,eymael,candidato,0.93,0,-0.000140438
10556,2022,1,Datafolha,Folha de S. Paulo e Grupo Globo,2022-09-15,2022-09-15,17,estimulada,votos totais,BR-04099/2022,BR-07940/2022,5926,2,2,27213,cenário 1 - estimulada - 1º turno,Soraya Thronicke,União Brasil,0,candidato,2,soraya thronicke,0.02,soraya vieira thronicke,0.005082944,1,soraya thronicke,candidato,0.93,0.021505376,0.016422433
10556,2022,1,Datafolha,Folha de S. Paulo e Grupo Globo,2022-09-15,2022-09-15,17,estimulada,votos totais,BR-04099/2022,BR-08263/2022,5926,2,2,27213,cenário 1 - estimulada - 1º turno,Simone Tebet,MDB,0,candidato,5,simone tebet,0.05,simone nassar tebet,0.04157519,1,simone tebet,candidato,0.93,0.053763441,0.012188251
10556,2022,1,Datafolha,Folha de S. Paulo e Grupo Globo,2022-09-15,2022-09-15,17,estimulada,votos totais,BR-04099/2022,BR-02853/2022,5926,2,2,27213,cenário 1 - estimulada - 1º turno,Sofia Manzano,PCB,0,candidato,0,sofia manzano,0,sofia padua manzano,0.000385859,1,sofia manzano,candidato,0.93,0,-0.000385859
10556,2022,2,Datafolha,Folha de S. Paulo e Grupo Globo,2022-09-15,2022-09-15,45,estimulada,votos totais,BR-04099/2022,BR-07106/2022,5926,2,2,27214,cenário 1 - estimulada - 2º turno,Lula,PT,0,candidato,54,lula,0.54,luiz inacio lula da silva,0.509024051,2,lula,candidato,0.92,0.586956522,0.077932471
10556,2022,2,Datafolha,Folha de S. Paulo e Grupo Globo,2022-09-15,2022-09-15,45,estimulada,votos totais,BR-04099/2022,BR-07942/2022,5926,2,2,27214,cenário 1 - estimulada - 2º turno,brancos / nulos,N/A,1,branco_nulo,7,brancos nulos,0.07,brancos nulos,,2,brancos nulos,branco_nulo,0.92,,
10556,2022,2,Datafolha,Folha de S. Paulo e Grupo Globo,2022-09-15,2022-09-15,45,estimulada,votos totais,BR-04099/2022,BR-06280/2022,5926,2,2,27214,cenário 1 - estimulada - 2º turno,Bolsonaro,PL,0,candidato,38,bolsonaro,0.38,jair messias bolsonaro,0.490975949,2,bolsonaro,candidato,0.92,0.413043478,-0.077932471
10556,2022,2,Datafolha,Folha de S. Paulo e Grupo Globo,2022-09-15,2022-09-15,45,estimulada,votos totais,BR-04099/2022,BR-04387/2022,5926,2,2,27214,cenário 1 - estimulada - 2º turno,não sabe,N/A,1,nao_sabe,2,nao sabe,0.02,nao sabe,,2,nao sabe,nao_sabe,0.92,,
10444,2022,1,Ipespe,Ipespe,2022-09-01,2022-08-30,33,estimulada,votos totais,BR-09344/2022,BR-08523/2022,1100,3,3,26974,cenário 1 - estimulada - 1º turno,nenhum / brancos / nulos,N/A,1,branco_nulo,3,nenhum brancos nulos,0.03,nenhum brancos nulos,,1,nenhum brancos nulos,branco_nulo,0.95,,
10444,2022,1,Ipespe,Ipespe,2022-09-01,2022-08-30,33,estimulada,votos totais,BR-09344/2022,BR-00470/2022,1100,3,3,26974,cenário 1 - estimulada - 1º turno,Pablo Marçal,PROS,0,candidato,0,pablo marcal,0,pablo marcal,,1,pablo marcal,candidato,0.95,,
10444,2022,1,Ipespe,Ipespe,2022-09-01,2022-08-30,33,estimulada,votos totais,BR-09344/2022,BR-07903/2022,1100,3,3,26974,cenário 1 - estimulada - 1º turno,Lula,PT,0,candidato,44,lula,0.44,luiz inacio lula da silva,0.484307199,1,lula,candidato,0.95,0.463157895,-0.021149304
10444,2022,1,Ipespe,Ipespe,2022-09-01,2022-08-30,33,estimulada,votos totais,BR-09344/2022,BR-05765/2022,1100,3,3,26974,cenário 1 - estimulada - 1º turno,Simone Tebet,MDB,0,candidato,5,simone tebet,0.05,simone nassar tebet,0.04157519,1,simone tebet,candidato,0.95,0.052631579,0.011056389
10444,2022,1,Ipespe,Ipespe,2022-09-01,2022-08-30,33,estimulada,votos totais,BR-09344/2022,BR-08297/2022,1100,3,3,26974,cenário 1 - estimulada - 1º turno,Eymael,DC,0,candidato,0,eymael,0,jose maria eymael,0.000140438,1,eymael,candidato,0.95,0,-0.000140438
10444,2022,1,Ipespe,Ipespe,2022-09-01,2022-08-30,33,estimulada,votos totais,BR-09344/2022,BR-05757/2022,1100,3,3,26974,cenário 1 - estimulada - 1º turno,Sofia Manzano,PCB,0,candidato,0,sofia manzano,0,sofia padua manzano,0.000385859,1,sofia manzano,candidato,0.95,0,-0.000385859
10444,2022,1,Ipespe,Ipespe,2022-09-01,2022-08-30,33,estimulada,votos totais,BR-09344/2022,BR-00950/2022,1100,3,3,26974,cenário 1 - estimulada - 1º turno,Soraya Thronicke,União Brasil,0,candidato,1,soraya thronicke,0.01,soraya vieira thronicke,0.005082944,1,soraya thronicke,candidato,0.95,0.010526316,0.005443372
10444,2022,1,Ipespe,Ipespe,2022-09-01,2022-08-30,33,estimulada,votos totais,BR-09344/2022,BR-06984/2022,1100,3,3,26974,cenário 1 - estimulada - 1º turno,Vera Lúcia Salgado,PSTU,0,candidato,0,vera lucia salgado,0,vera lucia pereira da silva salgado,0.000216739,1,vera lucia salgado,candidato,0.95,0,-0.000216739
10444,2022,1,Ipespe,Ipespe,2022-09-01,2022-08-30,33,estimulada,votos totais,BR-09344/2022,BR-02944/2022,1100,3,3,26974,cenário 1 - estimulada - 1º turno,Luiz Felipe d'Avila,NOVO,0,candidato,1,luiz felipe davila,0.01,luiz felipe chaves d avila,0.004734072,1,luiz felipe davila,candidato,0.95,0.010526316,0.005792244
10444,2022,1,Ipespe,Ipespe,2022-09-01,2022-08-30,33,estimulada,votos totais,BR-09344/2022,BR-05514/2022,1100,3,3,26974,cenário 1 - estimulada - 1º turno,Ciro,PDT,0,candidato,9,ciro,0.09,ciro ferreira gomes,0.030443166,1,ciro,candidato,0.95,0.094736842,0.064293676
10444,2022,1,Ipespe,Ipespe,2022-09-01,2022-08-30,33,estimulada,votos totais,BR-09344/2022,BR-01820/2022,1100,3,3,26974,cenário 1 - estimulada - 1º turno,Roberto Jefferson,PTB,0,candidato,0,roberto jefferson,0,roberto jefferson,,1,roberto jefferson,candidato,0.95,,
10444,2022,1,Ipespe,Ipespe,2022-09-01,2022-08-30,33,estimulada,votos totais,BR-09344/2022,BR-01560/2022,1100,3,3,26974,cenário 1 - estimulada - 1º turno,Leonardo Péricles,UP,0,candidato,0,leonardo pericles,0,leonardo pericles vieira roque,0.00045267,1,leonardo pericles,candidato,0.95,0,-0.00045267
10444,2022,1,Ipespe,Ipespe,2022-09-01,2022-08-30,33,estimulada,votos totais,BR-09344/2022,BR-08398/2022,1100,3,3,26974,cenário 1 - estimulada - 1º turno,Bolsonaro,PL,0,candidato,35,bolsonaro,0.35,jair messias bolsonaro,0.431975526,1,bolsonaro,candidato,0.95,0.368421053,-0.063554473
10444,2022,1,Ipespe,Ipespe,2022-09-01,2022-08-30,33,estimulada,votos totais,BR-09344/2022,BR-02548/2022,1100,3,3,26974,cenário 1 - estimulada - 1º turno,não sabem / não responderam,N/A,1,nao_sabe,2,nao sabem nao responderam,0.02,nao sabem nao responderam,,1,nao sabem nao responderam,nao_sabe,0.95,,
10444,2022,2,Ipespe,Ipespe,2022-09-01,2022-08-30,61,estimulada,votos totais,BR-09344/2022,BR-06922/2022,1100,3,3,26975,cenário 1 - estimulada - 2º turno,Lula,PT,0,candidato,53,lula,0.53,luiz inacio lula da silva,0.509024051,2,lula,candidato,0.91,0.582417582,0.073393531
10444,2022,2,Ipespe,Ipespe,2022-09-01,2022-08-30,61,estimulada,votos totais,BR-09344/2022,BR-03760/2022,1100,3,3,26975,cenário 1 - estimulada - 2º turno,Bolsonaro,PL,0,candidato,38,bolsonaro,0.38,jair messias bolsonaro,0.490975949,2,bolsonaro,candidato,0.91,0.417582418,-0.073393531
10444,2022,2,Ipespe,Ipespe,2022-09-01,2022-08-30,61,estimulada,votos totais,BR-09344/2022,BR-02955/2022,1100,3,3,26975,cenário 1 - estimulada - 2º turno,nenhum / brancos / nulos,N/A,1,branco_nulo,7,nenhum brancos nulos,0.07,nenhum brancos nulos,,2,nenhum brancos nulos,branco_nulo,0.91,,
10444,2022,2,Ipespe,Ipespe,2022-09-01,2022-08-30,61,estimulada,votos totais,BR-09344/2022,BR-00407/2022,1100,3,3,26975,cenário 1 - estimulada - 2º turno,não sabem / não responderam,N/A,1,nao_sabe,2,nao sabem nao responderam,0.02,nao sabem nao responderam,,2,nao sabem nao responderam,nao_sabe,0.91,,
10500,2022,1,Ipespe,Ipespe,2022-09-09,2022-09-09,23,estimulada,votos totais,BR-07606/2022,BR-01204/2022,1100,3,3,27094,cenário 1 - estimulado - 1º turno,Eymael,DC,0,candidato,0,eymael,0,jose maria eymael,0.000140438,1,eymael,candidato,0.95,0,-0.000140438
10500,2022,1,Ipespe,Ipespe,2022-09-09,2022-09-09,23,estimulada,votos totais,BR-07606/2022,BR-09102/2022,1100,3,3,27094,cenário 1 - estimulado - 1º turno,Lula,PT,0,candidato,44,lula,0.44,luiz inacio lula da silva,0.484307199,1,lula,candidato,0.95,0.463157895,-0.021149304
10500,2022,1,Ipespe,Ipespe,2022-09-09,2022-09-09,23,estimulada,votos totais,BR-07606/2022,BR-02322/2022,1100,3,3,27094,cenário 1 - estimulado - 1º turno,nenhum / brancos / nulos,N/A,1,branco_nulo,3,nenhum brancos nulos,0.03,nenhum brancos nulos,,1,nenhum brancos nulos,branco_nulo,0.95,,
10500,2022,1,Ipespe,Ipespe,2022-09-09,2022-09-09,23,estimulada,votos totais,BR-07606/2022,BR-05418/2022,1100,3,3,27094,cenário 1 - estimulado - 1º turno,Padre Kelmon,PTB,0,candidato,0,padre kelmon,0,kelmon luis da silva souza,0.000686198,1,padre kelmon,candidato,0.95,0,-0.000686198
10500,2022,1,Ipespe,Ipespe,2022-09-09,2022-09-09,23,estimulada,votos totais,BR-07606/2022,BR-04180/2022,1100,3,3,27094,cenário 1 - estimulado - 1º turno,não sabem / não responderam,N/A,1,nao_sabe,2,nao sabem nao responderam,0.02,nao sabem nao responderam,,1,nao sabem nao responderam,nao_sabe,0.95,,
10500,2022,1,Ipespe,Ipespe,2022-09-09,2022-09-09,23,estimulada,votos totais,BR-07606/2022,BR-00433/2022,1100,3,3,27094,cenário 1 - estimulado - 1º turno,Leonardo Péricles,UP,0,candidato,0,leonardo pericles,0,leonardo pericles vieira roque,0.00045267,1,leonardo pericles,candidato,0.95,0,-0.00045267
10500,2022,1,Ipespe,Ipespe,2022-09-09,2022-09-09,23,estimulada,votos totais,BR-07606/2022,BR-05955/2022,1100,3,3,27094,cenário 1 - estimulado - 1º turno,Luiz Felipe d'Avila,NOVO,0,candidato,1,luiz felipe davila,0.01,luiz felipe chaves d avila,0.004734072,1,luiz felipe davila,candidato,0.95,0.010526316,0.005792244
10500,2022,1,Ipespe,Ipespe,2022-09-09,2022-09-09,23,estimulada,votos totais,BR-07606/2022,BR-02495/2022,1100,3,3,27094,cenário 1 - estimulado - 1º turno,Simone Tebet,MDB,0,candidato,5,simone tebet,0.05,simone nassar tebet,0.04157519,1,simone tebet,candidato,0.95,0.052631579,0.011056389
10500,2022,1,Ipespe,Ipespe,2022-09-09,2022-09-09,23,estimulada,votos totais,BR-07606/2022,BR-02845/2022,1100,3,3,27094,cenário 1 - estimulado - 1º turno,Ciro,PDT,0,candidato,8,ciro,0.08,ciro ferreira gomes,0.030443166,1,ciro,candidato,0.95,0.084210526,0.05376736
10500,2022,1,Ipespe,Ipespe,2022-09-09,2022-09-09,23,estimulada,votos totais,BR-07606/2022,BR-09608/2022,1100,3,3,27094,cenário 1 - estimulado - 1º turno,Vera Lúcia Salgado,PSTU,0,candidato,0,vera lucia salgado,0,vera lucia pereira da silva salgado,0.000216739,1,vera lucia salgado,candidato,0.95,0,-0.000216739
10500,2022,1,Ipespe,Ipespe,2022-09-09,2022-09-09,23,estimulada,votos totais,BR-07606/2022,BR-02405/2022,1100,3,3,27094,cenário 1 - estimulado - 1º turno,Soraya Thronicke,União Brasil,0,candidato,1,soraya thronicke,0.01,soraya vieira thronicke,0.005082944,1,soraya thronicke,candidato,0.95,0.010526316,0.005443372
10500,2022,1,Ipespe,Ipespe,2022-09-09,2022-09-09,23,estimulada,votos totais,BR-07606/2022,BR-09782/2022,1100,3,3,27094,cenário 1 - estimulado - 1º turno,Bolsonaro,PL,0,candidato,36,bolsonaro,0.36,jair messias bolsonaro,0.431975526,1,bolsonaro,candidato,0.95,0.378947368,-0.053028157
10500,2022,2,Ipespe,Ipespe,2022-09-09,2022-09-09,51,estimulada,votos totais,BR-07606/2022,BR-00053/2022,1100,3,3,27095,cenário 1 - estimulado - 2º turno,nenhum / brancos / nulos,N/A,1,branco_nulo,7,nenhum brancos nulos,0.07,nenhum brancos nulos,,2,nenhum brancos nulos,branco_nulo,0.91,,
10500,2022,2,Ipespe,Ipespe,2022-09-09,2022-09-09,51,estimulada,votos totais,BR-07606/2022,BR-01570/2022,1100,3,3,27095,cenário 1 - estimulado - 2º turno,não sabem / não responderam,N/A,1,nao_sabe,2,nao sabem nao responderam,0.02,nao sabem nao responderam,,2,nao sabem nao responderam,nao_sabe,0.91,,
10500,2022,2,Ipespe,Ipespe,2022-09-09,2022-09-09,51,estimulada,votos totais,BR-07606/2022,BR-04724/2022,1100,3,3,27095,cenário 1 - estimulado - 2º turno,Bolsonaro,PL,0,candidato,39,bolsonaro,0.39,jair messias bolsonaro,0.490975949,2,bolsonaro,candidato,0.91,0.428571429,-0.06240452
10500,2022,2,Ipespe,Ipespe,2022-09-09,2022-09-09,51,estimulada,votos totais,BR-07606/2022,BR-00835/2022,1100,3,3,27095,cenário 1 - estimulado - 2º turno,Lula,PT,0,candidato,52,lula,0.52,luiz inacio lula da silva,0.509024051,2,lula,candidato,0.91,0.571428571,0.06240452
10579,2022,1,Ipespe,Ipespe,2022-09-16,2022-09-16,16,estimulada,votos totais,BR-08883/2022,BR-06661/2022,1100,3,3,27264,cenário 1 - estimulada - 1º turno,Luiz Felipe d'Avila,NOVO,0,candidato,1,luiz felipe davila,0.01,luiz felipe chaves d avila,0.004734072,1,luiz felipe davila,candidato,0.94,0.010638298,0.005904226
10579,2022,1,Ipespe,Ipespe,2022-09-16,2022-09-16,16,estimulada,votos totais,BR-08883/2022,BR-00368/2022,1100,3,3,27264,cenário 1 - estimulada - 1º turno,Vera Lúcia Salgado,PSTU,0,candidato,0,vera lucia salgado,0,vera lucia pereira da silva salgado,0.000216739,1,vera lucia salgado,candidato,0.94,0,-0.000216739
10579,2022,1,Ipespe,Ipespe,2022-09-16,2022-09-16,16,estimulada,votos totais,BR-08883/2022,BR-07167/2022,1100,3,3,27264,cenário 1 - estimulada - 1º turno,Eymael,DC,0,candidato,0,eymael,0,jose maria eymael,0.000140438,1,eymael,candidato,0.94,0,-0.000140438
10579,2022,1,Ipespe,Ipespe,2022-09-16,2022-09-16,16,estimulada,votos totais,BR-08883/2022,BR-08423/2022,1100,3,3,27264,cenário 1 - estimulada - 1º turno,Ciro,PDT,0,candidato,7,ciro,0.07,ciro ferreira gomes,0.030443166,1,ciro,candidato,0.94,0.074468085,0.044024919
10579,2022,1,Ipespe,Ipespe,2022-09-16,2022-09-16,16,estimulada,votos totais,BR-08883/2022,BR-06764/2022,1100,3,3,27264,cenário 1 - estimulada - 1º turno,Soraya Thronicke,União Brasil,0,candidato,1,soraya thronicke,0.01,soraya vieira thronicke,0.005082944,1,soraya thronicke,candidato,0.94,0.010638298,0.005555354
10579,2022,1,Ipespe,Ipespe,2022-09-16,2022-09-16,16,estimulada,votos totais,BR-08883/2022,BR-05638/2022,1100,3,3,27264,cenário 1 - estimulada - 1º turno,Simone Tebet,MDB,0,candidato,5,simone tebet,0.05,simone nassar tebet,0.04157519,1,simone tebet,candidato,0.94,0.053191489,0.0116163
10579,2022,1,Ipespe,Ipespe,2022-09-16,2022-09-16,16,estimulada,votos totais,BR-08883/2022,BR-01975/2022,1100,3,3,27264,cenário 1 - estimulada - 1º turno,Sofia Manzano,PCB,0,candidato,0,sofia manzano,0,sofia padua manzano,0.000385859,1,sofia manzano,candidato,0.94,0,-0.000385859
10579,2022,1,Ipespe,Ipespe,2022-09-16,2022-09-16,16,estimulada,votos totais,BR-08883/2022,BR-07003/2022,1100,3,3,27264,cenário 1 - estimulada - 1º turno,não sabem / não responderam,N/A,1,nao_sabe,2,nao sabem nao responderam,0.02,nao sabem nao responderam,,1,nao sabem nao responderam,nao_sabe,0.94,,
10579,2022,1,Ipespe,Ipespe,2022-09-16,2022-09-16,16,estimulada,votos totais,BR-08883/2022,BR-06550/2022,1100,3,3,27264,cenário 1 - estimulada - 1º turno,Leonardo Péricles,UP,0,candidato,0,leonardo pericles,0,leonardo pericles vieira roque,0.00045267,1,leonardo pericles,candidato,0.94,0,-0.00045267
10579,2022,1,Ipespe,Ipespe,2022-09-16,2022-09-16,16,estimulada,votos totais,BR-08883/2022,BR-07122/2022,1100,3,3,27264,cenário 1 - estimulada - 1º turno,Bolsonaro,PL,0,candidato,35,bolsonaro,0.35,jair messias bolsonaro,0.431975526,1,bolsonaro,candidato,0.94,0.372340426,-0.0596351
10579,2022,1,Ipespe,Ipespe,2022-09-16,2022-09-16,16,estimulada,votos totais,BR-08883/2022,BR-09404/2022,1100,3,3,27264,cenário 1 - estimulada - 1º turno,Padre Kelmon,PTB,0,candidato,0,padre kelmon,0,kelmon luis da silva souza,0.000686198,1,padre kelmon,candidato,0.94,0,-0.000686198
10579,2022,1,Ipespe,Ipespe,2022-09-16,2022-09-16,16,estimulada,votos totais,BR-08883/2022,BR-02018/2022,1100,3,3,27264,cenário 1 - estimulada - 1º turno,Lula,PT,0,candidato,45,lula,0.45,luiz inacio lula da silva,0.484307199,1,lula,candidato,0.94,0.478723404,-0.005583794
10579,2022,1,Ipespe,Ipespe,2022-09-16,2022-09-16,16,estimulada,votos totais,BR-08883/2022,BR-04920/2022,1100,3,3,27264,cenário 1 - estimulada - 1º turno,nenhum / brancos / nulos,N/A,1,branco_nulo,3,nenhum brancos nulos,0.03,nenhum brancos nulos,,1,nenhum brancos nulos,branco_nulo,0.94,,
10579,2022,2,Ipespe,Ipespe,2022-09-16,2022-09-16,44,estimulada,votos totais,BR-08883/2022,BR-06580/2022,1100,3,3,27265,cenário 1 - estimulada - 2º turno,Bolsonaro,PL,0,candidato,38,bolsonaro,0.38,jair messias bolsonaro,0.490975949,2,bolsonaro,candidato,0.91,0.417582418,-0.073393531
10579,2022,2,Ipespe,Ipespe,2022-09-16,2022-09-16,44,estimulada,votos totais,BR-08883/2022,BR-00073/2022,1100,3,3,27265,cenário 1 - estimulada - 2º turno,nenhum / brancos / nulos,N/A,1,branco_nulo,6,nenhum brancos nulos,0.06,nenhum brancos nulos,,2,nenhum brancos nulos,branco_nulo,0.91,,
10579,2022,2,Ipespe,Ipespe,2022-09-16,2022-09-16,44,estimulada,votos totais,BR-08883/2022,BR-01640/2022,1100,3,3,27265,cenário 1 - estimulada - 2º turno,não sabem / não responderam,N/A,1,nao_sabe,3,nao sabem nao responderam,0.03,nao sabem nao responderam,,2,nao sabem nao responderam,nao_sabe,0.91,,
10579,2022,2,Ipespe,Ipespe,2022-09-16,2022-09-16,44,estimulada,votos totais,BR-08883/2022,BR-00999/2022,1100,3,3,27265,cenário 1 - estimulada - 2º turno,Lula,PT,0,candidato,53,lula,0.53,luiz inacio lula da silva,0.509024051,2,lula,candidato,0.91,0.582417582,0.073393531
10908,2022,2,Ipespe,Abrapel,2022-09-30,2022-09-30,30,estimulada,votos totais,BR-05007/2022,BR-02707/2022,1100,3,3,27940,cenário 1 - estimulado - 2º turno,nenhum / brancos / nulos,N/A,1,branco_nulo,6,nenhum brancos nulos,0.06,nenhum brancos nulos,,2,nenhum brancos nulos,branco_nulo,0.93,,
10908,2022,2,Ipespe,Abrapel,2022-09-30,2022-09-30,30,estimulada,votos totais,BR-05007/2022,BR-06043/2022,1100,3,3,27940,cenário 1 - estimulado - 2º turno,Lula,PT,0,candidato,55,lula,0.55,luiz inacio lula da silva,0.509024051,2,lula,candidato,0.93,0.591397849,0.082373798
10908,2022,2,Ipespe,Abrapel,2022-09-30,2022-09-30,30,estimulada,votos totais,BR-05007/2022,BR-02012/2022,1100,3,3,27940,cenário 1 - estimulado - 2º turno,não sabem / não responderam,N/A,1,nao_sabe,1,nao sabem nao responderam,0.01,nao sabem nao responderam,,2,nao sabem nao responderam,nao_sabe,0.93,,
10908,2022,2,Ipespe,Abrapel,2022-09-30,2022-09-30,30,estimulada,votos totais,BR-05007/2022,BR-09241/2022,1100,3,3,27940,cenário 1 - estimulado - 2º turno,Bolsonaro,PL,0,candidato,38,bolsonaro,0.38,jair messias bolsonaro,0.490975949,2,bolsonaro,candidato,0.93,0.408602151,-0.082373798
11031,2022,2,Ipespe,Abrapel,2022-10-10,2022-10-10,20,estimulada,votos totais,BR-01120/2022,BR-08917/2022,1100,3,3,28132,cenário 1 - estimulado - 2º turno,Lula,PT,0,candidato,50,lula,0.5,luiz inacio lula da silva,0.509024051,2,lula,candidato,0.93,0.537634409,0.028610357
11031,2022,2,Ipespe,Abrapel,2022-10-10,2022-10-10,20,estimulada,votos totais,BR-01120/2022,BR-01159/2022,1100,3,3,28132,cenário 1 - estimulado - 2º turno,não sabem / não responderam,N/A,1,nao_sabe,2,nao sabem nao responderam,0.02,nao sabem nao responderam,,2,nao sabem nao responderam,nao_sabe,0.93,,
11031,2022,2,Ipespe,Abrapel,2022-10-10,2022-10-10,20,estimulada,votos totais,BR-01120/2022,BR-06682/2022,1100,3,3,28132,cenário 1 - estimulado - 2º turno,nenhum / brancos / nulos,N/A,1,branco_nulo,4,nenhum brancos nulos,0.04,nenhum brancos nulos,,2,nenhum brancos nulos,branco_nulo,0.93,,
11031,2022,2,Ipespe,Abrapel,2022-10-10,2022-10-10,20,estimulada,votos totais,BR-01120/2022,BR-08065/2022,1100,3,3,28132,cenário 1 - estimulado - 2º turno,Bolsonaro,PL,0,candidato,43,bolsonaro,0.43,jair messias bolsonaro,0.490975949,2,bolsonaro,candidato,0.93,0.462365591,-0.028610357
11078,2022,2,Ipespe,Ipespe,2022-10-18,2022-10-18,12,estimulada,votos totais,BR-06307/2022,BR-09408/2022,1100,3,3,28202,cenário 1 - estimulada - 2º turno,nenhum / brancos / nulos,N/A,1,branco_nulo,6,nenhum brancos nulos,0.06,nenhum brancos nulos,,2,nenhum brancos nulos,branco_nulo,0.92,,
11078,2022,2,Ipespe,Ipespe,2022-10-18,2022-10-18,12,estimulada,votos totais,BR-06307/2022,BR-05251/2022,1100,3,3,28202,cenário 1 - estimulada - 2º turno,Bolsonaro,PL,0,candidato,43,bolsonaro,0.43,jair messias bolsonaro,0.490975949,2,bolsonaro,candidato,0.92,0.467391304,-0.023584644
11078,2022,2,Ipespe,Ipespe,2022-10-18,2022-10-18,12,estimulada,votos totais,BR-06307/2022,BR-03138/2022,1100,3,3,28202,cenário 1 - estimulada - 2º turno,Lula,PT,0,candidato,49,lula,0.49,luiz inacio lula da silva,0.509024051,2,lula,candidato,0.92,0.532608696,0.023584644
11078,2022,2,Ipespe,Ipespe,2022-10-18,2022-10-18,12,estimulada,votos totais,BR-06307/2022,BR-03492/2022,1100,3,3,28202,cenário 1 - estimulada - 2º turno,não sabem / não responderam,N/A,1,nao_sabe,2,nao sabem nao responderam,0.02,nao sabem nao responderam,,2,nao sabem nao responderam,nao_sabe,0.92,,
11127,2022,2,Ipespe,Ipespe,2022-10-24,2022-10-24,6,estimulada,votos totais,BR-08044/2022,BR-09446/2022,1100,3,3,28275,cenário 1 - estimulado - 2º turno,nenhum / brancos / nulos,N/A,1,branco_nulo,4,nenhum brancos nulos,0.04,nenhum brancos nulos,,2,nenhum brancos nulos,branco_nulo,0.94,,
11127,2022,2,Ipespe,Ipespe,2022-10-24,2022-10-24,6,estimulada,votos totais,BR-08044/2022,BR-05388/2022,1100,3,3,28275,cenário 1 - estimulado - 2º turno,não sabem / não responderam,N/A,1,nao_sabe,2,nao sabem nao responderam,0.02,nao sabem nao responderam,,2,nao sabem nao responderam,nao_sabe,0.94,,
11127,2022,2,Ipespe,Ipespe,2022-10-24,2022-10-24,6,estimulada,votos totais,BR-08044/2022,BR-09417/2022,1100,3,3,28275,cenário 1 - estimulado - 2º turno,Bolsonaro,PL,0,candidato,44,bolsonaro,0.44,jair messias bolsonaro,0.490975949,2,bolsonaro,candidato,0.94,0.468085106,-0.022890842
11127,2022,2,Ipespe,Ipespe,2022-10-24,2022-10-24,6,estimulada,votos totais,BR-08044/2022,BR-03928/2022,1100,3,3,28275,cenário 1 - estimulado - 2º turno,Lula,PT,0,candidato,50,lula,0.5,luiz inacio lula da silva,0.509024051,2,lula,candidato,0.94,0.531914894,0.022890842
10908,2022,1,Ipespe,Abrapel,2022-09-30,2022-09-30,2,estimulada,votos totais,BR-05007/2022,BR-07917/2022,1100,3,3,28327,cenário 1 - estimulada - 1º turno,Bolsonaro,PL,0,candidato,33,bolsonaro,0.33,jair messias bolsonaro,0.431975526,1,bolsonaro,candidato,0.94,0.35106383,-0.080911696
10908,2022,1,Ipespe,Abrapel,2022-09-30,2022-09-30,2,estimulada,votos totais,BR-05007/2022,BR-08438/2022,1100,3,3,28327,cenário 1 - estimulada - 1º turno,Eymael,DC,0,candidato,0,eymael,0,jose maria eymael,0.000140438,1,eymael,candidato,0.94,0,-0.000140438
10908,2022,1,Ipespe,Abrapel,2022-09-30,2022-09-30,2,estimulada,votos totais,BR-05007/2022,BR-02276/2022,1100,3,3,28327,cenário 1 - estimulada - 1º turno,Leonardo Péricles,UP,0,candidato,0,leonardo pericles,0,leonardo pericles vieira roque,0.00045267,1,leonardo pericles,candidato,0.94,0,-0.00045267
10908,2022,1,Ipespe,Abrapel,2022-09-30,2022-09-30,2,estimulada,votos totais,BR-05007/2022,BR-00525/2022,1100,3,3,28327,cenário 1 - estimulada - 1º turno,não sabem / não responderam,N/A,1,nao_sabe,1,nao sabem nao responderam,0.01,nao sabem nao responderam,,1,nao sabem nao responderam,nao_sabe,0.94,,
10908,2022,1,Ipespe,Abrapel,2022-09-30,2022-09-30,2,estimulada,votos totais,BR-05007/2022,BR-09479/2022,1100,3,3,28327,cenário 1 - estimulada - 1º turno,Luiz Felipe d'Avila,NOVO,0,candidato,0,luiz felipe davila,0,luiz felipe chaves d avila,0.004734072,1,luiz felipe davila,candidato,0.94,0,-0.004734072
10908,2022,1,Ipespe,Abrapel,2022-09-30,2022-09-30,2,estimulada,votos totais,BR-05007/2022,BR-01426/2022,1100,3,3,28327,cenário 1 - estimulada - 1º turno,Sofia Manzano,PCB,0,candidato,0,sofia manzano,0,sofia padua manzano,0.000385859,1,sofia manzano,candidato,0.94,0,-0.000385859
10908,2022,1,Ipespe,Abrapel,2022-09-30,2022-09-30,2,estimulada,votos totais,BR-05007/2022,BR-01318/2022,1100,3,3,28327,cenário 1 - estimulada - 1º turno,Ciro,PDT,0,candidato,7,ciro,0.07,ciro ferreira gomes,0.030443166,1,ciro,candidato,0.94,0.074468085,0.044024919
10908,2022,1,Ipespe,Abrapel,2022-09-30,2022-09-30,2,estimulada,votos totais,BR-05007/2022,BR-06012/2022,1100,3,3,28327,cenário 1 - estimulada - 1º turno,Lula,PT,0,candidato,46,lula,0.46,luiz inacio lula da silva,0.484307199,1,lula,candidato,0.94,0.489361702,0.005054504
10908,2022,1,Ipespe,Abrapel,2022-09-30,2022-09-30,2,estimulada,votos totais,BR-05007/2022,BR-06415/2022,1100,3,3,28327,cenário 1 - estimulada - 1º turno,Vera Lúcia Salgado,PSTU,0,candidato,0,vera lucia salgado,0,vera lucia pereira da silva salgado,0.000216739,1,vera lucia salgado,candidato,0.94,0,-0.000216739
10908,2022,1,Ipespe,Abrapel,2022-09-30,2022-09-30,2,estimulada,votos totais,BR-05007/2022,BR-04850/2022,1100,3,3,28327,cenário 1 - estimulada - 1º turno,Simone Tebet,MDB,0,candidato,6,simone tebet,0.06,simone nassar tebet,0.04157519,1,simone tebet,candidato,0.94,0.063829787,0.022254597
10908,2022,1,Ipespe,Abrapel,2022-09-30,2022-09-30,2,estimulada,votos totais,BR-05007/2022,BR-02714/2022,1100,3,3,28327,cenário 1 - estimulada - 1º turno,Soraya Thronicke,União Brasil,0,candidato,1,soraya thronicke,0.01,soraya vieira thronicke,0.005082944,1,soraya thronicke,candidato,0.94,0.010638298,0.005555354
10908,2022,1,Ipespe,Abrapel,2022-09-30,2022-09-30,2,estimulada,votos totais,BR-05007/2022,BR-00922/2022,1100,3,3,28327,cenário 1 - estimulada - 1º turno,Padre Kelmon,PTB,0,candidato,1,padre kelmon,0.01,kelmon luis da silva souza,0.000686198,1,padre kelmon,candidato,0.94,0.010638298,0.0099521
10908,2022,1,Ipespe,Abrapel,2022-09-30,2022-09-30,2,estimulada,votos totais,BR-05007/2022,BR-01390/2022,1100,3,3,28327,cenário 1 - estimulada - 1º turno,nenhum / brancos / nulos,N/A,1,branco_nulo,3,nenhum brancos nulos,0.03,nenhum brancos nulos,,1,nenhum brancos nulos,branco_nulo,0.94,,
9754,2022,2,AtlasIntel/Internet,,2021-11-29,2021-11-29,335,estimulada,votos totais,,BR-01682/2022,4401,1,1,24596,cenário 1 - estimulado - 2º turno,branco / nulo / não sabe / não respondeu,N/A,1,nao_sabe,13.5,branco nulo nao sabe nao respondeu,0.135,branco nulo nao sabe nao respondeu,,2,branco nulo nao sabe nao respondeu,nao_sabe,0.865,,
9754,2022,2,AtlasIntel/Internet,,2021-11-29,2021-11-29,335,estimulada,votos totais,,BR-05256/2022,4401,1,1,24596,cenário 1 - estimulado - 2º turno,Bolsonaro,PL,0,candidato,36,bolsonaro,0.36,jair messias bolsonaro,0.490975949,2,bolsonaro,candidato,0.865,0.416184971,-0.074790978
9754,2022,2,AtlasIntel/Internet,,2021-11-29,2021-11-29,335,estimulada,votos totais,,BR-03033/2022,4401,1,1,24596,cenário 1 - estimulado - 2º turno,Lula,PT,0,candidato,50.5,lula,0.505,luiz inacio lula da silva,0.509024051,2,lula,candidato,0.865,0.583815029,0.074790978
10340,2022,1,AtlasIntel/Internet,Arko Advice,2022-08-24,2022-08-24,39,estimulada,votos totais,BR-00848/2022,BR-04043/2022,7475,1,1,26706,cenário 1 - estimulada - 1º turno,Sofia Manzano,PCB,0,candidato,0.2,sofia manzano,0.002,sofia padua manzano,0.000385859,1,sofia manzano,candidato,0.966,0.002070393,0.001684534
10340,2022,1,AtlasIntel/Internet,Arko Advice,2022-08-24,2022-08-24,39,estimulada,votos totais,BR-00848/2022,BR-01527/2022,7475,1,1,26706,cenário 1 - estimulada - 1º turno,Bolsonaro,PL,0,candidato,38.3,bolsonaro,0.383,jair messias bolsonaro,0.431975526,1,bolsonaro,candidato,0.966,0.396480331,-0.035495194
10340,2022,1,AtlasIntel/Internet,Arko Advice,2022-08-24,2022-08-24,39,estimulada,votos totais,BR-00848/2022,BR-00580/2022,7475,1,1,26706,cenário 1 - estimulada - 1º turno,branco / nulo / indeciso,N/A,1,nao_sabe,1.9,branco nulo indeciso,0.019,branco nulo indeciso,,1,branco nulo indeciso,branco_nulo,0.966,,
10340,2022,1,AtlasIntel/Internet,Arko Advice,2022-08-24,2022-08-24,39,estimulada,votos totais,BR-00848/2022,BR-05389/2022,7475,1,1,26706,cenário 1 - estimulada - 1º turno,Soraya Thronicke,União Brasil,0,candidato,0.1,soraya thronicke,0.001,soraya vieira thronicke,0.005082944,1,soraya thronicke,candidato,0.966,0.001035197,-0.004047747
10340,2022,1,AtlasIntel/Internet,Arko Advice,2022-08-24,2022-08-24,39,estimulada,votos totais,BR-00848/2022,BR-08487/2022,7475,1,1,26706,cenário 1 - estimulada - 1º turno,Eymael,DC,0,candidato,0.1,eymael,0.001,jose maria eymael,0.000140438,1,eymael,candidato,0.966,0.001035197,0.000894758
10340,2022,1,AtlasIntel/Internet,Arko Advice,2022-08-24,2022-08-24,39,estimulada,votos totais,BR-00848/2022,BR-08584/2022,7475,1,1,26706,cenário 1 - estimulada - 1º turno,Pablo Marçal,PROS,0,candidato,1.5,pablo marcal,0.015,pablo marcal,,1,pablo marcal,candidato,0.966,,
10340,2022,1,AtlasIntel/Internet,Arko Advice,2022-08-24,2022-08-24,39,estimulada,votos totais,BR-00848/2022,BR-09573/2022,7475,1,1,26706,cenário 1 - estimulada - 1º turno,Luiz Felipe d'Avila,NOVO,0,candidato,0.7,luiz felipe davila,0.007,luiz felipe chaves d avila,0.004734072,1,luiz felipe davila,candidato,0.966,0.007246377,0.002512305
10340,2022,1,AtlasIntel/Internet,Arko Advice,2022-08-24,2022-08-24,39,estimulada,votos totais,BR-00848/2022,BR-07309/2022,7475,1,1,26706,cenário 1 - estimulada - 1º turno,Leonardo Péricles,UP,0,candidato,0.1,leonardo pericles,0.001,leonardo pericles vieira roque,0.00045267,1,leonardo pericles,candidato,0.966,0.001035197,0.000582527
10340,2022,1,AtlasIntel/Internet,Arko Advice,2022-08-24,2022-08-24,39,estimulada,votos totais,BR-00848/2022,BR-07340/2022,7475,1,1,26706,cenário 1 - estimulada - 1º turno,Lula,PT,0,candidato,46.7,lula,0.467,luiz inacio lula da silva,0.484307199,1,lula,candidato,0.966,0.483436853,-0.000870346
10340,2022,1,AtlasIntel/Internet,Arko Advice,2022-08-24,2022-08-24,39,estimulada,votos totais,BR-00848/2022,BR-04208/2022,7475,1,1,26706,cenário 1 - estimulada - 1º turno,Ciro,PDT,0,candidato,6.4,ciro,0.064,ciro ferreira gomes,0.030443166,1,ciro,candidato,0.966,0.066252588,0.035809422
10340,2022,1,AtlasIntel/Internet,Arko Advice,2022-08-24,2022-08-24,39,estimulada,votos totais,BR-00848/2022,BR-07422/2022,7475,1,1,26706,cenário 1 - estimulada - 1º turno,Vera Lúcia Salgado,PSTU,0,candidato,0.4,vera lucia salgado,0.004,vera lucia pereira da silva salgado,0.000216739,1,vera lucia salgado,candidato,0.966,0.004140787,0.003924048
10340,2022,1,AtlasIntel/Internet,Arko Advice,2022-08-24,2022-08-24,39,estimulada,votos totais,BR-00848/2022,BR-08967/2022,7475,1,1,26706,cenário 1 - estimulada - 1º turno,Simone Tebet,MDB,0,candidato,3.6,simone tebet,0.036,simone nassar tebet,0.04157519,1,simone tebet,candidato,0.966,0.037267081,-0.004308109
10340,2022,2,AtlasIntel/Internet,Arko Advice,2022-08-24,2022-08-24,67,estimulada,votos totais,BR-00848/2022,BR-05166/2022,7475,1,1,26708,cenário 2 - estimulada - 2º turno,Bolsonaro,PL,0,candidato,40.8,bolsonaro,0.408,jair messias bolsonaro,0.490975949,2,bolsonaro,candidato,0.926,0.440604752,-0.050371197
10340,2022,2,AtlasIntel/Internet,Arko Advice,2022-08-24,2022-08-24,67,estimulada,votos totais,BR-00848/2022,BR-01192/2022,7475,1,1,26708,cenário 2 - estimulada - 2º turno,branco / nulo / indeciso,N/A,1,nao_sabe,7.4,branco nulo indeciso,0.074,branco nulo indeciso,,2,branco nulo indeciso,branco_nulo,0.926,,
10340,2022,2,AtlasIntel/Internet,Arko Advice,2022-08-24,2022-08-24,67,estimulada,votos totais,BR-00848/2022,BR-01060/2022,7475,1,1,26708,cenário 2 - estimulada - 2º turno,Lula,PT,0,candidato,51.8,lula,0.518,luiz inacio lula da silva,0.509024051,2,lula,candidato,0.926,0.559395248,0.050371197
9722,2022,2,Datafolha,Folha de S..Paulo,2021-07-08,2021-07-08,479,estimulada,votos totais,,,2074,2,2,24378,cenário 1 - estimulado - 2º turno,não sabe,N/A,1,nao_sabe,1,nao sabe,0.01,nao sabe,,2,nao sabe,nao_sabe,0.89,,
9722,2022,2,Datafolha,Folha de S..Paulo,2021-07-08,2021-07-08,479,estimulada,votos totais,,,2074,2,2,24378,cenário 1 - estimulado - 2º turno,nenhum / brancos / nulos,N/A,1,branco_nulo,10,nenhum brancos nulos,0.1,nenhum brancos nulos,,2,nenhum brancos nulos,branco_nulo,0.89,,
9722,2022,2,Datafolha,Folha de S..Paulo,2021-07-08,2021-07-08,479,estimulada,votos totais,,,2074,2,2,24378,cenário 1 - estimulado - 2º turno,Bolsonaro,sem partido,0,candidato,31,bolsonaro,0.31,jair messias bolsonaro,0.490975949,2,bolsonaro,candidato,0.89,0.348314607,-0.142661342
9722,2022,2,Datafolha,Folha de S..Paulo,2021-07-08,2021-07-08,479,estimulada,votos totais,,,2074,2,2,24378,cenário 1 - estimulado - 2º turno,Lula,PT,0,candidato,58,lula,0.58,luiz inacio lula da silva,0.509024051,2,lula,candidato,0.89,0.651685393,0.142661342
9706,2022,2,Ipespe,XP Investimentos,2021-03-31,2021-03-31,578,estimulada,votos totais,,,1000,3.2,3.2,24252,cenário 1 - estimulado - 2º turno,branco / nulo / indeciso / nenhum / não sabe / não respondeu,N/A,1,nao_sabe,20,branco nulo indeciso nenhum nao sabe nao respondeu,0.2,branco nulo indeciso nenhum nao sabe nao respondeu,,2,branco nulo indeciso nenhum nao sabe nao respondeu,nao_sabe,0.8,,
9706,2022,2,Ipespe,XP Investimentos,2021-03-31,2021-03-31,578,estimulada,votos totais,,,1000,3.2,3.2,24252,cenário 1 - estimulado - 2º turno,Lula,PT,0,candidato,42,lula,0.42,luiz inacio lula da silva,0.509024051,2,lula,candidato,0.8,0.525,0.015975949
9706,2022,2,Ipespe,XP Investimentos,2021-03-31,2021-03-31,578,estimulada,votos totais,,,1000,3.2,3.2,24252,cenário 1 - estimulado - 2º turno,Bolsonaro,sem partido,0,candidato,38,bolsonaro,0.38,jair messias bolsonaro,0.490975949,2,bolsonaro,candidato,0.8,0.475,-0.015975949
9710,2022,2,Ideia Big Data,Exame,2021-03-11,2021-03-11,598,estimulada,votos totais,,,1000,3.1,3.1,24285,cenário 1 - estimulado - 2º turno,brancos / nulos,N/A,1,branco_nulo,10,brancos nulos,0.1,brancos nulos,,2,brancos nulos,branco_nulo,0.81,,
9710,2022,2,Ideia Big Data,Exame,2021-03-11,2021-03-11,598,estimulada,votos totais,,,1000,3.1,3.1,24285,cenário 1 - estimulado - 2º turno,não sabe,N/A,1,nao_sabe,9,nao sabe,0.09,nao sabe,,2,nao sabe,nao_sabe,0.81,,
9710,2022,2,Ideia Big Data,Exame,2021-03-11,2021-03-11,598,estimulada,votos totais,,,1000,3.1,3.1,24285,cenário 1 - estimulado - 2º turno,Bolsonaro,sem partido,0,candidato,44,bolsonaro,0.44,jair messias bolsonaro,0.490975949,2,bolsonaro,candidato,0.81,0.543209877,0.052233928
9710,2022,2,Ideia Big Data,Exame,2021-03-11,2021-03-11,598,estimulada,votos totais,,,1000,3.1,3.1,24285,cenário 1 - estimulado - 2º turno,Lula,PT,0,candidato,37,lula,0.37,luiz inacio lula da silva,0.509024051,2,lula,candidato,0.81,0.456790123,-0.052233928
9716,2022,2,Ipespe,XP Inc.,2021-06-10,2021-06-10,507,estimulada,votos totais,,,1000,3.2,3.2,24339,cenário 1 - estimulado - 2º turno,Bolsonaro,sem partido,0,candidato,36,bolsonaro,0.36,jair messias bolsonaro,0.490975949,2,bolsonaro,candidato,0.81,0.444444444,-0.046531504
9716,2022,2,Ipespe,XP Inc.,2021-06-10,2021-06-10,507,estimulada,votos totais,,,1000,3.2,3.2,24339,cenário 1 - estimulado - 2º turno,Lula,PT,0,candidato,45,lula,0.45,luiz inacio lula da silva,0.509024051,2,lula,candidato,0.81,0.555555556,0.046531504
9716,2022,2,Ipespe,XP Inc.,2021-06-10,2021-06-10,507,estimulada,votos totais,,,1000,3.2,3.2,24339,cenário 1 - estimulado - 2º turno,nenhum / brancos / nulos,N/A,1,branco_nulo,19,nenhum brancos nulos,0.19,nenhum brancos nulos,,2,nenhum brancos nulos,branco_nulo,0.81,,
9723,2022,2,Ipespe,XP Inc.,2021-07-07,2021-07-07,480,estimulada,votos totais,,,1000,3.2,3.2,24385,cenário 1 - estimulado - 2º turno,Lula,PT,0,candidato,49,lula,0.49,luiz inacio lula da silva,0.509024051,2,lula,candidato,0.84,0.583333333,0.074309282
9723,2022,2,Ipespe,XP Inc.,2021-07-07,2021-07-07,480,estimulada,votos totais,,,1000,3.2,3.2,24385,cenário 1 - estimulado - 2º turno,Bolsonaro,sem partido,0,candidato,35,bolsonaro,0.35,jair messias bolsonaro,0.490975949,2,bolsonaro,candidato,0.84,0.416666667,-0.074309282
9723,2022,2,Ipespe,XP Inc.,2021-07-07,2021-07-07,480,estimulada,votos totais,,,1000,3.2,3.2,24385,cenário 1 - estimulado - 2º turno,nenhum / brancos / nulos,N/A,1,branco_nulo,17,nenhum brancos nulos,0.17,nenhum brancos nulos,,2,nenhum brancos nulos,branco_nulo,0.84,,
9737,2022,2,Ipespe,XP Inc.,2021-08-14,2021-08-04,452,estimulada,votos totais,,,1000,3.2,3.2,24459,cenário 1 - estimulado - 2º turno,nenhum / brancos / nulos,N/A,1,branco_nulo,17,nenhum brancos nulos,0.17,nenhum brancos nulos,,2,nenhum brancos nulos,branco_nulo,0.83,,
9737,2022,2,Ipespe,XP Inc.,2021-08-14,2021-08-04,452,estimulada,votos totais,,,1000,3.2,3.2,24459,cenário 1 - estimulado - 2º turno,Lula,PT,0,candidato,51,lula,0.51,luiz inacio lula da silva,0.509024051,2,lula,candidato,0.83,0.614457831,0.10543378
9737,2022,2,Ipespe,XP Inc.,2021-08-14,2021-08-04,452,estimulada,votos totais,,,1000,3.2,3.2,24459,cenário 1 - estimulado - 2º turno,Bolsonaro,sem partido,0,candidato,32,bolsonaro,0.32,jair messias bolsonaro,0.490975949,2,bolsonaro,candidato,0.83,0.385542169,-0.10543378
9744,2022,2,Ipespe,,2021-09-24,2021-09-24,401,estimulada,votos totais,,,1000,3.2,3.2,24507,cenário  1 - estimulado - 2º turno,branco / nulo / não sabe / não respondeu,N/A,1,nao_sabe,18,branco nulo nao sabe nao respondeu,0.18,branco nulo nao sabe nao respondeu,,2,branco nulo nao sabe nao respondeu,nao_sabe,0.81,,
9744,2022,2,Ipespe,,2021-09-24,2021-09-24,401,estimulada,votos totais,,,1000,3.2,3.2,24507,cenário  1 - estimulado - 2º turno,Bolsonaro,sem partido,0,candidato,31,bolsonaro,0.31,jair messias bolsonaro,0.490975949,2,bolsonaro,candidato,0.81,0.382716049,-0.108259899
9744,2022,2,Ipespe,,2021-09-24,2021-09-24,401,estimulada,votos totais,,,1000,3.2,3.2,24507,cenário  1 - estimulado - 2º turno,Lula,PT,0,candidato,50,lula,0.5,luiz inacio lula da silva,0.509024051,2,lula,candidato,0.81,0.617283951,0.108259899
9748,2022,2,Ipespe,,2021-10-28,2021-10-28,367,estimulada,votos totais,,,1000,3.2,3.2,24549,cenário 1 - estimulado - 2º turno,branco / nulo / indeciso / nenhum / não sabe / não respondeu,N/A,1,nao_sabe,17,branco nulo indeciso nenhum nao sabe nao respondeu,0.17,branco nulo indeciso nenhum nao sabe nao respondeu,,2,branco nulo indeciso nenhum nao sabe nao respondeu,nao_sabe,0.82,,
9748,2022,2,Ipespe,,2021-10-28,2021-10-28,367,estimulada,votos totais,,,1000,3.2,3.2,24549,cenário 1 - estimulado - 2º turno,Bolsonaro,sem partido,0,candidato,32,bolsonaro,0.32,jair messias bolsonaro,0.490975949,2,bolsonaro,candidato,0.82,0.390243902,-0.100732046
9748,2022,2,Ipespe,,2021-10-28,2021-10-28,367,estimulada,votos totais,,,1000,3.2,3.2,24549,cenário 1 - estimulado - 2º turno,Lula,PT,0,candidato,50,lula,0.5,luiz inacio lula da silva,0.509024051,2,lula,candidato,0.82,0.609756098,0.100732046
9769,2022,2,Ipespe,XP Inc.,2021-12-16,2021-12-16,318,estimulada,votos totais,,,1000,3.2,3.2,24701,cenário 1 - estimulado - 2º turno,branco / nulo / indeciso / nenhum / não sabe / não respondeu,N/A,1,nao_sabe,16,branco nulo indeciso nenhum nao sabe nao respondeu,0.16,branco nulo indeciso nenhum nao sabe nao respondeu,,2,branco nulo indeciso nenhum nao sabe nao respondeu,nao_sabe,0.84,,
9769,2022,2,Ipespe,XP Inc.,2021-12-16,2021-12-16,318,estimulada,votos totais,,,1000,3.2,3.2,24701,cenário 1 - estimulado - 2º turno,Bolsonaro,PL,0,candidato,31,bolsonaro,0.31,jair messias bolsonaro,0.490975949,2,bolsonaro,candidato,0.84,0.369047619,-0.12192833
9769,2022,2,Ipespe,XP Inc.,2021-12-16,2021-12-16,318,estimulada,votos totais,,,1000,3.2,3.2,24701,cenário 1 - estimulado - 2º turno,Lula,PT,0,candidato,53,lula,0.53,luiz inacio lula da silva,0.509024051,2,lula,candidato,0.84,0.630952381,0.12192833
9799,2022,2,Ipespe,XP Investimentos,2022-02-23,2022-02-23,249,estimulada,votos totais,BR-05015/2022,,1000,3.2,3.2,24867,cenário 1 - estimulado - 2º turno,Lula,PT,0,candidato,54,lula,0.54,luiz inacio lula da silva,0.509024051,2,lula,candidato,0.86,0.627906977,0.118882926
9799,2022,2,Ipespe,XP Investimentos,2022-02-23,2022-02-23,249,estimulada,votos totais,BR-05015/2022,,1000,3.2,3.2,24867,cenário 1 - estimulado - 2º turno,Bolsonaro,PL,0,candidato,32,bolsonaro,0.32,jair messias bolsonaro,0.490975949,2,bolsonaro,candidato,0.86,0.372093023,-0.118882926
9799,2022,2,Ipespe,XP Investimentos,2022-02-23,2022-02-23,249,estimulada,votos totais,BR-05015/2022,,1000,3.2,3.2,24867,cenário 1 - estimulado - 2º turno,nenhum / brancos / nulos,N/A,1,branco_nulo,14,nenhum brancos nulos,0.14,nenhum brancos nulos,,2,nenhum brancos nulos,branco_nulo,0.86,,
9818,2022,2,Ipespe,XP Investimentos,2022-03-09,2022-03-09,235,estimulada,votos totais,BR-03573/2022,,1000,3.2,3.2,24917,cenário 1 - estimulado - 2º turno,Lula,PT,0,candidato,53,lula,0.53,luiz inacio lula da silva,0.509024051,2,lula,candidato,0.86,0.61627907,0.107255019
9818,2022,2,Ipespe,XP Investimentos,2022-03-09,2022-03-09,235,estimulada,votos totais,BR-03573/2022,,1000,3.2,3.2,24917,cenário 1 - estimulado - 2º turno,branco / nulo / não sabe / não respondeu,N/A,1,nao_sabe,14,branco nulo nao sabe nao respondeu,0.14,branco nulo nao sabe nao respondeu,,2,branco nulo nao sabe nao respondeu,nao_sabe,0.86,,
9818,2022,2,Ipespe,XP Investimentos,2022-03-09,2022-03-09,235,estimulada,votos totais,BR-03573/2022,,1000,3.2,3.2,24917,cenário 1 - estimulado - 2º turno,Bolsonaro,PL,0,candidato,33,bolsonaro,0.33,jair messias bolsonaro,0.490975949,2,bolsonaro,candidato,0.86,0.38372093,-0.107255019
9857,2022,2,Ipespe,XP Investimentos,2022-04-05,2022-04-05,208,estimulada,votos totais,BR-03874/2022,,1000,3.2,3.2,25135,cenário 1 - estimulado - 2º turno,Lula,PT,0,candidato,53,lula,0.53,luiz inacio lula da silva,0.509024051,2,lula,candidato,0.86,0.61627907,0.107255019
9857,2022,2,Ipespe,XP Investimentos,2022-04-05,2022-04-05,208,estimulada,votos totais,BR-03874/2022,,1000,3.2,3.2,25135,cenário 1 - estimulado - 2º turno,Bolsonaro,PL,0,candidato,33,bolsonaro,0.33,jair messias bolsonaro,0.490975949,2,bolsonaro,candidato,0.86,0.38372093,-0.107255019
9857,2022,2,Ipespe,XP Investimentos,2022-04-05,2022-04-05,208,estimulada,votos totais,BR-03874/2022,,1000,3.2,3.2,25135,cenário 1 - estimulado - 2º turno,branco / nulo / não sabe / não respondeu,N/A,1,nao_sabe,14,branco nulo nao sabe nao respondeu,0.14,branco nulo nao sabe nao respondeu,,2,branco nulo nao sabe nao respondeu,nao_sabe,0.86,,
9883,2022,2,Ipespe,XP Investimentos,2022-03-23,2022-03-23,221,estimulada,votos totais,BR-04222/2022,,1000,3.2,3.2,25258,cenário 1 - estimulada - 2º turno,Bolsonaro,PL,0,candidato,31,bolsonaro,0.31,jair messias bolsonaro,0.490975949,2,bolsonaro,candidato,0.85,0.364705882,-0.126270066
9883,2022,2,Ipespe,XP Investimentos,2022-03-23,2022-03-23,221,estimulada,votos totais,BR-04222/2022,,1000,3.2,3.2,25258,cenário 1 - estimulada - 2º turno,branco / nulo / não sabe / não respondeu,N/A,1,nao_sabe,15,branco nulo nao sabe nao respondeu,0.15,branco nulo nao sabe nao respondeu,,2,branco nulo nao sabe nao respondeu,nao_sabe,0.85,,
9883,2022,2,Ipespe,XP Investimentos,2022-03-23,2022-03-23,221,estimulada,votos totais,BR-04222/2022,,1000,3.2,3.2,25258,cenário 1 - estimulada - 2º turno,Lula,PT,0,candidato,54,lula,0.54,luiz inacio lula da silva,0.509024051,2,lula,candidato,0.85,0.635294118,0.126270066
9884,2022,2,Ipespe,XP Investimentos,2022-04-20,2022-04-20,193,estimulada,votos totais,BR-05747/2022,,1000,3.2,3.2,25269,cenário 1 - estimulada - 2º turno,Lula,PT,0,candidato,54,lula,0.54,luiz inacio lula da silva,0.509024051,2,lula,candidato,0.88,0.613636364,0.104612312
9884,2022,2,Ipespe,XP Investimentos,2022-04-20,2022-04-20,193,estimulada,votos totais,BR-05747/2022,,1000,3.2,3.2,25269,cenário 1 - estimulada - 2º turno,branco / nulo / não sabe / não respondeu,N/A,1,nao_sabe,12,branco nulo nao sabe nao respondeu,0.12,branco nulo nao sabe nao respondeu,,2,branco nulo nao sabe nao respondeu,nao_sabe,0.88,,
9884,2022,2,Ipespe,XP Investimentos,2022-04-20,2022-04-20,193,estimulada,votos totais,BR-05747/2022,,1000,3.2,3.2,25269,cenário 1 - estimulada - 2º turno,Bolsonaro,PL,0,candidato,34,bolsonaro,0.34,jair messias bolsonaro,0.490975949,2,bolsonaro,candidato,0.88,0.386363636,-0.104612312
9921,2022,2,Ipespe,XP Investimentos,2022-05-04,2022-05-04,179,estimulada,votos totais,BR-03473/2022,,1000,3.2,3.2,25427,cenário 1 - estimulado - 2º turno,branco / nulo / não sabe / não respondeu,N/A,1,nao_sabe,12,branco nulo nao sabe nao respondeu,0.12,branco nulo nao sabe nao respondeu,,2,branco nulo nao sabe nao respondeu,nao_sabe,0.88,,
9921,2022,2,Ipespe,XP Investimentos,2022-05-04,2022-05-04,179,estimulada,votos totais,BR-03473/2022,,1000,3.2,3.2,25427,cenário 1 - estimulado - 2º turno,Lula,PT,0,candidato,54,lula,0.54,luiz inacio lula da silva,0.509024051,2,lula,candidato,0.88,0.613636364,0.104612312
9921,2022,2,Ipespe,XP Investimentos,2022-05-04,2022-05-04,179,estimulada,votos totais,BR-03473/2022,,1000,3.2,3.2,25427,cenário 1 - estimulado - 2º turno,Bolsonaro,PL,0,candidato,34,bolsonaro,0.34,jair messias bolsonaro,0.490975949,2,bolsonaro,candidato,0.88,0.386363636,-0.104612312
9933,2022,2,Ipespe,XP Investimentos,2022-05-11,2022-05-11,172,estimulada,votos totais,BR-02603/2022,,1000,3.2,3.2,25483,cenário 1 - estimulado - 2º turno,branco / nulo / não sabe / não respondeu,N/A,1,nao_sabe,10,branco nulo nao sabe nao respondeu,0.1,branco nulo nao sabe nao respondeu,,2,branco nulo nao sabe nao respondeu,nao_sabe,0.89,,
9933,2022,2,Ipespe,XP Investimentos,2022-05-11,2022-05-11,172,estimulada,votos totais,BR-02603/2022,,1000,3.2,3.2,25483,cenário 1 - estimulado - 2º turno,Lula,PT,0,candidato,54,lula,0.54,luiz inacio lula da silva,0.509024051,2,lula,candidato,0.89,0.606741573,0.097717522
9933,2022,2,Ipespe,XP Investimentos,2022-05-11,2022-05-11,172,estimulada,votos totais,BR-02603/2022,,1000,3.2,3.2,25483,cenário 1 - estimulado - 2º turno,Bolsonaro,PL,0,candidato,35,bolsonaro,0.35,jair messias bolsonaro,0.490975949,2,bolsonaro,candidato,0.89,0.393258427,-0.097717522
10191,2022,2,6Sigma,6Sigma,2022-08-05,2022-08-05,86,estimulada,votos totais,BR-04937/2022,,1000,3.1,3.1,26356,cenário 1 - estimulado - 2º turno,Lula,PT,0,candidato,37.9,lula,0.379,luiz inacio lula da silva,0.509024051,2,lula,candidato,0.833,0.454981993,-0.054042058
10191,2022,2,6Sigma,6Sigma,2022-08-05,2022-08-05,86,estimulada,votos totais,BR-04937/2022,,1000,3.1,3.1,26356,cenário 1 - estimulado - 2º turno,Bolsonaro,PL,0,candidato,45.4,bolsonaro,0.454,jair messias bolsonaro,0.490975949,2,bolsonaro,candidato,0.833,0.545018007,0.054042058
10191,2022,2,6Sigma,6Sigma,2022-08-05,2022-08-05,86,estimulada,votos totais,BR-04937/2022,,1000,3.1,3.1,26356,cenário 1 - estimulado - 2º turno,brancos / nulos,N/A,1,branco_nulo,11.7,brancos nulos,0.117,brancos nulos,,2,brancos nulos,branco_nulo,0.833,,
10191,2022,2,6Sigma,6Sigma,2022-08-05,2022-08-05,86,estimulada,votos totais,BR-04937/2022,,1000,3.1,3.1,26356,cenário 1 - estimulado - 2º turno,não responderam,N/A,1,outros,0.8,nao responderam,0.008,nao responderam,,2,nao responderam,candidato,0.833,,
10191,2022,2,6Sigma,6Sigma,2022-08-05,2022-08-05,86,estimulada,votos totais,BR-04937/2022,,1000,3.1,3.1,26356,cenário 1 - estimulado - 2º turno,não sabe,N/A,1,nao_sabe,4.2,nao sabe,0.042,nao sabe,,2,nao sabe,nao_sabe,0.833,,
9248,2022,2,FSB,Veja,2019-12-02,2019-11-29,1066,estimulada,votos totais,,,2000,2,2,23195,cenário 3 - estimulado - 2º turno,branco,N/A,1,branco_nulo,1,branco,0.01,branco,,2,branco,branco_nulo,0.85,,
9248,2022,2,FSB,Veja,2019-12-02,2019-11-29,1066,estimulada,votos totais,,,2000,2,2,23195,cenário 3 - estimulado - 2º turno,Lula,PT,0,candidato,40,lula,0.4,luiz inacio lula da silva,0.509024051,2,lula,candidato,0.85,0.470588235,-0.038435816
9248,2022,2,FSB,Veja,2019-12-02,2019-11-29,1066,estimulada,votos totais,,,2000,2,2,23195,cenário 3 - estimulado - 2º turno,não iria votar,N/A,0,outros,0,nao iria votar,0,nao iria votar,,2,nao iria votar,candidato,0.85,,
9248,2022,2,FSB,Veja,2019-12-02,2019-11-29,1066,estimulada,votos totais,,,2000,2,2,23195,cenário 3 - estimulado - 2º turno,Bolsonaro,N/A,0,outros,45,bolsonaro,0.45,jair messias bolsonaro,0.490975949,2,bolsonaro,candidato,0.85,0.529411765,0.038435816
9248,2022,2,FSB,Veja,2019-12-02,2019-11-29,1066,estimulada,votos totais,,,2000,2,2,23195,cenário 3 - estimulado - 2º turno,nenhum,N/A,1,outros,10,nenhum,0.1,nenhum,,2,nenhum,outros,0.85,,
9248,2022,2,FSB,Veja,2019-12-02,2019-11-29,1066,estimulada,votos totais,,,2000,2,2,23195,cenário 3 - estimulado - 2º turno,não sabem / não responderam,N/A,1,nao_sabe,1,nao sabem nao responderam,0.01,nao sabem nao responderam,,2,nao sabem nao responderam,nao_sabe,0.85,,
9248,2022,2,FSB,Veja,2019-12-02,2019-11-29,1066,estimulada,votos totais,,,2000,2,2,23195,cenário 3 - estimulado - 2º turno,nulo,N/A,1,branco_nulo,4,nulo,0.04,nulo,,2,nulo,branco_nulo,0.85,,
9249,2022,2,FSB,Veja,2019-10-14,2019-10-14,1112,estimulada,votos totais,,,2000,2,2,23204,cenário 3 - estimulado - 2º turno,branco / nulo / indeciso / nenhum / não sabe / não respondeu,N/A,1,nao_sabe,17,branco nulo indeciso nenhum nao sabe nao respondeu,0.17,branco nulo indeciso nenhum nao sabe nao respondeu,,2,branco nulo indeciso nenhum nao sabe nao respondeu,nao_sabe,0.84,,
9249,2022,2,FSB,Veja,2019-10-14,2019-10-14,1112,estimulada,votos totais,,,2000,2,2,23204,cenário 3 - estimulado - 2º turno,Bolsonaro,N/A,0,outros,46,bolsonaro,0.46,jair messias bolsonaro,0.490975949,2,bolsonaro,candidato,0.84,0.547619048,0.056643099
9249,2022,2,FSB,Veja,2019-10-14,2019-10-14,1112,estimulada,votos totais,,,2000,2,2,23204,cenário 3 - estimulado - 2º turno,Lula,PT,0,candidato,38,lula,0.38,luiz inacio lula da silva,0.509024051,2,lula,candidato,0.84,0.452380952,-0.056643099
9715,2022,2,Vox Populi,,2021-05-16,2021-05-16,532,estimulada,votos totais,,,2000,2.2,2.2,24335,cenário 1 - estimulado - 2º turno,Bolsonaro,sem partido,0,candidato,28,bolsonaro,0.28,jair messias bolsonaro,0.490975949,2,bolsonaro,candidato,0.83,0.337349398,-0.153626551
9715,2022,2,Vox Populi,,2021-05-16,2021-05-16,532,estimulada,votos totais,,,2000,2.2,2.2,24335,cenário 1 - estimulado - 2º turno,Lula,PT,0,candidato,55,lula,0.55,luiz inacio lula da silva,0.509024051,2,lula,candidato,0.83,0.662650602,0.153626551
9715,2022,2,Vox Populi,,2021-05-16,2021-05-16,532,estimulada,votos totais,,,2000,2.2,2.2,24335,cenário 1 - estimulado - 2º turno,não sabem / não responderam,N/A,1,nao_sabe,3,nao sabem nao responderam,0.03,nao sabem nao responderam,,2,nao sabem nao responderam,nao_sabe,0.83,,
9715,2022,2,Vox Populi,,2021-05-16,2021-05-16,532,estimulada,votos totais,,,2000,2.2,2.2,24335,cenário 1 - estimulado - 2º turno,nenhum / brancos / nulos,N/A,1,branco_nulo,14,nenhum brancos nulos,0.14,nenhum brancos nulos,,2,nenhum brancos nulos,branco_nulo,0.83,,
9745,2022,2,Futura,Modalmais,2021-09-24,2021-09-24,401,estimulada,votos totais,,,2000,2.2,2.2,24522,cenário 1 - estimulado - 2º turno,Bolsonaro,sem partido,0,candidato,35.3,bolsonaro,0.353,jair messias bolsonaro,0.490975949,2,bolsonaro,candidato,0.85,0.415294118,-0.075681831
9745,2022,2,Futura,Modalmais,2021-09-24,2021-09-24,401,estimulada,votos totais,,,2000,2.2,2.2,24522,cenário 1 - estimulado - 2º turno,Lula,PT,0,candidato,49.7,lula,0.497,luiz inacio lula da silva,0.509024051,2,lula,candidato,0.85,0.584705882,0.075681831
9745,2022,2,Futura,Modalmais,2021-09-24,2021-09-24,401,estimulada,votos totais,,,2000,2.2,2.2,24522,cenário 1 - estimulado - 2º turno,indeciso / não sabe / não respondeu,N/A,1,nao_sabe,1.5,indeciso nao sabe nao respondeu,0.015,indeciso nao sabe nao respondeu,,2,indeciso nao sabe nao respondeu,nao_sabe,0.85,,
9745,2022,2,Futura,Modalmais,2021-09-24,2021-09-24,401,estimulada,votos totais,,,2000,2.2,2.2,24522,cenário 1 - estimulado - 2º turno,brancos / nulos,N/A,1,branco_nulo,13.5,brancos nulos,0.135,brancos nulos,,2,brancos nulos,branco_nulo,0.85,,
9750,2022,2,Vox Populi,,2021-11-04,2021-10-30,365,estimulada,votos totais,,,2000,2.2,2.2,24569,cenário 1 - estimulado - 2º turno,nenhum / brancos / nulos,N/A,1,branco_nulo,14,nenhum brancos nulos,0.14,nenhum brancos nulos,,2,nenhum brancos nulos,branco_nulo,0.76,,
9750,2022,2,Vox Populi,,2021-11-04,2021-10-30,365,estimulada,votos totais,,,2000,2.2,2.2,24569,cenário 1 - estimulado - 2º turno,Lula,PT,0,candidato,52,lula,0.52,luiz inacio lula da silva,0.509024051,2,lula,candidato,0.76,0.684210526,0.175186475
9750,2022,2,Vox Populi,,2021-11-04,2021-10-30,365,estimulada,votos totais,,,2000,2.2,2.2,24569,cenário 1 - estimulado - 2º turno,não sabem / não responderam,N/A,1,nao_sabe,10,nao sabem nao responderam,0.1,nao sabem nao responderam,,2,nao sabem nao responderam,nao_sabe,0.76,,
9750,2022,2,Vox Populi,,2021-11-04,2021-10-30,365,estimulada,votos totais,,,2000,2.2,2.2,24569,cenário 1 - estimulado - 2º turno,Bolsonaro,sem partido,0,candidato,24,bolsonaro,0.24,jair messias bolsonaro,0.490975949,2,bolsonaro,candidato,0.76,0.315789474,-0.175186475
9753,2022,2,Futura,Modalmais,2021-11-20,2021-11-20,344,estimulada,votos totais,,,2000,2.2,2.2,24588,cenário 1 - estimulado - 2º turno,Lula,PT,0,candidato,49.2,lula,0.492,luiz inacio lula da silva,0.509024051,2,lula,candidato,0.866,0.56812933,0.059105279
9753,2022,2,Futura,Modalmais,2021-11-20,2021-11-20,344,estimulada,votos totais,,,2000,2.2,2.2,24588,cenário 1 - estimulado - 2º turno,Bolsonaro,PL,0,candidato,37.4,bolsonaro,0.374,jair messias bolsonaro,0.490975949,2,bolsonaro,candidato,0.866,0.43187067,-0.059105279
9753,2022,2,Futura,Modalmais,2021-11-20,2021-11-20,344,estimulada,votos totais,,,2000,2.2,2.2,24588,cenário 1 - estimulado - 2º turno,brancos / nulos,N/A,1,branco_nulo,12.4,brancos nulos,0.124,brancos nulos,,2,brancos nulos,branco_nulo,0.866,,
9753,2022,2,Futura,Modalmais,2021-11-20,2021-11-20,344,estimulada,votos totais,,,2000,2.2,2.2,24588,cenário 1 - estimulado - 2º turno,indeciso / não sabe / não respondeu,N/A,1,nao_sabe,1.1,indeciso nao sabe nao respondeu,0.011,indeciso nao sabe nao respondeu,,2,indeciso nao sabe nao respondeu,nao_sabe,0.866,,
9756,2022,2,Quaest,Genial Investimentos,2021-08-29,2021-08-29,427,estimulada,votos totais,,,2000,2,2,24618,cenário 1 - estimulado - 2º turno,Lula,PT,0,candidato,55,lula,0.55,luiz inacio lula da silva,0.509024051,2,lula,candidato,0.85,0.647058824,0.138034772
9756,2022,2,Quaest,Genial Investimentos,2021-08-29,2021-08-29,427,estimulada,votos totais,,,2000,2,2,24618,cenário 1 - estimulado - 2º turno,indeciso,N/A,1,nao_sabe,3,indeciso,0.03,indeciso,,2,indeciso,candidato,0.85,,
9756,2022,2,Quaest,Genial Investimentos,2021-08-29,2021-08-29,427,estimulada,votos totais,,,2000,2,2,24618,cenário 1 - estimulado - 2º turno,Bolsonaro,PL,0,candidato,30,bolsonaro,0.3,jair messias bolsonaro,0.490975949,2,bolsonaro,candidato,0.85,0.352941176,-0.138034772
9756,2022,2,Quaest,Genial Investimentos,2021-08-29,2021-08-29,427,estimulada,votos totais,,,2000,2,2,24618,cenário 1 - estimulado - 2º turno,branco / nulo / não votará,N/A,1,branco_nulo,11,branco nulo nao votara,0.11,branco nulo nao votara,,2,branco nulo nao votara,branco_nulo,0.85,,
9760,2022,2,Futura,Modalmais,2021-12-13,2021-12-13,321,estimulada,votos totais,,,2000,2.2,2.2,24651,cenário 1 - estimulado - 2º turno,Lula,PT,0,candidato,50.8,lula,0.508,luiz inacio lula da silva,0.509024051,2,lula,candidato,0.878,0.578587699,0.069563648
9760,2022,2,Futura,Modalmais,2021-12-13,2021-12-13,321,estimulada,votos totais,,,2000,2.2,2.2,24651,cenário 1 - estimulado - 2º turno,brancos / nulos,N/A,1,branco_nulo,10.3,brancos nulos,0.103,brancos nulos,,2,brancos nulos,branco_nulo,0.878,,
9760,2022,2,Futura,Modalmais,2021-12-13,2021-12-13,321,estimulada,votos totais,,,2000,2.2,2.2,24651,cenário 1 - estimulado - 2º turno,indeciso / não sabe / não respondeu,N/A,1,nao_sabe,1.9,indeciso nao sabe nao respondeu,0.019,indeciso nao sabe nao respondeu,,2,indeciso nao sabe nao respondeu,nao_sabe,0.878,,
9760,2022,2,Futura,Modalmais,2021-12-13,2021-12-13,321,estimulada,votos totais,,,2000,2.2,2.2,24651,cenário 1 - estimulado - 2º turno,Bolsonaro,PL,0,candidato,37,bolsonaro,0.37,jair messias bolsonaro,0.490975949,2,bolsonaro,candidato,0.878,0.421412301,-0.069563648
9766,2022,2,Futura,Modalmais,2021-08-20,2021-08-20,436,estimulada,votos totais,,,2000,2.2,2.2,24685,cenário 1 - estimulado - 2º turno,Bolsonaro,sem partido,0,candidato,38.8,bolsonaro,0.388,jair messias bolsonaro,0.490975949,2,bolsonaro,candidato,0.857,0.452742124,-0.038233825
9766,2022,2,Futura,Modalmais,2021-08-20,2021-08-20,436,estimulada,votos totais,,,2000,2.2,2.2,24685,cenário 1 - estimulado - 2º turno,indeciso / não sabe / não respondeu,N/A,1,nao_sabe,1.4,indeciso nao sabe nao respondeu,0.014,indeciso nao sabe nao respondeu,,2,indeciso nao sabe nao respondeu,nao_sabe,0.857,,
9766,2022,2,Futura,Modalmais,2021-08-20,2021-08-20,436,estimulada,votos totais,,,2000,2.2,2.2,24685,cenário 1 - estimulado - 2º turno,brancos / nulos,N/A,1,branco_nulo,12.9,brancos nulos,0.129,brancos nulos,,2,brancos nulos,branco_nulo,0.857,,
9766,2022,2,Futura,Modalmais,2021-08-20,2021-08-20,436,estimulada,votos totais,,,2000,2.2,2.2,24685,cenário 1 - estimulado - 2º turno,Lula,PT,0,candidato,46.9,lula,0.469,luiz inacio lula da silva,0.509024051,2,lula,candidato,0.857,0.547257876,0.038233825
9767,2022,2,Futura,Modalmais,2021-10-22,2021-10-22,373,estimulada,votos totais,,,2000,2.2,2.2,24691,cenário 1 - estimulado - 2º turno,Lula,PT,0,candidato,49.2,lula,0.492,luiz inacio lula da silva,0.509024051,2,lula,candidato,0.866,0.56812933,0.059105279
9767,2022,2,Futura,Modalmais,2021-10-22,2021-10-22,373,estimulada,votos totais,,,2000,2.2,2.2,24691,cenário 1 - estimulado - 2º turno,Bolsonaro,PL,0,candidato,37.4,bolsonaro,0.374,jair messias bolsonaro,0.490975949,2,bolsonaro,candidato,0.866,0.43187067,-0.059105279
9767,2022,2,Futura,Modalmais,2021-10-22,2021-10-22,373,estimulada,votos totais,,,2000,2.2,2.2,24691,cenário 1 - estimulado - 2º turno,indeciso / não sabe / não respondeu,N/A,1,nao_sabe,1.1,indeciso nao sabe nao respondeu,0.011,indeciso nao sabe nao respondeu,,2,indeciso nao sabe nao respondeu,nao_sabe,0.866,,
9767,2022,2,Futura,Modalmais,2021-10-22,2021-10-22,373,estimulada,votos totais,,,2000,2.2,2.2,24691,cenário 1 - estimulado - 2º turno,brancos / nulos,N/A,1,branco_nulo,12.4,brancos nulos,0.124,brancos nulos,,2,brancos nulos,branco_nulo,0.866,,
9820,2022,2,Futura,Banco Modal,2022-02-17,2022-02-17,255,estimulada,votos totais,BR-03014/2022,,2000,2.2,2.2,24936,cenário 1 - estimulado - 2º turno,brancos / nulos,N/A,1,branco_nulo,10.3,brancos nulos,0.103,brancos nulos,,2,brancos nulos,branco_nulo,0.881,,
9820,2022,2,Futura,Banco Modal,2022-02-17,2022-02-17,255,estimulada,votos totais,BR-03014/2022,,2000,2.2,2.2,24936,cenário 1 - estimulado - 2º turno,Bolsonaro,PL,0,candidato,40.1,bolsonaro,0.401,jair messias bolsonaro,0.490975949,2,bolsonaro,candidato,0.881,0.455164586,-0.035811363
9820,2022,2,Futura,Banco Modal,2022-02-17,2022-02-17,255,estimulada,votos totais,BR-03014/2022,,2000,2.2,2.2,24936,cenário 1 - estimulado - 2º turno,indeciso / não sabe / não respondeu,N/A,1,nao_sabe,1.6,indeciso nao sabe nao respondeu,0.016,indeciso nao sabe nao respondeu,,2,indeciso nao sabe nao respondeu,nao_sabe,0.881,,
9820,2022,2,Futura,Banco Modal,2022-02-17,2022-02-17,255,estimulada,votos totais,BR-03014/2022,,2000,2.2,2.2,24936,cenário 1 - estimulado - 2º turno,Lula,PT,0,candidato,48,lula,0.48,luiz inacio lula da silva,0.509024051,2,lula,candidato,0.881,0.544835414,0.035811363
9829,2022,2,Quaest,Genial Investimentos,2022-03-13,2022-03-13,231,estimulada,votos totais,BR-06693/2022,,2000,2,2,24995,cenário 1 - estimulado - 2º turno,Lula,PT,0,candidato,54,lula,0.54,luiz inacio lula da silva,0.509024051,2,lula,candidato,0.86,0.627906977,0.118882926
9829,2022,2,Quaest,Genial Investimentos,2022-03-13,2022-03-13,231,estimulada,votos totais,BR-06693/2022,,2000,2,2,24995,cenário 1 - estimulado - 2º turno,Bolsonaro,PL,0,candidato,32,bolsonaro,0.32,jair messias bolsonaro,0.490975949,2,bolsonaro,candidato,0.86,0.372093023,-0.118882926
9829,2022,2,Quaest,Genial Investimentos,2022-03-13,2022-03-13,231,estimulada,votos totais,BR-06693/2022,,2000,2,2,24995,cenário 1 - estimulado - 2º turno,indeciso,N/A,1,nao_sabe,3,indeciso,0.03,indeciso,,2,indeciso,candidato,0.86,,
9829,2022,2,Quaest,Genial Investimentos,2022-03-13,2022-03-13,231,estimulada,votos totais,BR-06693/2022,,2000,2,2,24995,cenário 1 - estimulado - 2º turno,branco / nulo / não votará,N/A,1,branco_nulo,10,branco nulo nao votara,0.1,branco nulo nao votara,,2,branco nulo nao votara,branco_nulo,0.86,,
9836,2022,2,FSB,BTG Pactual,2022-03-20,2022-03-20,224,estimulada,votos totais,BR-09630/2022,,2000,2,2,25037,cenário 1 - estimulado - 2º turno,não sabem / não responderam,N/A,1,nao_sabe,2,nao sabem nao responderam,0.02,nao sabem nao responderam,,2,nao sabem nao responderam,nao_sabe,0.89,,
9836,2022,2,FSB,BTG Pactual,2022-03-20,2022-03-20,224,estimulada,votos totais,BR-09630/2022,,2000,2,2,25037,cenário 1 - estimulado - 2º turno,Bolsonaro,PL,0,candidato,35,bolsonaro,0.35,jair messias bolsonaro,0.490975949,2,bolsonaro,candidato,0.89,0.393258427,-0.097717522
9836,2022,2,FSB,BTG Pactual,2022-03-20,2022-03-20,224,estimulada,votos totais,BR-09630/2022,,2000,2,2,25037,cenário 1 - estimulado - 2º turno,Lula,PT,0,candidato,54,lula,0.54,luiz inacio lula da silva,0.509024051,2,lula,candidato,0.89,0.606741573,0.097717522
9836,2022,2,FSB,BTG Pactual,2022-03-20,2022-03-20,224,estimulada,votos totais,BR-09630/2022,,2000,2,2,25037,cenário 1 - estimulado - 2º turno,nenhum,N/A,1,outros,5,nenhum,0.05,nenhum,,2,nenhum,outros,0.89,,
9836,2022,2,FSB,BTG Pactual,2022-03-20,2022-03-20,224,estimulada,votos totais,BR-09630/2022,,2000,2,2,25037,cenário 1 - estimulado - 2º turno,brancos / nulos,N/A,1,branco_nulo,4,brancos nulos,0.04,brancos nulos,,2,brancos nulos,branco_nulo,0.89,,
9886,2022,2,FSB,BTG Pactual,2022-04-24,2022-04-24,189,estimulada,votos totais,BR-04676/2022,,2000,2,2,25280,cenário 1 - estimulado - 2º turno,nenhum,N/A,1,outros,6,nenhum,0.06,nenhum,,2,nenhum,outros,0.89,,
9886,2022,2,FSB,BTG Pactual,2022-04-24,2022-04-24,189,estimulada,votos totais,BR-04676/2022,,2000,2,2,25280,cenário 1 - estimulado - 2º turno,brancos / nulos,N/A,1,branco_nulo,3,brancos nulos,0.03,brancos nulos,,2,brancos nulos,branco_nulo,0.89,,
9886,2022,2,FSB,BTG Pactual,2022-04-24,2022-04-24,189,estimulada,votos totais,BR-04676/2022,,2000,2,2,25280,cenário 1 - estimulado - 2º turno,não sabem / não responderam,N/A,1,nao_sabe,1,nao sabem nao responderam,0.01,nao sabem nao responderam,,2,nao sabem nao responderam,nao_sabe,0.89,,
9886,2022,2,FSB,BTG Pactual,2022-04-24,2022-04-24,189,estimulada,votos totais,BR-04676/2022,,2000,2,2,25280,cenário 1 - estimulado - 2º turno,Bolsonaro,PL,0,candidato,37,bolsonaro,0.37,jair messias bolsonaro,0.490975949,2,bolsonaro,candidato,0.89,0.415730337,-0.075245612
9886,2022,2,FSB,BTG Pactual,2022-04-24,2022-04-24,189,estimulada,votos totais,BR-04676/2022,,2000,2,2,25280,cenário 1 - estimulado - 2º turno,Lula,PT,0,candidato,52,lula,0.52,luiz inacio lula da silva,0.509024051,2,lula,candidato,0.89,0.584269663,0.075245612
9890,2022,2,Quaest,Genial Investimentos,2022-04-03,2022-04-03,210,estimulada,votos totais,BR-00372/2022,,2000,2,2,25309,cenário 1 - estimulado - 2º turno,Lula,PT,0,candidato,55,lula,0.55,luiz inacio lula da silva,0.509024051,2,lula,candidato,0.89,0.617977528,0.108953477
9890,2022,2,Quaest,Genial Investimentos,2022-04-03,2022-04-03,210,estimulada,votos totais,BR-00372/2022,,2000,2,2,25309,cenário 1 - estimulado - 2º turno,Bolsonaro,PL,0,candidato,34,bolsonaro,0.34,jair messias bolsonaro,0.490975949,2,bolsonaro,candidato,0.89,0.382022472,-0.108953477
9890,2022,2,Quaest,Genial Investimentos,2022-04-03,2022-04-03,210,estimulada,votos totais,BR-00372/2022,,2000,2,2,25309,cenário 1 - estimulado - 2º turno,indeciso,N/A,1,nao_sabe,3,indeciso,0.03,indeciso,,2,indeciso,candidato,0.89,,
9890,2022,2,Quaest,Genial Investimentos,2022-04-03,2022-04-03,210,estimulada,votos totais,BR-00372/2022,,2000,2,2,25309,cenário 1 - estimulado - 2º turno,nenhum / brancos / nulos,N/A,1,branco_nulo,8,nenhum brancos nulos,0.08,nenhum brancos nulos,,2,nenhum brancos nulos,branco_nulo,0.89,,
9893,2022,2,Futura,Banco Modal,2022-03-25,2022-03-25,219,estimulada,votos totais,BR-00758/2022,,2000,2.2,2.2,25324,cenário 1 - estimulada - 2º turno,Lula,PT,0,candidato,48.6,lula,0.486,luiz inacio lula da silva,0.509024051,2,lula,candidato,0.902,0.538802661,0.02977861
9893,2022,2,Futura,Banco Modal,2022-03-25,2022-03-25,219,estimulada,votos totais,BR-00758/2022,,2000,2.2,2.2,25324,cenário 1 - estimulada - 2º turno,indeciso / não sabe / não respondeu,N/A,1,nao_sabe,1.8,indeciso nao sabe nao respondeu,0.018,indeciso nao sabe nao respondeu,,2,indeciso nao sabe nao respondeu,nao_sabe,0.902,,
9893,2022,2,Futura,Banco Modal,2022-03-25,2022-03-25,219,estimulada,votos totais,BR-00758/2022,,2000,2.2,2.2,25324,cenário 1 - estimulada - 2º turno,brancos / nulos,N/A,1,branco_nulo,8,brancos nulos,0.08,brancos nulos,,2,brancos nulos,branco_nulo,0.902,,
9893,2022,2,Futura,Banco Modal,2022-03-25,2022-03-25,219,estimulada,votos totais,BR-00758/2022,,2000,2.2,2.2,25324,cenário 1 - estimulada - 2º turno,Bolsonaro,PL,0,candidato,41.6,bolsonaro,0.416,jair messias bolsonaro,0.490975949,2,bolsonaro,candidato,0.902,0.461197339,-0.02977861
9896,2022,2,Futura,Banco Modal,2022-04-25,2022-04-25,188,estimulada,votos totais,BR-08858/2022,,2000,2.2,2.2,25338,cenário 1 - estimulada - 2º turno,indeciso / não sabe / não respondeu,N/A,1,nao_sabe,1.9,indeciso nao sabe nao respondeu,0.019,indeciso nao sabe nao respondeu,,2,indeciso nao sabe nao respondeu,nao_sabe,0.899,,
9896,2022,2,Futura,Banco Modal,2022-04-25,2022-04-25,188,estimulada,votos totais,BR-08858/2022,,2000,2.2,2.2,25338,cenário 1 - estimulada - 2º turno,brancos / nulos,N/A,1,branco_nulo,8.1,brancos nulos,0.081,brancos nulos,,2,brancos nulos,branco_nulo,0.899,,
9896,2022,2,Futura,Banco Modal,2022-04-25,2022-04-25,188,estimulada,votos totais,BR-08858/2022,,2000,2.2,2.2,25338,cenário 1 - estimulada - 2º turno,Bolsonaro,PL,0,candidato,39.7,bolsonaro,0.397,jair messias bolsonaro,0.490975949,2,bolsonaro,candidato,0.899,0.44160178,-0.049374169
9896,2022,2,Futura,Banco Modal,2022-04-25,2022-04-25,188,estimulada,votos totais,BR-08858/2022,,2000,2.2,2.2,25338,cenário 1 - estimulada - 2º turno,Lula,PT,0,candidato,50.2,lula,0.502,luiz inacio lula da silva,0.509024051,2,lula,candidato,0.899,0.55839822,0.049374169
9964,2022,2,Quaest,Genial Investimentos,2022-05-08,2022-05-08,175,estimulada,votos totais,BR-01603/2022,,2000,2,2,25630,cenário 1 - estimulada - 2º turno,Bolsonaro,PL,0,candidato,34,bolsonaro,0.34,jair messias bolsonaro,0.490975949,2,bolsonaro,candidato,0.88,0.386363636,-0.104612312
9964,2022,2,Quaest,Genial Investimentos,2022-05-08,2022-05-08,175,estimulada,votos totais,BR-01603/2022,,2000,2,2,25630,cenário 1 - estimulada - 2º turno,indeciso,N/A,1,nao_sabe,2,indeciso,0.02,indeciso,,2,indeciso,candidato,0.88,,
9964,2022,2,Quaest,Genial Investimentos,2022-05-08,2022-05-08,175,estimulada,votos totais,BR-01603/2022,,2000,2,2,25630,cenário 1 - estimulada - 2º turno,branco / nulo / não votará,N/A,1,branco_nulo,9,branco nulo nao votara,0.09,branco nulo nao votara,,2,branco nulo nao votara,branco_nulo,0.88,,
9964,2022,2,Quaest,Genial Investimentos,2022-05-08,2022-05-08,175,estimulada,votos totais,BR-01603/2022,,2000,2,2,25630,cenário 1 - estimulada - 2º turno,Lula,PT,0,candidato,54,lula,0.54,luiz inacio lula da silva,0.509024051,2,lula,candidato,0.88,0.613636364,0.104612312
10000,2022,2,Quaest,Genial Investimentos,2022-06-05,2022-06-05,147,estimulada,votos totais,BR-03552/2022,,2000,2,2,25757,cenário 1 - estimulada - 2º turno,Lula,PT,0,candidato,54,lula,0.54,luiz inacio lula da silva,0.509024051,2,lula,candidato,0.86,0.627906977,0.118882926
10000,2022,2,Quaest,Genial Investimentos,2022-06-05,2022-06-05,147,estimulada,votos totais,BR-03552/2022,,2000,2,2,25757,cenário 1 - estimulada - 2º turno,Bolsonaro,PL,0,candidato,32,bolsonaro,0.32,jair messias bolsonaro,0.490975949,2,bolsonaro,candidato,0.86,0.372093023,-0.118882926
10000,2022,2,Quaest,Genial Investimentos,2022-06-05,2022-06-05,147,estimulada,votos totais,BR-03552/2022,,2000,2,2,25757,cenário 1 - estimulada - 2º turno,indeciso,N/A,1,nao_sabe,3,indeciso,0.03,indeciso,,2,indeciso,candidato,0.86,,
10000,2022,2,Quaest,Genial Investimentos,2022-06-05,2022-06-05,147,estimulada,votos totais,BR-03552/2022,,2000,2,2,25757,cenário 1 - estimulada - 2º turno,branco / nulo / não votará,N/A,1,branco_nulo,9,branco nulo nao votara,0.09,branco nulo nao votara,,2,branco nulo nao votara,branco_nulo,0.86,,
10033,2022,2,Quaest,Genial Investimentos,2022-07-02,2022-06-29,123,estimulada,votos totais,BR-01763/2022,,2000,2,2,25879,cenário 1 - estimulada - 2º turno,Lula,PT,0,candidato,53,lula,0.53,luiz inacio lula da silva,0.509024051,2,lula,candidato,0.87,0.609195402,0.100171351
10033,2022,2,Quaest,Genial Investimentos,2022-07-02,2022-06-29,123,estimulada,votos totais,BR-01763/2022,,2000,2,2,25879,cenário 1 - estimulada - 2º turno,branco / nulo / não votará,N/A,1,branco_nulo,9,branco nulo nao votara,0.09,branco nulo nao votara,,2,branco nulo nao votara,branco_nulo,0.87,,
10033,2022,2,Quaest,Genial Investimentos,2022-07-02,2022-06-29,123,estimulada,votos totais,BR-01763/2022,,2000,2,2,25879,cenário 1 - estimulada - 2º turno,Bolsonaro,PL,0,candidato,34,bolsonaro,0.34,jair messias bolsonaro,0.490975949,2,bolsonaro,candidato,0.87,0.390804598,-0.100171351
10033,2022,2,Quaest,Genial Investimentos,2022-07-02,2022-06-29,123,estimulada,votos totais,BR-01763/2022,,2000,2,2,25879,cenário 1 - estimulada - 2º turno,indeciso,N/A,1,nao_sabe,4,indeciso,0.04,indeciso,,2,indeciso,candidato,0.87,,
10042,2022,2,FSB,BTG Pactual,2022-07-10,2022-07-10,112,estimulada,votos totais,BR-09292/2022,,2000,2,2,25923,cenário 1 - estimulado - 2º turno,nenhum,N/A,1,outros,4,nenhum,0.04,nenhum,,2,nenhum,outros,0.9,,
10042,2022,2,FSB,BTG Pactual,2022-07-10,2022-07-10,112,estimulada,votos totais,BR-09292/2022,,2000,2,2,25923,cenário 1 - estimulado - 2º turno,não sabem / não responderam,N/A,1,nao_sabe,1,nao sabem nao responderam,0.01,nao sabem nao responderam,,2,nao sabem nao responderam,nao_sabe,0.9,,
10042,2022,2,FSB,BTG Pactual,2022-07-10,2022-07-10,112,estimulada,votos totais,BR-09292/2022,,2000,2,2,25923,cenário 1 - estimulado - 2º turno,brancos / nulos,N/A,1,branco_nulo,5,brancos nulos,0.05,brancos nulos,,2,brancos nulos,branco_nulo,0.9,,
10042,2022,2,FSB,BTG Pactual,2022-07-10,2022-07-10,112,estimulada,votos totais,BR-09292/2022,,2000,2,2,25923,cenário 1 - estimulado - 2º turno,Bolsonaro,PL,0,candidato,37,bolsonaro,0.37,jair messias bolsonaro,0.490975949,2,bolsonaro,candidato,0.9,0.411111111,-0.079864838
10042,2022,2,FSB,BTG Pactual,2022-07-10,2022-07-10,112,estimulada,votos totais,BR-09292/2022,,2000,2,2,25923,cenário 1 - estimulado - 2º turno,Lula,PT,0,candidato,53,lula,0.53,luiz inacio lula da silva,0.509024051,2,lula,candidato,0.9,0.588888889,0.079864838
10089,2022,2,FSB,BTG Pactual,2022-07-24,2022-07-24,98,estimulada,votos totais,BR-05938/2022,,2000,2,2,26080,cenário 1 - estimulado - 2º turno,não sabem / não responderam,N/A,1,nao_sabe,2,nao sabem nao responderam,0.02,nao sabem nao responderam,,2,nao sabem nao responderam,nao_sabe,0.9,,
10089,2022,2,FSB,BTG Pactual,2022-07-24,2022-07-24,98,estimulada,votos totais,BR-05938/2022,,2000,2,2,26080,cenário 1 - estimulado - 2º turno,Lula,PT,0,candidato,54,lula,0.54,luiz inacio lula da silva,0.509024051,2,lula,candidato,0.9,0.6,0.090975949
10089,2022,2,FSB,BTG Pactual,2022-07-24,2022-07-24,98,estimulada,votos totais,BR-05938/2022,,2000,2,2,26080,cenário 1 - estimulado - 2º turno,brancos / nulos,N/A,1,branco_nulo,3,brancos nulos,0.03,brancos nulos,,2,brancos nulos,branco_nulo,0.9,,
10089,2022,2,FSB,BTG Pactual,2022-07-24,2022-07-24,98,estimulada,votos totais,BR-05938/2022,,2000,2,2,26080,cenário 1 - estimulado - 2º turno,nenhum,N/A,1,outros,4,nenhum,0.04,nenhum,,2,nenhum,outros,0.9,,
10089,2022,2,FSB,BTG Pactual,2022-07-24,2022-07-24,98,estimulada,votos totais,BR-05938/2022,,2000,2,2,26080,cenário 1 - estimulado - 2º turno,Bolsonaro,PL,0,candidato,36,bolsonaro,0.36,jair messias bolsonaro,0.490975949,2,bolsonaro,candidato,0.9,0.4,-0.090975949
10090,2022,2,Ipespe,XP Investimentos,2022-07-22,2022-07-22,100,estimulada,votos totais,BR-08220/2022,,2000,2.2,2.2,26087,cenário 1 - estimulado - 2º turno,Lula,PT,0,candidato,53,lula,0.53,luiz inacio lula da silva,0.509024051,2,lula,candidato,0.89,0.595505618,0.086481567
10090,2022,2,Ipespe,XP Investimentos,2022-07-22,2022-07-22,100,estimulada,votos totais,BR-08220/2022,,2000,2.2,2.2,26087,cenário 1 - estimulado - 2º turno,Bolsonaro,PL,0,candidato,36,bolsonaro,0.36,jair messias bolsonaro,0.490975949,2,bolsonaro,candidato,0.89,0.404494382,-0.086481567
10090,2022,2,Ipespe,XP Investimentos,2022-07-22,2022-07-22,100,estimulada,votos totais,BR-08220/2022,,2000,2.2,2.2,26087,cenário 1 - estimulado - 2º turno,branco / nulo / não sabe / não respondeu,N/A,1,nao_sabe,11,branco nulo nao sabe nao respondeu,0.11,branco nulo nao sabe nao respondeu,,2,branco nulo nao sabe nao respondeu,nao_sabe,0.89,,
10125,2022,2,Quaest,Genial Investimentos,2022-07-31,2022-07-31,91,estimulada,votos totais,BR-02546/2022,,2000,2,2,26185,cenário 1 - estimulada - 2º turno,Bolsonaro,PL,0,candidato,37,bolsonaro,0.37,jair messias bolsonaro,0.490975949,2,bolsonaro,candidato,0.88,0.420454545,-0.070521403
10125,2022,2,Quaest,Genial Investimentos,2022-07-31,2022-07-31,91,estimulada,votos totais,BR-02546/2022,,2000,2,2,26185,cenário 1 - estimulada - 2º turno,branco / nulo / não votará,N/A,1,branco_nulo,9,branco nulo nao votara,0.09,branco nulo nao votara,,2,branco nulo nao votara,branco_nulo,0.88,,
10125,2022,2,Quaest,Genial Investimentos,2022-07-31,2022-07-31,91,estimulada,votos totais,BR-02546/2022,,2000,2,2,26185,cenário 1 - estimulada - 2º turno,Lula,PT,0,candidato,51,lula,0.51,luiz inacio lula da silva,0.509024051,2,lula,candidato,0.88,0.579545455,0.070521403
10125,2022,2,Quaest,Genial Investimentos,2022-07-31,2022-07-31,91,estimulada,votos totais,BR-02546/2022,,2000,2,2,26185,cenário 1 - estimulada - 2º turno,indeciso,N/A,1,nao_sabe,3,indeciso,0.03,indeciso,,2,indeciso,candidato,0.88,,
10148,2022,2,FSB,BTG Pactual,2022-08-07,2022-08-07,84,estimulada,votos totais,BR-08028/2022,,2000,2,2,26250,cenário 1 - estimulado - 2º turno,nenhum,N/A,1,outros,5,nenhum,0.05,nenhum,,2,nenhum,outros,0.9,,
10148,2022,2,FSB,BTG Pactual,2022-08-07,2022-08-07,84,estimulada,votos totais,BR-08028/2022,,2000,2,2,26250,cenário 1 - estimulado - 2º turno,Bolsonaro,PL,0,candidato,39,bolsonaro,0.39,jair messias bolsonaro,0.490975949,2,bolsonaro,candidato,0.9,0.433333333,-0.057642615
10148,2022,2,FSB,BTG Pactual,2022-08-07,2022-08-07,84,estimulada,votos totais,BR-08028/2022,,2000,2,2,26250,cenário 1 - estimulado - 2º turno,Lula,PT,0,candidato,51,lula,0.51,luiz inacio lula da silva,0.509024051,2,lula,candidato,0.9,0.566666667,0.057642615
10148,2022,2,FSB,BTG Pactual,2022-08-07,2022-08-07,84,estimulada,votos totais,BR-08028/2022,,2000,2,2,26250,cenário 1 - estimulado - 2º turno,brancos / nulos,N/A,1,branco_nulo,3,brancos nulos,0.03,brancos nulos,,2,brancos nulos,branco_nulo,0.9,,
10148,2022,2,FSB,BTG Pactual,2022-08-07,2022-08-07,84,estimulada,votos totais,BR-08028/2022,,2000,2,2,26250,cenário 1 - estimulado - 2º turno,não sabem / não responderam,N/A,1,nao_sabe,2,nao sabem nao responderam,0.02,nao sabem nao responderam,,2,nao sabem nao responderam,nao_sabe,0.9,,
10215,2022,1,FSB,BTG Pactual,2022-08-14,2022-08-14,49,estimulada,votos totais,BR-00603/2022,,2000,2,2,26405,cenário 1 - estimulado - 1º turno,Soraya Thronicke,União Brasil,0,candidato,0,soraya thronicke,0,soraya vieira thronicke,0.005082944,1,soraya thronicke,candidato,0.89,0,-0.005082944
10215,2022,1,FSB,BTG Pactual,2022-08-14,2022-08-14,49,estimulada,votos totais,BR-00603/2022,,2000,2,2,26405,cenário 1 - estimulado - 1º turno,Lula,PT,0,candidato,45,lula,0.45,luiz inacio lula da silva,0.484307199,1,lula,candidato,0.89,0.505617978,0.021310779
10215,2022,1,FSB,BTG Pactual,2022-08-14,2022-08-14,49,estimulada,votos totais,BR-00603/2022,,2000,2,2,26405,cenário 1 - estimulado - 1º turno,Eymael,DC,0,candidato,0,eymael,0,jose maria eymael,0.000140438,1,eymael,candidato,0.89,0,-0.000140438
10215,2022,1,FSB,BTG Pactual,2022-08-14,2022-08-14,49,estimulada,votos totais,BR-00603/2022,,2000,2,2,26405,cenário 1 - estimulado - 1º turno,Leonardo Péricles,UP,0,candidato,0,leonardo pericles,0,leonardo pericles vieira roque,0.00045267,1,leonardo pericles,candidato,0.89,0,-0.00045267
10215,2022,1,FSB,BTG Pactual,2022-08-14,2022-08-14,49,estimulada,votos totais,BR-00603/2022,,2000,2,2,26405,cenário 1 - estimulado - 1º turno,nenhum,N/A,1,outros,5,nenhum,0.05,nenhum,,1,nenhum,outros,0.89,,
10215,2022,1,FSB,BTG Pactual,2022-08-14,2022-08-14,49,estimulada,votos totais,BR-00603/2022,,2000,2,2,26405,cenário 1 - estimulado - 1º turno,Roberto Jefferson,PTB,0,candidato,0,roberto jefferson,0,roberto jefferson,,1,roberto jefferson,candidato,0.89,,
10215,2022,1,FSB,BTG Pactual,2022-08-14,2022-08-14,49,estimulada,votos totais,BR-00603/2022,,2000,2,2,26405,cenário 1 - estimulado - 1º turno,Vera Lúcia Salgado,PSTU,0,candidato,0,vera lucia salgado,0,vera lucia pereira da silva salgado,0.000216739,1,vera lucia salgado,candidato,0.89,0,-0.000216739
10215,2022,1,FSB,BTG Pactual,2022-08-14,2022-08-14,49,estimulada,votos totais,BR-00603/2022,,2000,2,2,26405,cenário 1 - estimulado - 1º turno,Sofia Manzano,PCB,0,candidato,0,sofia manzano,0,sofia padua manzano,0.000385859,1,sofia manzano,candidato,0.89,0,-0.000385859
10215,2022,1,FSB,BTG Pactual,2022-08-14,2022-08-14,49,estimulada,votos totais,BR-00603/2022,,2000,2,2,26405,cenário 1 - estimulado - 1º turno,Ciro,PDT,0,candidato,8,ciro,0.08,ciro ferreira gomes,0.030443166,1,ciro,candidato,0.89,0.08988764,0.059444474
10215,2022,1,FSB,BTG Pactual,2022-08-14,2022-08-14,49,estimulada,votos totais,BR-00603/2022,,2000,2,2,26405,cenário 1 - estimulado - 1º turno,Simone Tebet,MDB,0,candidato,2,simone tebet,0.02,simone nassar tebet,0.04157519,1,simone tebet,candidato,0.89,0.02247191,-0.01910328
10215,2022,1,FSB,BTG Pactual,2022-08-14,2022-08-14,49,estimulada,votos totais,BR-00603/2022,,2000,2,2,26405,cenário 1 - estimulado - 1º turno,não sabem / não responderam,N/A,1,nao_sabe,2,nao sabem nao responderam,0.02,nao sabem nao responderam,,1,nao sabem nao responderam,nao_sabe,0.89,,
10215,2022,1,FSB,BTG Pactual,2022-08-14,2022-08-14,49,estimulada,votos totais,BR-00603/2022,,2000,2,2,26405,cenário 1 - estimulado - 1º turno,Pablo Marçal,PROS,0,candidato,0,pablo marcal,0,pablo marcal,,1,pablo marcal,candidato,0.89,,
10215,2022,1,FSB,BTG Pactual,2022-08-14,2022-08-14,49,estimulada,votos totais,BR-00603/2022,,2000,2,2,26405,cenário 1 - estimulado - 1º turno,brancos / nulos,N/A,1,branco_nulo,1,brancos nulos,0.01,brancos nulos,,1,brancos nulos,branco_nulo,0.89,,
10215,2022,1,FSB,BTG Pactual,2022-08-14,2022-08-14,49,estimulada,votos totais,BR-00603/2022,,2000,2,2,26405,cenário 1 - estimulado - 1º turno,Bolsonaro,PL,0,candidato,34,bolsonaro,0.34,jair messias bolsonaro,0.431975526,1,bolsonaro,candidato,0.89,0.382022472,-0.049953054
10215,2022,1,FSB,BTG Pactual,2022-08-14,2022-08-14,49,estimulada,votos totais,BR-00603/2022,,2000,2,2,26405,cenário 1 - estimulado - 1º turno,Luiz Felipe d'Avila,NOVO,0,candidato,0,luiz felipe davila,0,luiz felipe chaves d avila,0.004734072,1,luiz felipe davila,candidato,0.89,0,-0.004734072
10215,2022,2,FSB,BTG Pactual,2022-08-14,2022-08-14,77,estimulada,votos totais,BR-00603/2022,,2000,2,2,26406,cenário 1 - estimulado - 2º turno,nenhum / brancos / nulos,N/A,1,branco_nulo,8,nenhum brancos nulos,0.08,nenhum brancos nulos,,2,nenhum brancos nulos,branco_nulo,0.91,,
10215,2022,2,FSB,BTG Pactual,2022-08-14,2022-08-14,77,estimulada,votos totais,BR-00603/2022,,2000,2,2,26406,cenário 1 - estimulado - 2º turno,Bolsonaro,PL,0,candidato,38,bolsonaro,0.38,jair messias bolsonaro,0.490975949,2,bolsonaro,candidato,0.91,0.417582418,-0.073393531
10215,2022,2,FSB,BTG Pactual,2022-08-14,2022-08-14,77,estimulada,votos totais,BR-00603/2022,,2000,2,2,26406,cenário 1 - estimulado - 2º turno,não sabem / não responderam,N/A,1,nao_sabe,2,nao sabem nao responderam,0.02,nao sabem nao responderam,,2,nao sabem nao responderam,nao_sabe,0.91,,
10215,2022,2,FSB,BTG Pactual,2022-08-14,2022-08-14,77,estimulada,votos totais,BR-00603/2022,,2000,2,2,26406,cenário 1 - estimulado - 2º turno,Lula,PT,0,candidato,53,lula,0.53,luiz inacio lula da silva,0.509024051,2,lula,candidato,0.91,0.582417582,0.073393531
10218,2022,2,Futura,Banco Modal,2022-07-25,2022-07-25,97,estimulada,votos totais,BR-07639/2022,,2000,2.2,2.2,26416,cenário 1 - estimulado - 2º turno,Lula,PT,0,candidato,46.2,lula,0.462,luiz inacio lula da silva,0.509024051,2,lula,candidato,0.878,0.5261959,0.017171849
10218,2022,2,Futura,Banco Modal,2022-07-25,2022-07-25,97,estimulada,votos totais,BR-07639/2022,,2000,2.2,2.2,26416,cenário 1 - estimulado - 2º turno,Bolsonaro,PL,0,candidato,41.6,bolsonaro,0.416,jair messias bolsonaro,0.490975949,2,bolsonaro,candidato,0.878,0.4738041,-0.017171849
10218,2022,2,Futura,Banco Modal,2022-07-25,2022-07-25,97,estimulada,votos totais,BR-07639/2022,,2000,2.2,2.2,26416,cenário 1 - estimulado - 2º turno,brancos / nulos,N/A,1,branco_nulo,9.6,brancos nulos,0.096,brancos nulos,,2,brancos nulos,branco_nulo,0.878,,
10218,2022,2,Futura,Banco Modal,2022-07-25,2022-07-25,97,estimulada,votos totais,BR-07639/2022,,2000,2.2,2.2,26416,cenário 1 - estimulado - 2º turno,não sabem / não responderam,N/A,1,nao_sabe,2.6,nao sabem nao responderam,0.026,nao sabem nao responderam,,2,nao sabem nao responderam,nao_sabe,0.878,,
10219,2022,1,Ipec,Grupo Globo,2022-08-14,2022-08-14,49,estimulada,votos totais,BR-03980/2022,,2000,2,2,26420,cenário 1 - estimulada - 1º turno,Vera Lúcia Salgado,PSTU,0,candidato,1,vera lucia salgado,0.01,vera lucia pereira da silva salgado,0.000216739,1,vera lucia salgado,candidato,0.85,0.011764706,0.011547967
10219,2022,1,Ipec,Grupo Globo,2022-08-14,2022-08-14,49,estimulada,votos totais,BR-03980/2022,,2000,2,2,26420,cenário 1 - estimulada - 1º turno,Lula,PT,0,candidato,44,lula,0.44,luiz inacio lula da silva,0.484307199,1,lula,candidato,0.85,0.517647059,0.03333986
10219,2022,1,Ipec,Grupo Globo,2022-08-14,2022-08-14,49,estimulada,votos totais,BR-03980/2022,,2000,2,2,26420,cenário 1 - estimulada - 1º turno,Simone Tebet,MDB,0,candidato,2,simone tebet,0.02,simone nassar tebet,0.04157519,1,simone tebet,candidato,0.85,0.023529412,-0.018045778
10219,2022,1,Ipec,Grupo Globo,2022-08-14,2022-08-14,49,estimulada,votos totais,BR-03980/2022,,2000,2,2,26420,cenário 1 - estimulada - 1º turno,Luiz Felipe d'Avila,NOVO,0,candidato,0,luiz felipe davila,0,luiz felipe chaves d avila,0.004734072,1,luiz felipe davila,candidato,0.85,0,-0.004734072
10219,2022,1,Ipec,Grupo Globo,2022-08-14,2022-08-14,49,estimulada,votos totais,BR-03980/2022,,2000,2,2,26420,cenário 1 - estimulada - 1º turno,Eymael,DC,0,candidato,0,eymael,0,jose maria eymael,0.000140438,1,eymael,candidato,0.85,0,-0.000140438
10219,2022,1,Ipec,Grupo Globo,2022-08-14,2022-08-14,49,estimulada,votos totais,BR-03980/2022,,2000,2,2,26420,cenário 1 - estimulada - 1º turno,não sabe,N/A,1,nao_sabe,7,nao sabe,0.07,nao sabe,,1,nao sabe,nao_sabe,0.85,,
10219,2022,1,Ipec,Grupo Globo,2022-08-14,2022-08-14,49,estimulada,votos totais,BR-03980/2022,,2000,2,2,26420,cenário 1 - estimulada - 1º turno,Leonardo Péricles,UP,0,candidato,0,leonardo pericles,0,leonardo pericles vieira roque,0.00045267,1,leonardo pericles,candidato,0.85,0,-0.00045267
10219,2022,1,Ipec,Grupo Globo,2022-08-14,2022-08-14,49,estimulada,votos totais,BR-03980/2022,,2000,2,2,26420,cenário 1 - estimulada - 1º turno,Bolsonaro,PL,0,candidato,32,bolsonaro,0.32,jair messias bolsonaro,0.431975526,1,bolsonaro,candidato,0.85,0.376470588,-0.055504937
10219,2022,1,Ipec,Grupo Globo,2022-08-14,2022-08-14,49,estimulada,votos totais,BR-03980/2022,,2000,2,2,26420,cenário 1 - estimulada - 1º turno,brancos / nulos,N/A,1,branco_nulo,8,brancos nulos,0.08,brancos nulos,,1,brancos nulos,branco_nulo,0.85,,
10219,2022,1,Ipec,Grupo Globo,2022-08-14,2022-08-14,49,estimulada,votos totais,BR-03980/2022,,2000,2,2,26420,cenário 1 - estimulada - 1º turno,Sofia Manzano,PC do B,0,candidato,0,sofia manzano,0,sofia padua manzano,0.000385859,1,sofia manzano,candidato,0.85,0,-0.000385859
10219,2022,1,Ipec,Grupo Globo,2022-08-14,2022-08-14,49,estimulada,votos totais,BR-03980/2022,,2000,2,2,26420,cenário 1 - estimulada - 1º turno,Pablo Marçal,PROS,0,candidato,0,pablo marcal,0,pablo marcal,,1,pablo marcal,candidato,0.85,,
10219,2022,1,Ipec,Grupo Globo,2022-08-14,2022-08-14,49,estimulada,votos totais,BR-03980/2022,,2000,2,2,26420,cenário 1 - estimulada - 1º turno,Ciro,PDT,0,candidato,6,ciro,0.06,ciro ferreira gomes,0.030443166,1,ciro,candidato,0.85,0.070588235,0.040145069
10219,2022,1,Ipec,Grupo Globo,2022-08-14,2022-08-14,49,estimulada,votos totais,BR-03980/2022,,2000,2,2,26420,cenário 1 - estimulada - 1º turno,Soraya Thronicke,União Brasil,0,candidato,0,soraya thronicke,0,soraya vieira thronicke,0.005082944,1,soraya thronicke,candidato,0.85,0,-0.005082944
10219,2022,2,Ipec,Grupo Globo,2022-08-14,2022-08-14,77,estimulada,votos totais,BR-03980/2022,,2000,2,2,26421,cenário 1 - estimulada - 2º turno,brancos / nulos,N/A,1,branco_nulo,9,brancos nulos,0.09,brancos nulos,,2,brancos nulos,branco_nulo,0.86,,
10219,2022,2,Ipec,Grupo Globo,2022-08-14,2022-08-14,77,estimulada,votos totais,BR-03980/2022,,2000,2,2,26421,cenário 1 - estimulada - 2º turno,Bolsonaro,PL,0,candidato,35,bolsonaro,0.35,jair messias bolsonaro,0.490975949,2,bolsonaro,candidato,0.86,0.406976744,-0.083999205
10219,2022,2,Ipec,Grupo Globo,2022-08-14,2022-08-14,77,estimulada,votos totais,BR-03980/2022,,2000,2,2,26421,cenário 1 - estimulada - 2º turno,não sabe,N/A,1,nao_sabe,5,nao sabe,0.05,nao sabe,,2,nao sabe,nao_sabe,0.86,,
10219,2022,2,Ipec,Grupo Globo,2022-08-14,2022-08-14,77,estimulada,votos totais,BR-03980/2022,,2000,2,2,26421,cenário 1 - estimulada - 2º turno,Lula,PT,0,candidato,51,lula,0.51,luiz inacio lula da silva,0.509024051,2,lula,candidato,0.86,0.593023256,0.083999205
10249,2022,1,Quaest,Genial Investimentos,2022-08-14,2022-08-14,49,estimulada,votos totais,BR-01167/2022,,2000,2,2,26468,cenário 1 - estimulado - 1º turno,Leonardo Péricles,UP,0,candidato,0,leonardo pericles,0,leonardo pericles vieira roque,0.00045267,1,leonardo pericles,candidato,0.87,0,-0.00045267
10249,2022,1,Quaest,Genial Investimentos,2022-08-14,2022-08-14,49,estimulada,votos totais,BR-01167/2022,,2000,2,2,26468,cenário 1 - estimulado - 1º turno,Luiz Felipe d'Avila,NOVO,0,candidato,0,luiz felipe davila,0,luiz felipe chaves d avila,0.004734072,1,luiz felipe davila,candidato,0.87,0,-0.004734072
10249,2022,1,Quaest,Genial Investimentos,2022-08-14,2022-08-14,49,estimulada,votos totais,BR-01167/2022,,2000,2,2,26468,cenário 1 - estimulado - 1º turno,Sofia Manzano,PCB,0,candidato,0,sofia manzano,0,sofia padua manzano,0.000385859,1,sofia manzano,candidato,0.87,0,-0.000385859
10249,2022,1,Quaest,Genial Investimentos,2022-08-14,2022-08-14,49,estimulada,votos totais,BR-01167/2022,,2000,2,2,26468,cenário 1 - estimulado - 1º turno,Lula,PT,0,candidato,45,lula,0.45,luiz inacio lula da silva,0.484307199,1,lula,candidato,0.87,0.517241379,0.032934181
10249,2022,1,Quaest,Genial Investimentos,2022-08-14,2022-08-14,49,estimulada,votos totais,BR-01167/2022,,2000,2,2,26468,cenário 1 - estimulado - 1º turno,Ciro,PDT,0,candidato,6,ciro,0.06,ciro ferreira gomes,0.030443166,1,ciro,candidato,0.87,0.068965517,0.038522351
10249,2022,1,Quaest,Genial Investimentos,2022-08-14,2022-08-14,49,estimulada,votos totais,BR-01167/2022,,2000,2,2,26468,cenário 1 - estimulado - 1º turno,Simone Tebet,MDB,0,candidato,3,simone tebet,0.03,simone nassar tebet,0.04157519,1,simone tebet,candidato,0.87,0.034482759,-0.007092431
10249,2022,1,Quaest,Genial Investimentos,2022-08-14,2022-08-14,49,estimulada,votos totais,BR-01167/2022,,2000,2,2,26468,cenário 1 - estimulado - 1º turno,indeciso,N/A,1,nao_sabe,6,indeciso,0.06,indeciso,,1,indeciso,candidato,0.87,,
10249,2022,1,Quaest,Genial Investimentos,2022-08-14,2022-08-14,49,estimulada,votos totais,BR-01167/2022,,2000,2,2,26468,cenário 1 - estimulado - 1º turno,branco / nulo / não votará,N/A,1,branco_nulo,6,branco nulo nao votara,0.06,branco nulo nao votara,,1,branco nulo nao votara,branco_nulo,0.87,,
10249,2022,1,Quaest,Genial Investimentos,2022-08-14,2022-08-14,49,estimulada,votos totais,BR-01167/2022,,2000,2,2,26468,cenário 1 - estimulado - 1º turno,Bolsonaro,PL,0,candidato,33,bolsonaro,0.33,jair messias bolsonaro,0.431975526,1,bolsonaro,candidato,0.87,0.379310345,-0.052665181
10249,2022,1,Quaest,Genial Investimentos,2022-08-14,2022-08-14,49,estimulada,votos totais,BR-01167/2022,,2000,2,2,26468,cenário 1 - estimulado - 1º turno,Soraya Thronicke,União Brasil,0,candidato,0,soraya thronicke,0,soraya vieira thronicke,0.005082944,1,soraya thronicke,candidato,0.87,0,-0.005082944
10249,2022,1,Quaest,Genial Investimentos,2022-08-14,2022-08-14,49,estimulada,votos totais,BR-01167/2022,,2000,2,2,26468,cenário 1 - estimulado - 1º turno,Vera Lúcia Salgado,PSTU,0,candidato,0,vera lucia salgado,0,vera lucia pereira da silva salgado,0.000216739,1,vera lucia salgado,candidato,0.87,0,-0.000216739
10249,2022,1,Quaest,Genial Investimentos,2022-08-14,2022-08-14,49,estimulada,votos totais,BR-01167/2022,,2000,2,2,26468,cenário 1 - estimulado - 1º turno,Eymael,DC,0,candidato,0,eymael,0,jose maria eymael,0.000140438,1,eymael,candidato,0.87,0,-0.000140438
10249,2022,2,Quaest,Genial Investimentos,2022-08-14,2022-08-14,77,estimulada,votos totais,BR-01167/2022,,2000,2,2,26469,cenário 1 - estimulado - 2º turno,indeciso,N/A,1,nao_sabe,4,indeciso,0.04,indeciso,,2,indeciso,candidato,0.89,,
10249,2022,2,Quaest,Genial Investimentos,2022-08-14,2022-08-14,77,estimulada,votos totais,BR-01167/2022,,2000,2,2,26469,cenário 1 - estimulado - 2º turno,Bolsonaro,PL,0,candidato,38,bolsonaro,0.38,jair messias bolsonaro,0.490975949,2,bolsonaro,candidato,0.89,0.426966292,-0.064009657
10249,2022,2,Quaest,Genial Investimentos,2022-08-14,2022-08-14,77,estimulada,votos totais,BR-01167/2022,,2000,2,2,26469,cenário 1 - estimulado - 2º turno,branco / nulo / não votará,N/A,1,branco_nulo,7,branco nulo nao votara,0.07,branco nulo nao votara,,2,branco nulo nao votara,branco_nulo,0.89,,
10249,2022,2,Quaest,Genial Investimentos,2022-08-14,2022-08-14,77,estimulada,votos totais,BR-01167/2022,,2000,2,2,26469,cenário 1 - estimulado - 2º turno,Lula,PT,0,candidato,51,lula,0.51,luiz inacio lula da silva,0.509024051,2,lula,candidato,0.89,0.573033708,0.064009657
10270,2022,2,Futura,Banco Modal,2022-05-19,2022-05-19,164,estimulada,votos totais,BR-05658/2022,,2000,2.2,2.2,26535,cenário 1 - estimulada - 2º turno,Bolsonaro,PL,0,candidato,40.8,bolsonaro,0.408,jair messias bolsonaro,0.490975949,2,bolsonaro,candidato,0.898,0.454342984,-0.036632964
10270,2022,2,Futura,Banco Modal,2022-05-19,2022-05-19,164,estimulada,votos totais,BR-05658/2022,,2000,2.2,2.2,26535,cenário 1 - estimulada - 2º turno,indeciso / não sabe / não respondeu,N/A,1,nao_sabe,2.8,indeciso nao sabe nao respondeu,0.028,indeciso nao sabe nao respondeu,,2,indeciso nao sabe nao respondeu,nao_sabe,0.898,,
10270,2022,2,Futura,Banco Modal,2022-05-19,2022-05-19,164,estimulada,votos totais,BR-05658/2022,,2000,2.2,2.2,26535,cenário 1 - estimulada - 2º turno,Lula,PT,0,candidato,49,lula,0.49,luiz inacio lula da silva,0.509024051,2,lula,candidato,0.898,0.545657016,0.036632964
10270,2022,2,Futura,Banco Modal,2022-05-19,2022-05-19,164,estimulada,votos totais,BR-05658/2022,,2000,2.2,2.2,26535,cenário 1 - estimulada - 2º turno,brancos / nulos,N/A,1,branco_nulo,7.4,brancos nulos,0.074,brancos nulos,,2,brancos nulos,branco_nulo,0.898,,
10295,2022,1,FSB,BTG Pactual,2022-08-21,2022-08-21,42,estimulada,votos totais,BR-00244/2022,,2000,2,2,26590,cenário 1 - estimulado - 1º turno,Luiz Felipe d'Avila,NOVO,0,candidato,0,luiz felipe davila,0,luiz felipe chaves d avila,0.004734072,1,luiz felipe davila,candidato,0.91,0,-0.004734072
10295,2022,1,FSB,BTG Pactual,2022-08-21,2022-08-21,42,estimulada,votos totais,BR-00244/2022,,2000,2,2,26590,cenário 1 - estimulado - 1º turno,não sabem / não responderam,N/A,1,nao_sabe,3,nao sabem nao responderam,0.03,nao sabem nao responderam,,1,nao sabem nao responderam,nao_sabe,0.91,,
10295,2022,1,FSB,BTG Pactual,2022-08-21,2022-08-21,42,estimulada,votos totais,BR-00244/2022,,2000,2,2,26590,cenário 1 - estimulado - 1º turno,Bolsonaro,PL,0,candidato,36,bolsonaro,0.36,jair messias bolsonaro,0.431975526,1,bolsonaro,candidato,0.91,0.395604396,-0.03637113
10295,2022,1,FSB,BTG Pactual,2022-08-21,2022-08-21,42,estimulada,votos totais,BR-00244/2022,,2000,2,2,26590,cenário 1 - estimulado - 1º turno,Roberto Jefferson,PTB,0,candidato,0,roberto jefferson,0,roberto jefferson,,1,roberto jefferson,candidato,0.91,,
10295,2022,1,FSB,BTG Pactual,2022-08-21,2022-08-21,42,estimulada,votos totais,BR-00244/2022,,2000,2,2,26590,cenário 1 - estimulado - 1º turno,Soraya Thronicke,União Brasil,0,candidato,0,soraya thronicke,0,soraya vieira thronicke,0.005082944,1,soraya thronicke,candidato,0.91,0,-0.005082944
10295,2022,1,FSB,BTG Pactual,2022-08-21,2022-08-21,42,estimulada,votos totais,BR-00244/2022,,2000,2,2,26590,cenário 1 - estimulado - 1º turno,Pablo Marçal,PROS,0,candidato,1,pablo marcal,0.01,pablo marcal,,1,pablo marcal,candidato,0.91,,
10295,2022,1,FSB,BTG Pactual,2022-08-21,2022-08-21,42,estimulada,votos totais,BR-00244/2022,,2000,2,2,26590,cenário 1 - estimulado - 1º turno,Lula,PT,0,candidato,45,lula,0.45,luiz inacio lula da silva,0.484307199,1,lula,candidato,0.91,0.494505495,0.010198296
10295,2022,1,FSB,BTG Pactual,2022-08-21,2022-08-21,42,estimulada,votos totais,BR-00244/2022,,2000,2,2,26590,cenário 1 - estimulado - 1º turno,Ciro,PDT,0,candidato,6,ciro,0.06,ciro ferreira gomes,0.030443166,1,ciro,candidato,0.91,0.065934066,0.0354909
10295,2022,1,FSB,BTG Pactual,2022-08-21,2022-08-21,42,estimulada,votos totais,BR-00244/2022,,2000,2,2,26590,cenário 1 - estimulado - 1º turno,Sofia Manzano,PCB,0,candidato,0,sofia manzano,0,sofia padua manzano,0.000385859,1,sofia manzano,candidato,0.91,0,-0.000385859
10295,2022,1,FSB,BTG Pactual,2022-08-21,2022-08-21,42,estimulada,votos totais,BR-00244/2022,,2000,2,2,26590,cenário 1 - estimulado - 1º turno,Vera Lúcia Salgado,PSTU,0,candidato,1,vera lucia salgado,0.01,vera lucia pereira da silva salgado,0.000216739,1,vera lucia salgado,candidato,0.91,0.010989011,0.010772272
10295,2022,1,FSB,BTG Pactual,2022-08-21,2022-08-21,42,estimulada,votos totais,BR-00244/2022,,2000,2,2,26590,cenário 1 - estimulado - 1º turno,Simone Tebet,MDB,0,candidato,3,simone tebet,0.03,simone nassar tebet,0.04157519,1,simone tebet,candidato,0.91,0.032967033,-0.008608157
10295,2022,1,FSB,BTG Pactual,2022-08-21,2022-08-21,42,estimulada,votos totais,BR-00244/2022,,2000,2,2,26590,cenário 1 - estimulado - 1º turno,Eymael,DC,0,candidato,0,eymael,0,jose maria eymael,0.000140438,1,eymael,candidato,0.91,0,-0.000140438
10295,2022,1,FSB,BTG Pactual,2022-08-21,2022-08-21,42,estimulada,votos totais,BR-00244/2022,,2000,2,2,26590,cenário 1 - estimulado - 1º turno,Leonardo Péricles,UP,0,candidato,0,leonardo pericles,0,leonardo pericles vieira roque,0.00045267,1,leonardo pericles,candidato,0.91,0,-0.00045267
10295,2022,1,FSB,BTG Pactual,2022-08-21,2022-08-21,42,estimulada,votos totais,BR-00244/2022,,2000,2,2,26590,cenário 1 - estimulado - 1º turno,nenhum,N/A,1,outros,4,nenhum,0.04,nenhum,,1,nenhum,outros,0.91,,
10295,2022,1,FSB,BTG Pactual,2022-08-21,2022-08-21,42,estimulada,votos totais,BR-00244/2022,,2000,2,2,26590,cenário 1 - estimulado - 1º turno,brancos / nulos,N/A,1,branco_nulo,2,brancos nulos,0.02,brancos nulos,,1,brancos nulos,branco_nulo,0.91,,
10295,2022,2,FSB,BTG Pactual,2022-08-21,2022-08-21,70,estimulada,votos totais,BR-00244/2022,,2000,2,2,26591,cenário 1 - estimulado - 2º turno,Bolsonaro,PL,0,candidato,39,bolsonaro,0.39,jair messias bolsonaro,0.490975949,2,bolsonaro,candidato,0.91,0.428571429,-0.06240452
10295,2022,2,FSB,BTG Pactual,2022-08-21,2022-08-21,70,estimulada,votos totais,BR-00244/2022,,2000,2,2,26591,cenário 1 - estimulado - 2º turno,não sabem / não responderam,N/A,1,nao_sabe,2,nao sabem nao responderam,0.02,nao sabem nao responderam,,2,nao sabem nao responderam,nao_sabe,0.91,,
10295,2022,2,FSB,BTG Pactual,2022-08-21,2022-08-21,70,estimulada,votos totais,BR-00244/2022,,2000,2,2,26591,cenário 1 - estimulado - 2º turno,nenhum / brancos / nulos,N/A,1,branco_nulo,7,nenhum brancos nulos,0.07,nenhum brancos nulos,,2,nenhum brancos nulos,branco_nulo,0.91,,
10295,2022,2,FSB,BTG Pactual,2022-08-21,2022-08-21,70,estimulada,votos totais,BR-00244/2022,,2000,2,2,26591,cenário 1 - estimulado - 2º turno,Lula,PT,0,candidato,52,lula,0.52,luiz inacio lula da silva,0.509024051,2,lula,candidato,0.91,0.571428571,0.06240452
10335,2022,1,Brasmarket,Asserj,2022-08-22,2022-08-22,41,estimulada,votos totais,BR-07901/2022,,2000,2.2,2.2,26691,cenário 1 - estimulada - 1º turno,Ciro,PDT,0,candidato,4.3,ciro,0.043,ciro ferreira gomes,0.030443166,1,ciro,candidato,0.827,0.051995163,0.021551997
10335,2022,1,Brasmarket,Asserj,2022-08-22,2022-08-22,41,estimulada,votos totais,BR-07901/2022,,2000,2.2,2.2,26691,cenário 1 - estimulada - 1º turno,Lula,PT,0,candidato,32.9,lula,0.329,luiz inacio lula da silva,0.484307199,1,lula,candidato,0.827,0.397823458,-0.08648374
10335,2022,1,Brasmarket,Asserj,2022-08-22,2022-08-22,41,estimulada,votos totais,BR-07901/2022,,2000,2.2,2.2,26691,cenário 1 - estimulada - 1º turno,brancos / nulos,N/A,1,branco_nulo,7.9,brancos nulos,0.079,brancos nulos,,1,brancos nulos,branco_nulo,0.827,,
10335,2022,1,Brasmarket,Asserj,2022-08-22,2022-08-22,41,estimulada,votos totais,BR-07901/2022,,2000,2.2,2.2,26691,cenário 1 - estimulada - 1º turno,Simone Tebet,MDB,0,candidato,3.3,simone tebet,0.033,simone nassar tebet,0.04157519,1,simone tebet,candidato,0.827,0.039903265,-0.001671925
10335,2022,1,Brasmarket,Asserj,2022-08-22,2022-08-22,41,estimulada,votos totais,BR-07901/2022,,2000,2.2,2.2,26691,cenário 1 - estimulada - 1º turno,Sofia Manzano,PCB,0,candidato,0,sofia manzano,0,sofia padua manzano,0.000385859,1,sofia manzano,candidato,0.827,0,-0.000385859
10335,2022,1,Brasmarket,Asserj,2022-08-22,2022-08-22,41,estimulada,votos totais,BR-07901/2022,,2000,2.2,2.2,26691,cenário 1 - estimulada - 1º turno,Soraya Thronicke,União Brasil,0,candidato,0.1,soraya thronicke,0.001,soraya vieira thronicke,0.005082944,1,soraya thronicke,candidato,0.827,0.00120919,-0.003873754
10335,2022,1,Brasmarket,Asserj,2022-08-22,2022-08-22,41,estimulada,votos totais,BR-07901/2022,,2000,2.2,2.2,26691,cenário 1 - estimulada - 1º turno,Luiz Felipe d'Avila,NOVO,0,candidato,0.3,luiz felipe davila,0.003,luiz felipe chaves d avila,0.004734072,1,luiz felipe davila,candidato,0.827,0.00362757,-0.001106502
10335,2022,1,Brasmarket,Asserj,2022-08-22,2022-08-22,41,estimulada,votos totais,BR-07901/2022,,2000,2.2,2.2,26691,cenário 1 - estimulada - 1º turno,Roberto Jefferson,PTB,0,candidato,0,roberto jefferson,0,roberto jefferson,,1,roberto jefferson,candidato,0.827,,
10335,2022,1,Brasmarket,Asserj,2022-08-22,2022-08-22,41,estimulada,votos totais,BR-07901/2022,,2000,2.2,2.2,26691,cenário 1 - estimulada - 1º turno,Leonardo Péricles,UP,0,candidato,0.2,leonardo pericles,0.002,leonardo pericles vieira roque,0.00045267,1,leonardo pericles,candidato,0.827,0.00241838,0.00196571
10335,2022,1,Brasmarket,Asserj,2022-08-22,2022-08-22,41,estimulada,votos totais,BR-07901/2022,,2000,2.2,2.2,26691,cenário 1 - estimulada - 1º turno,Eymael,DC,0,candidato,0.2,eymael,0.002,jose maria eymael,0.000140438,1,eymael,candidato,0.827,0.00241838,0.002277941
10335,2022,1,Brasmarket,Asserj,2022-08-22,2022-08-22,41,estimulada,votos totais,BR-07901/2022,,2000,2.2,2.2,26691,cenário 1 - estimulada - 1º turno,não sabem / não responderam,N/A,1,nao_sabe,9.4,nao sabem nao responderam,0.094,nao sabem nao responderam,,1,nao sabem nao responderam,nao_sabe,0.827,,
10335,2022,1,Brasmarket,Asserj,2022-08-22,2022-08-22,41,estimulada,votos totais,BR-07901/2022,,2000,2.2,2.2,26691,cenário 1 - estimulada - 1º turno,Pablo Marçal,PROS,0,candidato,0.3,pablo marcal,0.003,pablo marcal,,1,pablo marcal,candidato,0.827,,
10335,2022,1,Brasmarket,Asserj,2022-08-22,2022-08-22,41,estimulada,votos totais,BR-07901/2022,,2000,2.2,2.2,26691,cenário 1 - estimulada - 1º turno,Bolsonaro,PL,0,candidato,41,bolsonaro,0.41,jair messias bolsonaro,0.431975526,1,bolsonaro,candidato,0.827,0.495767836,0.06379231
10335,2022,1,Brasmarket,Asserj,2022-08-22,2022-08-22,41,estimulada,votos totais,BR-07901/2022,,2000,2.2,2.2,26691,cenário 1 - estimulada - 1º turno,Vera Lúcia Salgado,PSTU,0,candidato,0.4,vera lucia salgado,0.004,vera lucia pereira da silva salgado,0.000216739,1,vera lucia salgado,candidato,0.827,0.004836759,0.00462002
10376,2022,1,FSB,BTG Pactual,2022-08-28,2022-08-26,37,estimulada,votos totais,BR-08934/2022,,2000,2,2,26777,cenário 1 - estimulado - 1º turno,brancos / nulos,N/A,1,branco_nulo,0,brancos nulos,0,brancos nulos,,1,brancos nulos,branco_nulo,0.93,,
10376,2022,1,FSB,BTG Pactual,2022-08-28,2022-08-26,37,estimulada,votos totais,BR-08934/2022,,2000,2,2,26777,cenário 1 - estimulado - 1º turno,Lula,PT,0,candidato,43,lula,0.43,luiz inacio lula da silva,0.484307199,1,lula,candidato,0.93,0.462365591,-0.021941607
10376,2022,1,FSB,BTG Pactual,2022-08-28,2022-08-26,37,estimulada,votos totais,BR-08934/2022,,2000,2,2,26777,cenário 1 - estimulado - 1º turno,Eymael,DC,0,candidato,0,eymael,0,jose maria eymael,0.000140438,1,eymael,candidato,0.93,0,-0.000140438
10376,2022,1,FSB,BTG Pactual,2022-08-28,2022-08-26,37,estimulada,votos totais,BR-08934/2022,,2000,2,2,26777,cenário 1 - estimulado - 1º turno,Vera Lúcia Salgado,PSTU,0,candidato,1,vera lucia salgado,0.01,vera lucia pereira da silva salgado,0.000216739,1,vera lucia salgado,candidato,0.93,0.010752688,0.010535949
10376,2022,1,FSB,BTG Pactual,2022-08-28,2022-08-26,37,estimulada,votos totais,BR-08934/2022,,2000,2,2,26777,cenário 1 - estimulado - 1º turno,Bolsonaro,PL,0,candidato,36,bolsonaro,0.36,jair messias bolsonaro,0.431975526,1,bolsonaro,candidato,0.93,0.387096774,-0.044878751
10376,2022,1,FSB,BTG Pactual,2022-08-28,2022-08-26,37,estimulada,votos totais,BR-08934/2022,,2000,2,2,26777,cenário 1 - estimulado - 1º turno,Pablo Marçal,PROS,0,candidato,1,pablo marcal,0.01,pablo marcal,,1,pablo marcal,candidato,0.93,,
10376,2022,1,FSB,BTG Pactual,2022-08-28,2022-08-26,37,estimulada,votos totais,BR-08934/2022,,2000,2,2,26777,cenário 1 - estimulado - 1º turno,Luiz Felipe d'Avila,NOVO,0,candidato,0,luiz felipe davila,0,luiz felipe chaves d avila,0.004734072,1,luiz felipe davila,candidato,0.93,0,-0.004734072
10376,2022,1,FSB,BTG Pactual,2022-08-28,2022-08-26,37,estimulada,votos totais,BR-08934/2022,,2000,2,2,26777,cenário 1 - estimulado - 1º turno,nenhum / não sabe / não respondeu,N/A,1,nao_sabe,7,nenhum nao sabe nao respondeu,0.07,nenhum nao sabe nao respondeu,,1,nenhum nao sabe nao respondeu,nao_sabe,0.93,,
10376,2022,1,FSB,BTG Pactual,2022-08-28,2022-08-26,37,estimulada,votos totais,BR-08934/2022,,2000,2,2,26777,cenário 1 - estimulado - 1º turno,Simone Tebet,MDB,0,candidato,4,simone tebet,0.04,simone nassar tebet,0.04157519,1,simone tebet,candidato,0.93,0.043010753,0.001435563
10376,2022,1,FSB,BTG Pactual,2022-08-28,2022-08-26,37,estimulada,votos totais,BR-08934/2022,,2000,2,2,26777,cenário 1 - estimulado - 1º turno,Soraya Thronicke,União Brasil,0,candidato,0,soraya thronicke,0,soraya vieira thronicke,0.005082944,1,soraya thronicke,candidato,0.93,0,-0.005082944
10376,2022,1,FSB,BTG Pactual,2022-08-28,2022-08-26,37,estimulada,votos totais,BR-08934/2022,,2000,2,2,26777,cenário 1 - estimulado - 1º turno,Sofia Manzano,PC do B,0,candidato,0,sofia manzano,0,sofia padua manzano,0.000385859,1,sofia manzano,candidato,0.93,0,-0.000385859
10376,2022,1,FSB,BTG Pactual,2022-08-28,2022-08-26,37,estimulada,votos totais,BR-08934/2022,,2000,2,2,26777,cenário 1 - estimulado - 1º turno,Leonardo Péricles,UP,0,candidato,0,leonardo pericles,0,leonardo pericles vieira roque,0.00045267,1,leonardo pericles,candidato,0.93,0,-0.00045267
10376,2022,1,FSB,BTG Pactual,2022-08-28,2022-08-26,37,estimulada,votos totais,BR-08934/2022,,2000,2,2,26777,cenário 1 - estimulado - 1º turno,Roberto Jefferson,PTB,0,candidato,0,roberto jefferson,0,roberto jefferson,,1,roberto jefferson,candidato,0.93,,
10376,2022,1,FSB,BTG Pactual,2022-08-28,2022-08-26,37,estimulada,votos totais,BR-08934/2022,,2000,2,2,26777,cenário 1 - estimulado - 1º turno,Ciro,PDT,0,candidato,9,ciro,0.09,ciro ferreira gomes,0.030443166,1,ciro,candidato,0.93,0.096774194,0.066331027
10376,2022,2,FSB,BTG Pactual,2022-08-28,2022-08-26,65,estimulada,votos totais,BR-08934/2022,,2000,2,2,26778,cenário 1 - estimulado - 2º turno,nenhum / não sabe / não respondeu,N/A,1,nao_sabe,6,nenhum nao sabe nao respondeu,0.06,nenhum nao sabe nao respondeu,,2,nenhum nao sabe nao respondeu,nao_sabe,0.91,,
10376,2022,2,FSB,BTG Pactual,2022-08-28,2022-08-26,65,estimulada,votos totais,BR-08934/2022,,2000,2,2,26778,cenário 1 - estimulado - 2º turno,Lula,PT,0,candidato,52,lula,0.52,luiz inacio lula da silva,0.509024051,2,lula,candidato,0.91,0.571428571,0.06240452
10376,2022,2,FSB,BTG Pactual,2022-08-28,2022-08-26,65,estimulada,votos totais,BR-08934/2022,,2000,2,2,26778,cenário 1 - estimulado - 2º turno,brancos / nulos,N/A,1,branco_nulo,3,brancos nulos,0.03,brancos nulos,,2,brancos nulos,branco_nulo,0.91,,
10376,2022,2,FSB,BTG Pactual,2022-08-28,2022-08-26,65,estimulada,votos totais,BR-08934/2022,,2000,2,2,26778,cenário 1 - estimulado - 2º turno,Bolsonaro,PL,0,candidato,39,bolsonaro,0.39,jair messias bolsonaro,0.490975949,2,bolsonaro,candidato,0.91,0.428571429,-0.06240452
10402,2022,1,Quaest,Genial Investimentos,2022-08-28,2022-08-25,38,estimulada,votos totais,BR-00585/2022,,2000,2,2,26844,cenário 1 - 1º turno - estimulada,Bolsonaro,PL,0,candidato,32,bolsonaro,0.32,jair messias bolsonaro,0.431975526,1,bolsonaro,candidato,0.88,0.363636364,-0.068339162
10402,2022,1,Quaest,Genial Investimentos,2022-08-28,2022-08-25,38,estimulada,votos totais,BR-00585/2022,,2000,2,2,26844,cenário 1 - 1º turno - estimulada,Roberto Jefferson,PTB,0,candidato,0,roberto jefferson,0,roberto jefferson,,1,roberto jefferson,candidato,0.88,,
10402,2022,1,Quaest,Genial Investimentos,2022-08-28,2022-08-25,38,estimulada,votos totais,BR-00585/2022,,2000,2,2,26844,cenário 1 - 1º turno - estimulada,branco / nulo / não votará,N/A,1,branco_nulo,5,branco nulo nao votara,0.05,branco nulo nao votara,,1,branco nulo nao votara,branco_nulo,0.88,,
10402,2022,1,Quaest,Genial Investimentos,2022-08-28,2022-08-25,38,estimulada,votos totais,BR-00585/2022,,2000,2,2,26844,cenário 1 - 1º turno - estimulada,Eymael,DC,0,candidato,0,eymael,0,jose maria eymael,0.000140438,1,eymael,candidato,0.88,0,-0.000140438
10402,2022,1,Quaest,Genial Investimentos,2022-08-28,2022-08-25,38,estimulada,votos totais,BR-00585/2022,,2000,2,2,26844,cenário 1 - 1º turno - estimulada,Luiz Felipe d'Avila,NOVO,0,candidato,0,luiz felipe davila,0,luiz felipe chaves d avila,0.004734072,1,luiz felipe davila,candidato,0.88,0,-0.004734072
10402,2022,1,Quaest,Genial Investimentos,2022-08-28,2022-08-25,38,estimulada,votos totais,BR-00585/2022,,2000,2,2,26844,cenário 1 - 1º turno - estimulada,Pablo Marçal,PROS,0,candidato,1,pablo marcal,0.01,pablo marcal,,1,pablo marcal,candidato,0.88,,
10402,2022,1,Quaest,Genial Investimentos,2022-08-28,2022-08-25,38,estimulada,votos totais,BR-00585/2022,,2000,2,2,26844,cenário 1 - 1º turno - estimulada,Vera Lúcia Salgado,PSTU,0,candidato,1,vera lucia salgado,0.01,vera lucia pereira da silva salgado,0.000216739,1,vera lucia salgado,candidato,0.88,0.011363636,0.011146897
10402,2022,1,Quaest,Genial Investimentos,2022-08-28,2022-08-25,38,estimulada,votos totais,BR-00585/2022,,2000,2,2,26844,cenário 1 - 1º turno - estimulada,Lula,PT,0,candidato,44,lula,0.44,luiz inacio lula da silva,0.484307199,1,lula,candidato,0.88,0.5,0.015692801
10402,2022,1,Quaest,Genial Investimentos,2022-08-28,2022-08-25,38,estimulada,votos totais,BR-00585/2022,,2000,2,2,26844,cenário 1 - 1º turno - estimulada,Leonardo Péricles,UP,0,candidato,0,leonardo pericles,0,leonardo pericles vieira roque,0.00045267,1,leonardo pericles,candidato,0.88,0,-0.00045267
10402,2022,1,Quaest,Genial Investimentos,2022-08-28,2022-08-25,38,estimulada,votos totais,BR-00585/2022,,2000,2,2,26844,cenário 1 - 1º turno - estimulada,Ciro,PDT,0,candidato,8,ciro,0.08,ciro ferreira gomes,0.030443166,1,ciro,candidato,0.88,0.090909091,0.060465925
10402,2022,1,Quaest,Genial Investimentos,2022-08-28,2022-08-25,38,estimulada,votos totais,BR-00585/2022,,2000,2,2,26844,cenário 1 - 1º turno - estimulada,Sofia Manzano,PCB,0,candidato,0,sofia manzano,0,sofia padua manzano,0.000385859,1,sofia manzano,candidato,0.88,0,-0.000385859
10402,2022,1,Quaest,Genial Investimentos,2022-08-28,2022-08-25,38,estimulada,votos totais,BR-00585/2022,,2000,2,2,26844,cenário 1 - 1º turno - estimulada,Simone Tebet,MDB,0,candidato,3,simone tebet,0.03,simone nassar tebet,0.04157519,1,simone tebet,candidato,0.88,0.034090909,-0.007484281
10402,2022,1,Quaest,Genial Investimentos,2022-08-28,2022-08-25,38,estimulada,votos totais,BR-00585/2022,,2000,2,2,26844,cenário 1 - 1º turno - estimulada,indeciso,N/A,1,nao_sabe,6,indeciso,0.06,indeciso,,1,indeciso,candidato,0.88,,
10402,2022,1,Quaest,Genial Investimentos,2022-08-28,2022-08-25,38,estimulada,votos totais,BR-00585/2022,,2000,2,2,26844,cenário 1 - 1º turno - estimulada,Soraya Thronicke,União Brasil,0,candidato,0,soraya thronicke,0,soraya vieira thronicke,0.005082944,1,soraya thronicke,candidato,0.88,0,-0.005082944
10402,2022,2,Quaest,Genial Investimentos,2022-08-28,2022-08-25,66,estimulada,votos totais,BR-00585/2022,,2000,2,2,26845,cenário 1 - 2º turno - estimulada,não sabe,N/A,1,nao_sabe,4,nao sabe,0.04,nao sabe,,2,nao sabe,nao_sabe,0.88,,
10402,2022,2,Quaest,Genial Investimentos,2022-08-28,2022-08-25,66,estimulada,votos totais,BR-00585/2022,,2000,2,2,26845,cenário 1 - 2º turno - estimulada,Bolsonaro,PL,0,candidato,37,bolsonaro,0.37,jair messias bolsonaro,0.490975949,2,bolsonaro,candidato,0.88,0.420454545,-0.070521403
10402,2022,2,Quaest,Genial Investimentos,2022-08-28,2022-08-25,66,estimulada,votos totais,BR-00585/2022,,2000,2,2,26845,cenário 1 - 2º turno - estimulada,Lula,PT,0,candidato,51,lula,0.51,luiz inacio lula da silva,0.509024051,2,lula,candidato,0.88,0.579545455,0.070521403
10402,2022,2,Quaest,Genial Investimentos,2022-08-28,2022-08-25,66,estimulada,votos totais,BR-00585/2022,,2000,2,2,26845,cenário 1 - 2º turno - estimulada,branco / nulo / não votará,N/A,1,branco_nulo,9,branco nulo nao votara,0.09,branco nulo nao votara,,2,branco nulo nao votara,branco_nulo,0.88,,
10405,2022,1,Ipespe,XP Investimentos,2022-08-29,2022-08-29,34,estimulada,votos totais,BR-04347/2022,,2000,2.2,2.2,26855,cenário 1 - estimulado - 1º turno,Luiz Felipe d'Avila,NOVO,0,candidato,1,luiz felipe davila,0.01,luiz felipe chaves d avila,0.004734072,1,luiz felipe davila,candidato,0.93,0.010752688,0.006018616
10405,2022,1,Ipespe,XP Investimentos,2022-08-29,2022-08-29,34,estimulada,votos totais,BR-04347/2022,,2000,2.2,2.2,26855,cenário 1 - estimulado - 1º turno,branco / nulo / não votará,N/A,1,branco_nulo,4,branco nulo nao votara,0.04,branco nulo nao votara,,1,branco nulo nao votara,branco_nulo,0.93,,
10405,2022,1,Ipespe,XP Investimentos,2022-08-29,2022-08-29,34,estimulada,votos totais,BR-04347/2022,,2000,2.2,2.2,26855,cenário 1 - estimulado - 1º turno,Roberto Jefferson,PTB,0,candidato,0,roberto jefferson,0,roberto jefferson,,1,roberto jefferson,candidato,0.93,,
10405,2022,1,Ipespe,XP Investimentos,2022-08-29,2022-08-29,34,estimulada,votos totais,BR-04347/2022,,2000,2.2,2.2,26855,cenário 1 - estimulado - 1º turno,Ciro,PDT,0,candidato,9,ciro,0.09,ciro ferreira gomes,0.030443166,1,ciro,candidato,0.93,0.096774194,0.066331027
10405,2022,1,Ipespe,XP Investimentos,2022-08-29,2022-08-29,34,estimulada,votos totais,BR-04347/2022,,2000,2.2,2.2,26855,cenário 1 - estimulado - 1º turno,Sofia Manzano,PCB,0,candidato,0,sofia manzano,0,sofia padua manzano,0.000385859,1,sofia manzano,candidato,0.93,0,-0.000385859
10405,2022,1,Ipespe,XP Investimentos,2022-08-29,2022-08-29,34,estimulada,votos totais,BR-04347/2022,,2000,2.2,2.2,26855,cenário 1 - estimulado - 1º turno,Simone Tebet,MDB,0,candidato,5,simone tebet,0.05,simone nassar tebet,0.04157519,1,simone tebet,candidato,0.93,0.053763441,0.012188251
10405,2022,1,Ipespe,XP Investimentos,2022-08-29,2022-08-29,34,estimulada,votos totais,BR-04347/2022,,2000,2.2,2.2,26855,cenário 1 - estimulado - 1º turno,Pablo Marçal,PROS,0,candidato,0,pablo marcal,0,pablo marcal,,1,pablo marcal,candidato,0.93,,
10405,2022,1,Ipespe,XP Investimentos,2022-08-29,2022-08-29,34,estimulada,votos totais,BR-04347/2022,,2000,2.2,2.2,26855,cenário 1 - estimulado - 1º turno,Soraya Thronicke,União Brasil,0,candidato,0,soraya thronicke,0,soraya vieira thronicke,0.005082944,1,soraya thronicke,candidato,0.93,0,-0.005082944
10405,2022,1,Ipespe,XP Investimentos,2022-08-29,2022-08-29,34,estimulada,votos totais,BR-04347/2022,,2000,2.2,2.2,26855,cenário 1 - estimulado - 1º turno,Vera Lúcia Salgado,PSTU,0,candidato,0,vera lucia salgado,0,vera lucia pereira da silva salgado,0.000216739,1,vera lucia salgado,candidato,0.93,0,-0.000216739
10405,2022,1,Ipespe,XP Investimentos,2022-08-29,2022-08-29,34,estimulada,votos totais,BR-04347/2022,,2000,2.2,2.2,26855,cenário 1 - estimulado - 1º turno,não sabem / não responderam,N/A,1,nao_sabe,2,nao sabem nao responderam,0.02,nao sabem nao responderam,,1,nao sabem nao responderam,nao_sabe,0.93,,
10405,2022,1,Ipespe,XP Investimentos,2022-08-29,2022-08-29,34,estimulada,votos totais,BR-04347/2022,,2000,2.2,2.2,26855,cenário 1 - estimulado - 1º turno,Leonardo Péricles,UP,0,candidato,0,leonardo pericles,0,leonardo pericles vieira roque,0.00045267,1,leonardo pericles,candidato,0.93,0,-0.00045267
10405,2022,1,Ipespe,XP Investimentos,2022-08-29,2022-08-29,34,estimulada,votos totais,BR-04347/2022,,2000,2.2,2.2,26855,cenário 1 - estimulado - 1º turno,Bolsonaro,PL,0,candidato,35,bolsonaro,0.35,jair messias bolsonaro,0.431975526,1,bolsonaro,candidato,0.93,0.376344086,-0.05563144
10405,2022,1,Ipespe,XP Investimentos,2022-08-29,2022-08-29,34,estimulada,votos totais,BR-04347/2022,,2000,2.2,2.2,26855,cenário 1 - estimulado - 1º turno,Lula,PT,0,candidato,43,lula,0.43,luiz inacio lula da silva,0.484307199,1,lula,candidato,0.93,0.462365591,-0.021941607
10405,2022,2,Ipespe,XP Investimentos,2022-08-29,2022-08-29,62,estimulada,votos totais,BR-04347/2022,,2000,2.2,2.2,26856,cenário 1 - estimulado - 2º turno,branco / nulo / não sabe / não respondeu,N/A,1,nao_sabe,9,branco nulo nao sabe nao respondeu,0.09,branco nulo nao sabe nao respondeu,,2,branco nulo nao sabe nao respondeu,nao_sabe,0.91,,
10405,2022,2,Ipespe,XP Investimentos,2022-08-29,2022-08-29,62,estimulada,votos totais,BR-04347/2022,,2000,2.2,2.2,26856,cenário 1 - estimulado - 2º turno,Bolsonaro,PL,0,candidato,38,bolsonaro,0.38,jair messias bolsonaro,0.490975949,2,bolsonaro,candidato,0.91,0.417582418,-0.073393531
10405,2022,2,Ipespe,XP Investimentos,2022-08-29,2022-08-29,62,estimulada,votos totais,BR-04347/2022,,2000,2.2,2.2,26856,cenário 1 - estimulado - 2º turno,Lula,PT,0,candidato,53,lula,0.53,luiz inacio lula da silva,0.509024051,2,lula,candidato,0.91,0.582417582,0.073393531
10430,2022,1,Futura,Banco Modal,2022-08-25,2022-08-25,38,estimulada,votos totais,BR-07568/2022,,2000,2.2,2.2,26936,cenário 1 - estimulado - 1º turno,Sofia Manzano,PCB,0,candidato,0.1,sofia manzano,0.001,sofia padua manzano,0.000385859,1,sofia manzano,candidato,0.903,0.00110742,0.000721561
10430,2022,1,Futura,Banco Modal,2022-08-25,2022-08-25,38,estimulada,votos totais,BR-07568/2022,,2000,2.2,2.2,26936,cenário 1 - estimulado - 1º turno,Ciro,PDT,0,candidato,10.1,ciro,0.101,ciro ferreira gomes,0.030443166,1,ciro,candidato,0.903,0.111849391,0.081406225
10430,2022,1,Futura,Banco Modal,2022-08-25,2022-08-25,38,estimulada,votos totais,BR-07568/2022,,2000,2.2,2.2,26936,cenário 1 - estimulado - 1º turno,Lula,PT,0,candidato,36.9,lula,0.369,luiz inacio lula da silva,0.484307199,1,lula,candidato,0.903,0.408637874,-0.075669325
10430,2022,1,Futura,Banco Modal,2022-08-25,2022-08-25,38,estimulada,votos totais,BR-07568/2022,,2000,2.2,2.2,26936,cenário 1 - estimulado - 1º turno,Simone Tebet,MDB,0,candidato,2.2,simone tebet,0.022,simone nassar tebet,0.04157519,1,simone tebet,candidato,0.903,0.024363234,-0.017211956
10430,2022,1,Futura,Banco Modal,2022-08-25,2022-08-25,38,estimulada,votos totais,BR-07568/2022,,2000,2.2,2.2,26936,cenário 1 - estimulado - 1º turno,Leonardo Péricles,UP,0,candidato,0.1,leonardo pericles,0.001,leonardo pericles vieira roque,0.00045267,1,leonardo pericles,candidato,0.903,0.00110742,0.00065475
10430,2022,1,Futura,Banco Modal,2022-08-25,2022-08-25,38,estimulada,votos totais,BR-07568/2022,,2000,2.2,2.2,26936,cenário 1 - estimulado - 1º turno,Vera Lúcia Salgado,PSTU,0,candidato,0.4,vera lucia salgado,0.004,vera lucia pereira da silva salgado,0.000216739,1,vera lucia salgado,candidato,0.903,0.004429679,0.00421294
10430,2022,1,Futura,Banco Modal,2022-08-25,2022-08-25,38,estimulada,votos totais,BR-07568/2022,,2000,2.2,2.2,26936,cenário 1 - estimulado - 1º turno,Roberto Jefferson,PTB,0,candidato,0.2,roberto jefferson,0.002,roberto jefferson,,1,roberto jefferson,candidato,0.903,,
10430,2022,1,Futura,Banco Modal,2022-08-25,2022-08-25,38,estimulada,votos totais,BR-07568/2022,,2000,2.2,2.2,26936,cenário 1 - estimulado - 1º turno,Luiz Felipe d'Avila,NOVO,0,candidato,0.4,luiz felipe davila,0.004,luiz felipe chaves d avila,0.004734072,1,luiz felipe davila,candidato,0.903,0.004429679,-0.000304393
10430,2022,1,Futura,Banco Modal,2022-08-25,2022-08-25,38,estimulada,votos totais,BR-07568/2022,,2000,2.2,2.2,26936,cenário 1 - estimulado - 1º turno,não sabem / não responderam,N/A,1,nao_sabe,4.6,nao sabem nao responderam,0.046,nao sabem nao responderam,,1,nao sabem nao responderam,nao_sabe,0.903,,
10430,2022,1,Futura,Banco Modal,2022-08-25,2022-08-25,38,estimulada,votos totais,BR-07568/2022,,2000,2.2,2.2,26936,cenário 1 - estimulado - 1º turno,Pablo Marçal,PROS,0,candidato,0.4,pablo marcal,0.004,pablo marcal,,1,pablo marcal,candidato,0.903,,
10430,2022,1,Futura,Banco Modal,2022-08-25,2022-08-25,38,estimulada,votos totais,BR-07568/2022,,2000,2.2,2.2,26936,cenário 1 - estimulado - 1º turno,Bolsonaro,PL,0,candidato,40.1,bolsonaro,0.401,jair messias bolsonaro,0.431975526,1,bolsonaro,candidato,0.903,0.444075305,0.012099779
10430,2022,1,Futura,Banco Modal,2022-08-25,2022-08-25,38,estimulada,votos totais,BR-07568/2022,,2000,2.2,2.2,26936,cenário 1 - estimulado - 1º turno,brancos / nulos,N/A,1,branco_nulo,4.6,brancos nulos,0.046,brancos nulos,,1,brancos nulos,branco_nulo,0.903,,
10430,2022,1,Futura,Banco Modal,2022-08-25,2022-08-25,38,estimulada,votos totais,BR-07568/2022,,2000,2.2,2.2,26937,cenário 2 - estimulado - 1º turno,Bolsonaro,PL,0,candidato,39.7,bolsonaro,0.397,jair messias bolsonaro,0.431975526,1,bolsonaro,candidato,0.935,0.42459893,-0.007376595
10430,2022,1,Futura,Banco Modal,2022-08-25,2022-08-25,38,estimulada,votos totais,BR-07568/2022,,2000,2.2,2.2,26937,cenário 2 - estimulado - 1º turno,Simone Tebet,MDB,0,candidato,3.9,simone tebet,0.039,simone nassar tebet,0.04157519,1,simone tebet,candidato,0.935,0.04171123,0.00013604
10430,2022,1,Futura,Banco Modal,2022-08-25,2022-08-25,38,estimulada,votos totais,BR-07568/2022,,2000,2.2,2.2,26937,cenário 2 - estimulado - 1º turno,não sabem / não responderam,N/A,1,nao_sabe,2.7,nao sabem nao responderam,0.027,nao sabem nao responderam,,1,nao sabem nao responderam,nao_sabe,0.935,,
10430,2022,1,Futura,Banco Modal,2022-08-25,2022-08-25,38,estimulada,votos totais,BR-07568/2022,,2000,2.2,2.2,26937,cenário 2 - estimulado - 1º turno,Lula,PT,0,candidato,37.1,lula,0.371,luiz inacio lula da silva,0.484307199,1,lula,candidato,0.935,0.396791444,-0.087515755
10430,2022,1,Futura,Banco Modal,2022-08-25,2022-08-25,38,estimulada,votos totais,BR-07568/2022,,2000,2.2,2.2,26937,cenário 2 - estimulado - 1º turno,Ciro,PDT,0,candidato,12.8,ciro,0.128,ciro ferreira gomes,0.030443166,1,ciro,candidato,0.935,0.136898396,0.106455229
10430,2022,1,Futura,Banco Modal,2022-08-25,2022-08-25,38,estimulada,votos totais,BR-07568/2022,,2000,2.2,2.2,26937,cenário 2 - estimulado - 1º turno,brancos / nulos,N/A,1,branco_nulo,3.8,brancos nulos,0.038,brancos nulos,,1,brancos nulos,branco_nulo,0.935,,
10430,2022,1,Futura,Banco Modal,2022-08-25,2022-08-25,38,estimulada,votos totais,BR-07568/2022,,2000,2.2,2.2,26938,cenário 3 - estimulado - 1º turno,Simone Tebet,MDB,0,candidato,7.2,simone tebet,0.072,simone nassar tebet,0.04157519,1,simone tebet,candidato,0.915,0.078688525,0.037113335
10430,2022,1,Futura,Banco Modal,2022-08-25,2022-08-25,38,estimulada,votos totais,BR-07568/2022,,2000,2.2,2.2,26938,cenário 3 - estimulado - 1º turno,brancos / nulos,N/A,1,branco_nulo,6.7,brancos nulos,0.067,brancos nulos,,1,brancos nulos,branco_nulo,0.915,,
10430,2022,1,Futura,Banco Modal,2022-08-25,2022-08-25,38,estimulada,votos totais,BR-07568/2022,,2000,2.2,2.2,26938,cenário 3 - estimulado - 1º turno,não sabem / não responderam,N/A,1,nao_sabe,1.7,nao sabem nao responderam,0.017,nao sabem nao responderam,,1,nao sabem nao responderam,nao_sabe,0.915,,
10430,2022,1,Futura,Banco Modal,2022-08-25,2022-08-25,38,estimulada,votos totais,BR-07568/2022,,2000,2.2,2.2,26938,cenário 3 - estimulado - 1º turno,Bolsonaro,PL,0,candidato,42,bolsonaro,0.42,jair messias bolsonaro,0.431975526,1,bolsonaro,candidato,0.915,0.459016393,0.027040868
10430,2022,1,Futura,Banco Modal,2022-08-25,2022-08-25,38,estimulada,votos totais,BR-07568/2022,,2000,2.2,2.2,26938,cenário 3 - estimulado - 1º turno,Lula,PT,0,candidato,42.3,lula,0.423,luiz inacio lula da silva,0.484307199,1,lula,candidato,0.915,0.462295082,-0.022012117
10430,2022,2,Futura,Banco Modal,2022-08-25,2022-08-25,66,estimulada,votos totais,BR-07568/2022,,2000,2.2,2.2,26939,cenário 1 - estimulado - 2º turno,Bolsonaro,PL,0,candidato,43.8,bolsonaro,0.438,jair messias bolsonaro,0.490975949,2,bolsonaro,candidato,0.891,0.491582492,0.000606543
10430,2022,2,Futura,Banco Modal,2022-08-25,2022-08-25,66,estimulada,votos totais,BR-07568/2022,,2000,2.2,2.2,26939,cenário 1 - estimulado - 2º turno,Lula,PT,0,candidato,45.3,lula,0.453,luiz inacio lula da silva,0.509024051,2,lula,candidato,0.891,0.508417508,-0.000606543
10430,2022,2,Futura,Banco Modal,2022-08-25,2022-08-25,66,estimulada,votos totais,BR-07568/2022,,2000,2.2,2.2,26939,cenário 1 - estimulado - 2º turno,brancos / nulos,N/A,1,branco_nulo,9,brancos nulos,0.09,brancos nulos,,2,brancos nulos,branco_nulo,0.891,,
10430,2022,2,Futura,Banco Modal,2022-08-25,2022-08-25,66,estimulada,votos totais,BR-07568/2022,,2000,2.2,2.2,26939,cenário 1 - estimulado - 2º turno,não sabem / não responderam,N/A,1,nao_sabe,1.9,nao sabem nao responderam,0.019,nao sabem nao responderam,,2,nao sabem nao responderam,nao_sabe,0.891,,
10431,2022,1,FSB,BTG Pactual,2022-09-04,2022-09-04,28,estimulada,votos totais,BR-01786/2022,,2000,2,2,26943,cenário 1 - estimulado - 1º turno,Ciro,PDT,0,candidato,8,ciro,0.08,ciro ferreira gomes,0.030443166,1,ciro,candidato,0.92,0.086956522,0.056513355
10431,2022,1,FSB,BTG Pactual,2022-09-04,2022-09-04,28,estimulada,votos totais,BR-01786/2022,,2000,2,2,26943,cenário 1 - estimulado - 1º turno,Sofia Manzano,PCB,0,candidato,0,sofia manzano,0,sofia padua manzano,0.000385859,1,sofia manzano,candidato,0.92,0,-0.000385859
10431,2022,1,FSB,BTG Pactual,2022-09-04,2022-09-04,28,estimulada,votos totais,BR-01786/2022,,2000,2,2,26943,cenário 1 - estimulado - 1º turno,Soraya Thronicke,União Brasil,0,candidato,1,soraya thronicke,0.01,soraya vieira thronicke,0.005082944,1,soraya thronicke,candidato,0.92,0.010869565,0.005786622
10431,2022,1,FSB,BTG Pactual,2022-09-04,2022-09-04,28,estimulada,votos totais,BR-01786/2022,,2000,2,2,26943,cenário 1 - estimulado - 1º turno,nenhum,N/A,1,outros,3,nenhum,0.03,nenhum,,1,nenhum,outros,0.92,,
10431,2022,1,FSB,BTG Pactual,2022-09-04,2022-09-04,28,estimulada,votos totais,BR-01786/2022,,2000,2,2,26943,cenário 1 - estimulado - 1º turno,não sabem / não responderam,N/A,1,nao_sabe,3,nao sabem nao responderam,0.03,nao sabem nao responderam,,1,nao sabem nao responderam,nao_sabe,0.92,,
10431,2022,1,FSB,BTG Pactual,2022-09-04,2022-09-04,28,estimulada,votos totais,BR-01786/2022,,2000,2,2,26943,cenário 1 - estimulado - 1º turno,brancos / nulos,N/A,1,branco_nulo,1,brancos nulos,0.01,brancos nulos,,1,brancos nulos,branco_nulo,0.92,,
10431,2022,1,FSB,BTG Pactual,2022-09-04,2022-09-04,28,estimulada,votos totais,BR-01786/2022,,2000,2,2,26943,cenário 1 - estimulado - 1º turno,Lula,PT,0,candidato,42,lula,0.42,luiz inacio lula da silva,0.484307199,1,lula,candidato,0.92,0.456521739,-0.027785459
10431,2022,1,FSB,BTG Pactual,2022-09-04,2022-09-04,28,estimulada,votos totais,BR-01786/2022,,2000,2,2,26943,cenário 1 - estimulado - 1º turno,Leonardo Péricles,UP,0,candidato,0,leonardo pericles,0,leonardo pericles vieira roque,0.00045267,1,leonardo pericles,candidato,0.92,0,-0.00045267
10431,2022,1,FSB,BTG Pactual,2022-09-04,2022-09-04,28,estimulada,votos totais,BR-01786/2022,,2000,2,2,26943,cenário 1 - estimulado - 1º turno,Luiz Felipe d'Avila,NOVO,0,candidato,0,luiz felipe davila,0,luiz felipe chaves d avila,0.004734072,1,luiz felipe davila,candidato,0.92,0,-0.004734072
10431,2022,1,FSB,BTG Pactual,2022-09-04,2022-09-04,28,estimulada,votos totais,BR-01786/2022,,2000,2,2,26943,cenário 1 - estimulado - 1º turno,Eymael,DC,0,candidato,0,eymael,0,jose maria eymael,0.000140438,1,eymael,candidato,0.92,0,-0.000140438
10431,2022,1,FSB,BTG Pactual,2022-09-04,2022-09-04,28,estimulada,votos totais,BR-01786/2022,,2000,2,2,26943,cenário 1 - estimulado - 1º turno,Pablo Marçal,PROS,0,candidato,1,pablo marcal,0.01,pablo marcal,,1,pablo marcal,candidato,0.92,,
10431,2022,1,FSB,BTG Pactual,2022-09-04,2022-09-04,28,estimulada,votos totais,BR-01786/2022,,2000,2,2,26943,cenário 1 - estimulado - 1º turno,Bolsonaro,PL,0,candidato,34,bolsonaro,0.34,jair messias bolsonaro,0.431975526,1,bolsonaro,candidato,0.92,0.369565217,-0.062410308
10431,2022,1,FSB,BTG Pactual,2022-09-04,2022-09-04,28,estimulada,votos totais,BR-01786/2022,,2000,2,2,26943,cenário 1 - estimulado - 1º turno,Simone Tebet,MDB,0,candidato,6,simone tebet,0.06,simone nassar tebet,0.04157519,1,simone tebet,candidato,0.92,0.065217391,0.023642202
10431,2022,1,FSB,BTG Pactual,2022-09-04,2022-09-04,28,estimulada,votos totais,BR-01786/2022,,2000,2,2,26943,cenário 1 - estimulado - 1º turno,Vera Lúcia Salgado,PSTU,0,candidato,1,vera lucia salgado,0.01,vera lucia pereira da silva salgado,0.000216739,1,vera lucia salgado,candidato,0.92,0.010869565,0.010652826
10431,2022,2,FSB,BTG Pactual,2022-09-04,2022-09-04,56,estimulada,votos totais,BR-01786/2022,,2000,2,2,26944,cenário 1 - estimulado - 2º turno,Lula,PT,0,candidato,53,lula,0.53,luiz inacio lula da silva,0.509024051,2,lula,candidato,0.93,0.569892473,0.060868422
10431,2022,2,FSB,BTG Pactual,2022-09-04,2022-09-04,56,estimulada,votos totais,BR-01786/2022,,2000,2,2,26944,cenário 1 - estimulado - 2º turno,Bolsonaro,PL,0,candidato,40,bolsonaro,0.4,jair messias bolsonaro,0.490975949,2,bolsonaro,candidato,0.93,0.430107527,-0.060868422
10431,2022,2,FSB,BTG Pactual,2022-09-04,2022-09-04,56,estimulada,votos totais,BR-01786/2022,,2000,2,2,26944,cenário 1 - estimulado - 2º turno,não sabem / não responderam,N/A,1,nao_sabe,1,nao sabem nao responderam,0.01,nao sabem nao responderam,,2,nao sabem nao responderam,nao_sabe,0.93,,
10431,2022,2,FSB,BTG Pactual,2022-09-04,2022-09-04,56,estimulada,votos totais,BR-01786/2022,,2000,2,2,26944,cenário 1 - estimulado - 2º turno,brancos / nulos,N/A,1,branco_nulo,3,brancos nulos,0.03,brancos nulos,,2,brancos nulos,branco_nulo,0.93,,
10431,2022,2,FSB,BTG Pactual,2022-09-04,2022-09-04,56,estimulada,votos totais,BR-01786/2022,,2000,2,2,26944,cenário 1 - estimulado - 2º turno,nenhum,N/A,1,outros,4,nenhum,0.04,nenhum,,2,nenhum,outros,0.93,,
10449,2022,1,Quaest,Genial Investimentos,2022-09-04,2022-09-04,28,estimulada,votos totais,BR-00807/2022,,2000,2,2,26983,cenário 1 - estimulado - 1º turno,Vera Lúcia Salgado,PSTU,0,candidato,0,vera lucia salgado,0,vera lucia pereira da silva salgado,0.000216739,1,vera lucia salgado,candidato,0.91,0,-0.000216739
10449,2022,1,Quaest,Genial Investimentos,2022-09-04,2022-09-04,28,estimulada,votos totais,BR-00807/2022,,2000,2,2,26983,cenário 1 - estimulado - 1º turno,Sofia Manzano,PCB,0,candidato,0,sofia manzano,0,sofia padua manzano,0.000385859,1,sofia manzano,candidato,0.91,0,-0.000385859
10449,2022,1,Quaest,Genial Investimentos,2022-09-04,2022-09-04,28,estimulada,votos totais,BR-00807/2022,,2000,2,2,26983,cenário 1 - estimulado - 1º turno,branco / nulo / não votará,N/A,1,branco_nulo,4,branco nulo nao votara,0.04,branco nulo nao votara,,1,branco nulo nao votara,branco_nulo,0.91,,
10449,2022,1,Quaest,Genial Investimentos,2022-09-04,2022-09-04,28,estimulada,votos totais,BR-00807/2022,,2000,2,2,26983,cenário 1 - estimulado - 1º turno,Pablo Marçal,PROS,0,candidato,0,pablo marcal,0,pablo marcal,,1,pablo marcal,candidato,0.91,,
10449,2022,1,Quaest,Genial Investimentos,2022-09-04,2022-09-04,28,estimulada,votos totais,BR-00807/2022,,2000,2,2,26983,cenário 1 - estimulado - 1º turno,Ciro,PDT,0,candidato,7,ciro,0.07,ciro ferreira gomes,0.030443166,1,ciro,candidato,0.91,0.076923077,0.046479911
10449,2022,1,Quaest,Genial Investimentos,2022-09-04,2022-09-04,28,estimulada,votos totais,BR-00807/2022,,2000,2,2,26983,cenário 1 - estimulado - 1º turno,Eymael,DC,0,candidato,0,eymael,0,jose maria eymael,0.000140438,1,eymael,candidato,0.91,0,-0.000140438
10449,2022,1,Quaest,Genial Investimentos,2022-09-04,2022-09-04,28,estimulada,votos totais,BR-00807/2022,,2000,2,2,26983,cenário 1 - estimulado - 1º turno,Luiz Felipe d'Avila,NOVO,0,candidato,1,luiz felipe davila,0.01,luiz felipe chaves d avila,0.004734072,1,luiz felipe davila,candidato,0.91,0.010989011,0.006254939
10449,2022,1,Quaest,Genial Investimentos,2022-09-04,2022-09-04,28,estimulada,votos totais,BR-00807/2022,,2000,2,2,26983,cenário 1 - estimulado - 1º turno,Bolsonaro,PL,0,candidato,34,bolsonaro,0.34,jair messias bolsonaro,0.431975526,1,bolsonaro,candidato,0.91,0.373626374,-0.058349152
10449,2022,1,Quaest,Genial Investimentos,2022-09-04,2022-09-04,28,estimulada,votos totais,BR-00807/2022,,2000,2,2,26983,cenário 1 - estimulado - 1º turno,Soraya Thronicke,União Brasil,0,candidato,1,soraya thronicke,0.01,soraya vieira thronicke,0.005082944,1,soraya thronicke,candidato,0.91,0.010989011,0.005906067
10449,2022,1,Quaest,Genial Investimentos,2022-09-04,2022-09-04,28,estimulada,votos totais,BR-00807/2022,,2000,2,2,26983,cenário 1 - estimulado - 1º turno,indeciso,N/A,1,nao_sabe,5,indeciso,0.05,indeciso,,1,indeciso,candidato,0.91,,
10449,2022,1,Quaest,Genial Investimentos,2022-09-04,2022-09-04,28,estimulada,votos totais,BR-00807/2022,,2000,2,2,26983,cenário 1 - estimulado - 1º turno,Leonardo Péricles,UP,0,candidato,0,leonardo pericles,0,leonardo pericles vieira roque,0.00045267,1,leonardo pericles,candidato,0.91,0,-0.00045267
10449,2022,1,Quaest,Genial Investimentos,2022-09-04,2022-09-04,28,estimulada,votos totais,BR-00807/2022,,2000,2,2,26983,cenário 1 - estimulado - 1º turno,Simone Tebet,MDB,0,candidato,4,simone tebet,0.04,simone nassar tebet,0.04157519,1,simone tebet,candidato,0.91,0.043956044,0.002380854
10449,2022,1,Quaest,Genial Investimentos,2022-09-04,2022-09-04,28,estimulada,votos totais,BR-00807/2022,,2000,2,2,26983,cenário 1 - estimulado - 1º turno,Lula,PT,0,candidato,44,lula,0.44,luiz inacio lula da silva,0.484307199,1,lula,candidato,0.91,0.483516484,-0.000790715
10449,2022,2,Quaest,Genial Investimentos,2022-09-04,2022-09-04,56,estimulada,votos totais,BR-00807/2022,,2000,2,2,26984,cenário 1 - estimulado - 2º turno,Bolsonaro,PL,0,candidato,39,bolsonaro,0.39,jair messias bolsonaro,0.490975949,2,bolsonaro,candidato,0.9,0.433333333,-0.057642615
10449,2022,2,Quaest,Genial Investimentos,2022-09-04,2022-09-04,56,estimulada,votos totais,BR-00807/2022,,2000,2,2,26984,cenário 1 - estimulado - 2º turno,branco / nulo / não votará,N/A,1,branco_nulo,7,branco nulo nao votara,0.07,branco nulo nao votara,,2,branco nulo nao votara,branco_nulo,0.9,,
10449,2022,2,Quaest,Genial Investimentos,2022-09-04,2022-09-04,56,estimulada,votos totais,BR-00807/2022,,2000,2,2,26984,cenário 1 - estimulado - 2º turno,indeciso,N/A,1,nao_sabe,3,indeciso,0.03,indeciso,,2,indeciso,candidato,0.9,,
10449,2022,2,Quaest,Genial Investimentos,2022-09-04,2022-09-04,56,estimulada,votos totais,BR-00807/2022,,2000,2,2,26984,cenário 1 - estimulado - 2º turno,Lula,PT,0,candidato,51,lula,0.51,luiz inacio lula da silva,0.509024051,2,lula,candidato,0.9,0.566666667,0.057642615
10477,2022,1,Futura,Banco Modal,2022-09-06,2022-09-06,26,estimulada,votos totais,BR-02618/2022,,2000,2.2,2.2,27027,cenário 1 - estimulada - 1º turno,Leonardo Péricles,UP,0,candidato,0.2,leonardo pericles,0.002,leonardo pericles vieira roque,0.00045267,1,leonardo pericles,candidato,0.922,0.002169197,0.001716528
10477,2022,1,Futura,Banco Modal,2022-09-06,2022-09-06,26,estimulada,votos totais,BR-02618/2022,,2000,2.2,2.2,27027,cenário 1 - estimulada - 1º turno,Eymael,DC,0,candidato,0.1,eymael,0.001,jose maria eymael,0.000140438,1,eymael,candidato,0.922,0.001084599,0.00094416
10477,2022,1,Futura,Banco Modal,2022-09-06,2022-09-06,26,estimulada,votos totais,BR-02618/2022,,2000,2.2,2.2,27027,cenário 1 - estimulada - 1º turno,Soraya Thronicke,União Brasil,0,candidato,0.7,soraya thronicke,0.007,soraya vieira thronicke,0.005082944,1,soraya thronicke,candidato,0.922,0.007592191,0.002509247
10477,2022,1,Futura,Banco Modal,2022-09-06,2022-09-06,26,estimulada,votos totais,BR-02618/2022,,2000,2.2,2.2,27027,cenário 1 - estimulada - 1º turno,Sofia Manzano,PCB,0,candidato,0.2,sofia manzano,0.002,sofia padua manzano,0.000385859,1,sofia manzano,candidato,0.922,0.002169197,0.001783338
10477,2022,1,Futura,Banco Modal,2022-09-06,2022-09-06,26,estimulada,votos totais,BR-02618/2022,,2000,2.2,2.2,27027,cenário 1 - estimulada - 1º turno,Bolsonaro,PL,0,candidato,41.8,bolsonaro,0.418,jair messias bolsonaro,0.431975526,1,bolsonaro,candidato,0.922,0.453362256,0.02138673
10477,2022,1,Futura,Banco Modal,2022-09-06,2022-09-06,26,estimulada,votos totais,BR-02618/2022,,2000,2.2,2.2,27027,cenário 1 - estimulada - 1º turno,Luiz Felipe d'Avila,NOVO,0,candidato,0.2,luiz felipe davila,0.002,luiz felipe chaves d avila,0.004734072,1,luiz felipe davila,candidato,0.922,0.002169197,-0.002564875
10477,2022,1,Futura,Banco Modal,2022-09-06,2022-09-06,26,estimulada,votos totais,BR-02618/2022,,2000,2.2,2.2,27027,cenário 1 - estimulada - 1º turno,Vera Lúcia Salgado,PSTU,0,candidato,0.2,vera lucia salgado,0.002,vera lucia pereira da silva salgado,0.000216739,1,vera lucia salgado,candidato,0.922,0.002169197,0.001952458
10477,2022,1,Futura,Banco Modal,2022-09-06,2022-09-06,26,estimulada,votos totais,BR-02618/2022,,2000,2.2,2.2,27027,cenário 1 - estimulada - 1º turno,Lula,PT,0,candidato,35.7,lula,0.357,luiz inacio lula da silva,0.484307199,1,lula,candidato,0.922,0.387201735,-0.097105463
10477,2022,1,Futura,Banco Modal,2022-09-06,2022-09-06,26,estimulada,votos totais,BR-02618/2022,,2000,2.2,2.2,27027,cenário 1 - estimulada - 1º turno,indeciso / não sabe / não respondeu,N/A,1,nao_sabe,4.1,indeciso nao sabe nao respondeu,0.041,indeciso nao sabe nao respondeu,,1,indeciso nao sabe nao respondeu,nao_sabe,0.922,,
10477,2022,1,Futura,Banco Modal,2022-09-06,2022-09-06,26,estimulada,votos totais,BR-02618/2022,,2000,2.2,2.2,27027,cenário 1 - estimulada - 1º turno,Simone Tebet,MDB,0,candidato,5.4,simone tebet,0.054,simone nassar tebet,0.04157519,1,simone tebet,candidato,0.922,0.05856833,0.01699314
10477,2022,1,Futura,Banco Modal,2022-09-06,2022-09-06,26,estimulada,votos totais,BR-02618/2022,,2000,2.2,2.2,27027,cenário 1 - estimulada - 1º turno,Pablo Marçal,PROS,0,candidato,0.5,pablo marcal,0.005,pablo marcal,,1,pablo marcal,candidato,0.922,,
10477,2022,1,Futura,Banco Modal,2022-09-06,2022-09-06,26,estimulada,votos totais,BR-02618/2022,,2000,2.2,2.2,27027,cenário 1 - estimulada - 1º turno,brancos / nulos,N/A,1,branco_nulo,3.2,brancos nulos,0.032,brancos nulos,,1,brancos nulos,branco_nulo,0.922,,
10477,2022,1,Futura,Banco Modal,2022-09-06,2022-09-06,26,estimulada,votos totais,BR-02618/2022,,2000,2.2,2.2,27027,cenário 1 - estimulada - 1º turno,Ciro,PDT,0,candidato,7.7,ciro,0.077,ciro ferreira gomes,0.030443166,1,ciro,candidato,0.922,0.0835141,0.053070933
10477,2022,1,Futura,Banco Modal,2022-09-06,2022-09-06,26,estimulada,votos totais,BR-02618/2022,,2000,2.2,2.2,27028,cenário 2 - estimulada - 1º turno,brancos / nulos,N/A,1,branco_nulo,3.5,brancos nulos,0.035,brancos nulos,,1,brancos nulos,branco_nulo,0.937,,
10477,2022,1,Futura,Banco Modal,2022-09-06,2022-09-06,26,estimulada,votos totais,BR-02618/2022,,2000,2.2,2.2,27028,cenário 2 - estimulada - 1º turno,Ciro,PDT,0,candidato,9.8,ciro,0.098,ciro ferreira gomes,0.030443166,1,ciro,candidato,0.937,0.104589114,0.074145948
10477,2022,1,Futura,Banco Modal,2022-09-06,2022-09-06,26,estimulada,votos totais,BR-02618/2022,,2000,2.2,2.2,27028,cenário 2 - estimulada - 1º turno,Lula,PT,0,candidato,35.4,lula,0.354,luiz inacio lula da silva,0.484307199,1,lula,candidato,0.937,0.377801494,-0.106505704
10477,2022,1,Futura,Banco Modal,2022-09-06,2022-09-06,26,estimulada,votos totais,BR-02618/2022,,2000,2.2,2.2,27028,cenário 2 - estimulada - 1º turno,Simone Tebet,MDB,0,candidato,6.6,simone tebet,0.066,simone nassar tebet,0.04157519,1,simone tebet,candidato,0.937,0.070437567,0.028862377
10477,2022,1,Futura,Banco Modal,2022-09-06,2022-09-06,26,estimulada,votos totais,BR-02618/2022,,2000,2.2,2.2,27028,cenário 2 - estimulada - 1º turno,Bolsonaro,PL,0,candidato,41.9,bolsonaro,0.419,jair messias bolsonaro,0.431975526,1,bolsonaro,candidato,0.937,0.447171825,0.015196299
10477,2022,1,Futura,Banco Modal,2022-09-06,2022-09-06,26,estimulada,votos totais,BR-02618/2022,,2000,2.2,2.2,27028,cenário 2 - estimulada - 1º turno,indeciso / não sabe / não respondeu,N/A,1,nao_sabe,2.8,indeciso nao sabe nao respondeu,0.028,indeciso nao sabe nao respondeu,,1,indeciso nao sabe nao respondeu,nao_sabe,0.937,,
10477,2022,1,Futura,Banco Modal,2022-09-06,2022-09-06,26,estimulada,votos totais,BR-02618/2022,,2000,2.2,2.2,27029,cenário 3 - estimulada - 1º turno,Lula,PT,0,candidato,38.7,lula,0.387,luiz inacio lula da silva,0.484307199,1,lula,candidato,0.934,0.414346895,-0.069960304
10477,2022,1,Futura,Banco Modal,2022-09-06,2022-09-06,26,estimulada,votos totais,BR-02618/2022,,2000,2.2,2.2,27029,cenário 3 - estimulada - 1º turno,brancos / nulos,N/A,1,branco_nulo,4.5,brancos nulos,0.045,brancos nulos,,1,brancos nulos,branco_nulo,0.934,,
10477,2022,1,Futura,Banco Modal,2022-09-06,2022-09-06,26,estimulada,votos totais,BR-02618/2022,,2000,2.2,2.2,27029,cenário 3 - estimulada - 1º turno,indeciso / não sabe / não respondeu,N/A,1,nao_sabe,2.1,indeciso nao sabe nao respondeu,0.021,indeciso nao sabe nao respondeu,,1,indeciso nao sabe nao respondeu,nao_sabe,0.934,,
10477,2022,1,Futura,Banco Modal,2022-09-06,2022-09-06,26,estimulada,votos totais,BR-02618/2022,,2000,2.2,2.2,27029,cenário 3 - estimulada - 1º turno,Simone Tebet,MDB,0,candidato,11.1,simone tebet,0.111,simone nassar tebet,0.04157519,1,simone tebet,candidato,0.934,0.118843683,0.077268493
10477,2022,1,Futura,Banco Modal,2022-09-06,2022-09-06,26,estimulada,votos totais,BR-02618/2022,,2000,2.2,2.2,27029,cenário 3 - estimulada - 1º turno,Bolsonaro,PL,0,candidato,43.6,bolsonaro,0.436,jair messias bolsonaro,0.431975526,1,bolsonaro,candidato,0.934,0.466809422,0.034833896
10477,2022,2,Futura,Banco Modal,2022-09-06,2022-09-06,54,estimulada,votos totais,BR-02618/2022,,2000,2.2,2.2,27030,cenário 1 - estimulada - 2º turno,Lula,PT,0,candidato,44.7,lula,0.447,luiz inacio lula da silva,0.509024051,2,lula,candidato,0.906,0.493377483,-0.015646568
10477,2022,2,Futura,Banco Modal,2022-09-06,2022-09-06,54,estimulada,votos totais,BR-02618/2022,,2000,2.2,2.2,27030,cenário 1 - estimulada - 2º turno,brancos / nulos,N/A,1,branco_nulo,7.2,brancos nulos,0.072,brancos nulos,,2,brancos nulos,branco_nulo,0.906,,
10477,2022,2,Futura,Banco Modal,2022-09-06,2022-09-06,54,estimulada,votos totais,BR-02618/2022,,2000,2.2,2.2,27030,cenário 1 - estimulada - 2º turno,indeciso / não sabe / não respondeu,N/A,1,nao_sabe,2.2,indeciso nao sabe nao respondeu,0.022,indeciso nao sabe nao respondeu,,2,indeciso nao sabe nao respondeu,nao_sabe,0.906,,
10477,2022,2,Futura,Banco Modal,2022-09-06,2022-09-06,54,estimulada,votos totais,BR-02618/2022,,2000,2.2,2.2,27030,cenário 1 - estimulada - 2º turno,Bolsonaro,PL,0,candidato,45.9,bolsonaro,0.459,jair messias bolsonaro,0.490975949,2,bolsonaro,candidato,0.906,0.506622517,0.015646568
10496,2022,1,FSB,BTG Pactual,2022-09-11,2022-09-11,21,estimulada,votos totais,BR-06321/2022,,2000,2,2,27077,cenário 1 - estimulado - 1º turno,não sabem / não responderam,N/A,1,nao_sabe,1,nao sabem nao responderam,0.01,nao sabem nao responderam,,1,nao sabem nao responderam,nao_sabe,0.94,,
10496,2022,1,FSB,BTG Pactual,2022-09-11,2022-09-11,21,estimulada,votos totais,BR-06321/2022,,2000,2,2,27077,cenário 1 - estimulado - 1º turno,Simone Tebet,MDB,0,candidato,7,simone tebet,0.07,simone nassar tebet,0.04157519,1,simone tebet,candidato,0.94,0.074468085,0.032892895
10496,2022,1,FSB,BTG Pactual,2022-09-11,2022-09-11,21,estimulada,votos totais,BR-06321/2022,,2000,2,2,27077,cenário 1 - estimulado - 1º turno,Soraya Thronicke,União Brasil,0,candidato,1,soraya thronicke,0.01,soraya vieira thronicke,0.005082944,1,soraya thronicke,candidato,0.94,0.010638298,0.005555354
10496,2022,1,FSB,BTG Pactual,2022-09-11,2022-09-11,21,estimulada,votos totais,BR-06321/2022,,2000,2,2,27077,cenário 1 - estimulado - 1º turno,nenhum,N/A,1,outros,3,nenhum,0.03,nenhum,,1,nenhum,outros,0.94,,
10496,2022,1,FSB,BTG Pactual,2022-09-11,2022-09-11,21,estimulada,votos totais,BR-06321/2022,,2000,2,2,27077,cenário 1 - estimulado - 1º turno,brancos / nulos,N/A,1,branco_nulo,2,brancos nulos,0.02,brancos nulos,,1,brancos nulos,branco_nulo,0.94,,
10496,2022,1,FSB,BTG Pactual,2022-09-11,2022-09-11,21,estimulada,votos totais,BR-06321/2022,,2000,2,2,27077,cenário 1 - estimulado - 1º turno,Luiz Felipe d'Avila,NOVO,0,candidato,1,luiz felipe davila,0.01,luiz felipe chaves d avila,0.004734072,1,luiz felipe davila,candidato,0.94,0.010638298,0.005904226
10496,2022,1,FSB,BTG Pactual,2022-09-11,2022-09-11,21,estimulada,votos totais,BR-06321/2022,,2000,2,2,27077,cenário 1 - estimulado - 1º turno,Lula,PT,0,candidato,41,lula,0.41,luiz inacio lula da silva,0.484307199,1,lula,candidato,0.94,0.436170213,-0.048136986
10496,2022,1,FSB,BTG Pactual,2022-09-11,2022-09-11,21,estimulada,votos totais,BR-06321/2022,,2000,2,2,27077,cenário 1 - estimulado - 1º turno,Outros,N/A,1,outros,1,outros,0.01,outros,,1,outros,candidato,0.94,,
10496,2022,1,FSB,BTG Pactual,2022-09-11,2022-09-11,21,estimulada,votos totais,BR-06321/2022,,2000,2,2,27077,cenário 1 - estimulado - 1º turno,Bolsonaro,PL,0,candidato,35,bolsonaro,0.35,jair messias bolsonaro,0.431975526,1,bolsonaro,candidato,0.94,0.372340426,-0.0596351
10496,2022,1,FSB,BTG Pactual,2022-09-11,2022-09-11,21,estimulada,votos totais,BR-06321/2022,,2000,2,2,27077,cenário 1 - estimulado - 1º turno,Ciro,PDT,0,candidato,9,ciro,0.09,ciro ferreira gomes,0.030443166,1,ciro,candidato,0.94,0.095744681,0.065301515
10496,2022,2,FSB,BTG Pactual,2022-09-11,2022-09-11,49,estimulada,votos totais,BR-06321/2022,,2000,2,2,27078,cenário 1 - estimulado - 2º turno,não sabem / não responderam,N/A,1,nao_sabe,1,nao sabem nao responderam,0.01,nao sabem nao responderam,,2,nao sabem nao responderam,nao_sabe,0.89,,
10496,2022,2,FSB,BTG Pactual,2022-09-11,2022-09-11,49,estimulada,votos totais,BR-06321/2022,,2000,2,2,27078,cenário 1 - estimulado - 2º turno,Bolsonaro,PL,0,candidato,38,bolsonaro,0.38,jair messias bolsonaro,0.490975949,2,bolsonaro,candidato,0.89,0.426966292,-0.064009657
10496,2022,2,FSB,BTG Pactual,2022-09-11,2022-09-11,49,estimulada,votos totais,BR-06321/2022,,2000,2,2,27078,cenário 1 - estimulado - 2º turno,nenhum,N/A,1,outros,5,nenhum,0.05,nenhum,,2,nenhum,outros,0.89,,
10496,2022,2,FSB,BTG Pactual,2022-09-11,2022-09-11,49,estimulada,votos totais,BR-06321/2022,,2000,2,2,27078,cenário 1 - estimulado - 2º turno,Lula,PT,0,candidato,51,lula,0.51,luiz inacio lula da silva,0.509024051,2,lula,candidato,0.89,0.573033708,0.064009657
10496,2022,2,FSB,BTG Pactual,2022-09-11,2022-09-11,49,estimulada,votos totais,BR-06321/2022,,2000,2,2,27078,cenário 1 - estimulado - 2º turno,brancos / nulos,N/A,1,branco_nulo,5,brancos nulos,0.05,brancos nulos,,2,brancos nulos,branco_nulo,0.89,,
10530,2022,1,Quaest,Genial Investimentos,2022-09-13,2022-09-13,19,estimulada,votos totais,BR-03420/2022,,2000,2,2,27160,cenário 1 - estimulado - 1º turno,indeciso,N/A,1,nao_sabe,6,indeciso,0.06,indeciso,,1,indeciso,candidato,0.89,,
10530,2022,1,Quaest,Genial Investimentos,2022-09-13,2022-09-13,19,estimulada,votos totais,BR-03420/2022,,2000,2,2,27160,cenário 1 - estimulado - 1º turno,branco / nulo / não votará,N/A,1,branco_nulo,5,branco nulo nao votara,0.05,branco nulo nao votara,,1,branco nulo nao votara,branco_nulo,0.89,,
10530,2022,1,Quaest,Genial Investimentos,2022-09-13,2022-09-13,19,estimulada,votos totais,BR-03420/2022,,2000,2,2,27160,cenário 1 - estimulado - 1º turno,Leonardo Péricles,UP,0,candidato,0,leonardo pericles,0,leonardo pericles vieira roque,0.00045267,1,leonardo pericles,candidato,0.89,0,-0.00045267
10530,2022,1,Quaest,Genial Investimentos,2022-09-13,2022-09-13,19,estimulada,votos totais,BR-03420/2022,,2000,2,2,27160,cenário 1 - estimulado - 1º turno,Soraya Thronicke,União Brasil,0,candidato,1,soraya thronicke,0.01,soraya vieira thronicke,0.005082944,1,soraya thronicke,candidato,0.89,0.011235955,0.006153011
10530,2022,1,Quaest,Genial Investimentos,2022-09-13,2022-09-13,19,estimulada,votos totais,BR-03420/2022,,2000,2,2,27160,cenário 1 - estimulado - 1º turno,Luiz Felipe d'Avila,NOVO,0,candidato,1,luiz felipe davila,0.01,luiz felipe chaves d avila,0.004734072,1,luiz felipe davila,candidato,0.89,0.011235955,0.006501883
10530,2022,1,Quaest,Genial Investimentos,2022-09-13,2022-09-13,19,estimulada,votos totais,BR-03420/2022,,2000,2,2,27160,cenário 1 - estimulado - 1º turno,Lula,PT,0,candidato,42,lula,0.42,luiz inacio lula da silva,0.484307199,1,lula,candidato,0.89,0.471910112,-0.012397086
10530,2022,1,Quaest,Genial Investimentos,2022-09-13,2022-09-13,19,estimulada,votos totais,BR-03420/2022,,2000,2,2,27160,cenário 1 - estimulado - 1º turno,Bolsonaro,PL,0,candidato,34,bolsonaro,0.34,jair messias bolsonaro,0.431975526,1,bolsonaro,candidato,0.89,0.382022472,-0.049953054
10530,2022,1,Quaest,Genial Investimentos,2022-09-13,2022-09-13,19,estimulada,votos totais,BR-03420/2022,,2000,2,2,27160,cenário 1 - estimulado - 1º turno,Padre Kelmon,PTB,0,candidato,0,padre kelmon,0,kelmon luis da silva souza,0.000686198,1,padre kelmon,candidato,0.89,0,-0.000686198
10530,2022,1,Quaest,Genial Investimentos,2022-09-13,2022-09-13,19,estimulada,votos totais,BR-03420/2022,,2000,2,2,27160,cenário 1 - estimulado - 1º turno,Ciro,PDT,0,candidato,7,ciro,0.07,ciro ferreira gomes,0.030443166,1,ciro,candidato,0.89,0.078651685,0.048208519
10530,2022,1,Quaest,Genial Investimentos,2022-09-13,2022-09-13,19,estimulada,votos totais,BR-03420/2022,,2000,2,2,27160,cenário 1 - estimulado - 1º turno,Simone Tebet,MDB,0,candidato,4,simone tebet,0.04,simone nassar tebet,0.04157519,1,simone tebet,candidato,0.89,0.04494382,0.00336863
10530,2022,1,Quaest,Genial Investimentos,2022-09-13,2022-09-13,19,estimulada,votos totais,BR-03420/2022,,2000,2,2,27160,cenário 1 - estimulado - 1º turno,Vera Lúcia Salgado,PSTU,0,candidato,0,vera lucia salgado,0,vera lucia pereira da silva salgado,0.000216739,1,vera lucia salgado,candidato,0.89,0,-0.000216739
10530,2022,1,Quaest,Genial Investimentos,2022-09-13,2022-09-13,19,estimulada,votos totais,BR-03420/2022,,2000,2,2,27160,cenário 1 - estimulado - 1º turno,Eymael,DC,0,candidato,0,eymael,0,jose maria eymael,0.000140438,1,eymael,candidato,0.89,0,-0.000140438
10530,2022,1,Quaest,Genial Investimentos,2022-09-13,2022-09-13,19,estimulada,votos totais,BR-03420/2022,,2000,2,2,27160,cenário 1 - estimulado - 1º turno,Sofia Manzano,PCB,0,candidato,0,sofia manzano,0,sofia padua manzano,0.000385859,1,sofia manzano,candidato,0.89,0,-0.000385859
10530,2022,2,Quaest,Genial Investimentos,2022-09-13,2022-09-13,47,estimulada,votos totais,BR-03420/2022,,2000,2,2,27161,cenário 1 - estimulado - 2º turno,indeciso,N/A,1,nao_sabe,4,indeciso,0.04,indeciso,,2,indeciso,candidato,0.88,,
10530,2022,2,Quaest,Genial Investimentos,2022-09-13,2022-09-13,47,estimulada,votos totais,BR-03420/2022,,2000,2,2,27161,cenário 1 - estimulado - 2º turno,Bolsonaro,PL,0,candidato,40,bolsonaro,0.4,jair messias bolsonaro,0.490975949,2,bolsonaro,candidato,0.88,0.454545455,-0.036430494
10530,2022,2,Quaest,Genial Investimentos,2022-09-13,2022-09-13,47,estimulada,votos totais,BR-03420/2022,,2000,2,2,27161,cenário 1 - estimulado - 2º turno,branco / nulo / não votará,N/A,1,branco_nulo,8,branco nulo nao votara,0.08,branco nulo nao votara,,2,branco nulo nao votara,branco_nulo,0.88,,
10530,2022,2,Quaest,Genial Investimentos,2022-09-13,2022-09-13,47,estimulada,votos totais,BR-03420/2022,,2000,2,2,27161,cenário 1 - estimulado - 2º turno,Lula,PT,0,candidato,48,lula,0.48,luiz inacio lula da silva,0.509024051,2,lula,candidato,0.88,0.545454545,0.036430494
10572,2022,1,Futura,Banco Modal,2022-09-14,2022-09-14,18,estimulada,votos totais,BR-00745/2022,,2000,2.2,2.2,27242,cenário 1 - estimulada - 1º turno,Simone Tebet,MDB,0,candidato,6.4,simone tebet,0.064,simone nassar tebet,0.04157519,1,simone tebet,candidato,0.934,0.068522484,0.026947294
10572,2022,1,Futura,Banco Modal,2022-09-14,2022-09-14,18,estimulada,votos totais,BR-00745/2022,,2000,2.2,2.2,27242,cenário 1 - estimulada - 1º turno,Ciro,PDT,0,candidato,7,ciro,0.07,ciro ferreira gomes,0.030443166,1,ciro,candidato,0.934,0.074946467,0.0445033
10572,2022,1,Futura,Banco Modal,2022-09-14,2022-09-14,18,estimulada,votos totais,BR-00745/2022,,2000,2.2,2.2,27242,cenário 1 - estimulada - 1º turno,Sofia Manzano,PCB,0,candidato,0.1,sofia manzano,0.001,sofia padua manzano,0.000385859,1,sofia manzano,candidato,0.934,0.001070664,0.000684805
10572,2022,1,Futura,Banco Modal,2022-09-14,2022-09-14,18,estimulada,votos totais,BR-00745/2022,,2000,2.2,2.2,27242,cenário 1 - estimulada - 1º turno,Leonardo Péricles,UP,0,candidato,0,leonardo pericles,0,leonardo pericles vieira roque,0.00045267,1,leonardo pericles,candidato,0.934,0,-0.00045267
10572,2022,1,Futura,Banco Modal,2022-09-14,2022-09-14,18,estimulada,votos totais,BR-00745/2022,,2000,2.2,2.2,27242,cenário 1 - estimulada - 1º turno,Bolsonaro,PL,0,candidato,41.9,bolsonaro,0.419,jair messias bolsonaro,0.431975526,1,bolsonaro,candidato,0.934,0.448608137,0.016632612
10572,2022,1,Futura,Banco Modal,2022-09-14,2022-09-14,18,estimulada,votos totais,BR-00745/2022,,2000,2.2,2.2,27242,cenário 1 - estimulada - 1º turno,Vera Lúcia Salgado,PSTU,0,candidato,0.2,vera lucia salgado,0.002,vera lucia pereira da silva salgado,0.000216739,1,vera lucia salgado,candidato,0.934,0.002141328,0.001924589
10572,2022,1,Futura,Banco Modal,2022-09-14,2022-09-14,18,estimulada,votos totais,BR-00745/2022,,2000,2.2,2.2,27242,cenário 1 - estimulada - 1º turno,Lula,PT,0,candidato,36.9,lula,0.369,luiz inacio lula da silva,0.484307199,1,lula,candidato,0.934,0.395074946,-0.089232252
10572,2022,1,Futura,Banco Modal,2022-09-14,2022-09-14,18,estimulada,votos totais,BR-00745/2022,,2000,2.2,2.2,27242,cenário 1 - estimulada - 1º turno,Soraya Thronicke,União Brasil,0,candidato,0.5,soraya thronicke,0.005,soraya vieira thronicke,0.005082944,1,soraya thronicke,candidato,0.934,0.005353319,0.000270375
10572,2022,1,Futura,Banco Modal,2022-09-14,2022-09-14,18,estimulada,votos totais,BR-00745/2022,,2000,2.2,2.2,27242,cenário 1 - estimulada - 1º turno,Eymael,DC,0,candidato,0,eymael,0,jose maria eymael,0.000140438,1,eymael,candidato,0.934,0,-0.000140438
10572,2022,1,Futura,Banco Modal,2022-09-14,2022-09-14,18,estimulada,votos totais,BR-00745/2022,,2000,2.2,2.2,27242,cenário 1 - estimulada - 1º turno,indeciso / não sabe / não respondeu,N/A,1,nao_sabe,3.2,indeciso nao sabe nao respondeu,0.032,indeciso nao sabe nao respondeu,,1,indeciso nao sabe nao respondeu,nao_sabe,0.934,,
10572,2022,1,Futura,Banco Modal,2022-09-14,2022-09-14,18,estimulada,votos totais,BR-00745/2022,,2000,2.2,2.2,27242,cenário 1 - estimulada - 1º turno,brancos / nulos,N/A,1,branco_nulo,3.3,brancos nulos,0.033,brancos nulos,,1,brancos nulos,branco_nulo,0.934,,
10572,2022,1,Futura,Banco Modal,2022-09-14,2022-09-14,18,estimulada,votos totais,BR-00745/2022,,2000,2.2,2.2,27242,cenário 1 - estimulada - 1º turno,Luiz Felipe d'Avila,NOVO,0,candidato,0.4,luiz felipe davila,0.004,luiz felipe chaves d avila,0.004734072,1,luiz felipe davila,candidato,0.934,0.004282655,-0.000451417
10572,2022,1,Futura,Banco Modal,2022-09-14,2022-09-14,18,estimulada,votos totais,BR-00745/2022,,2000,2.2,2.2,27243,cenário 2 - estimulada - 1º turno,Bolsonaro,PL,0,candidato,41.5,bolsonaro,0.415,jair messias bolsonaro,0.431975526,1,bolsonaro,candidato,0.939,0.441959531,0.009984006
10572,2022,1,Futura,Banco Modal,2022-09-14,2022-09-14,18,estimulada,votos totais,BR-00745/2022,,2000,2.2,2.2,27243,cenário 2 - estimulada - 1º turno,Lula,PT,0,candidato,36.1,lula,0.361,luiz inacio lula da silva,0.484307199,1,lula,candidato,0.939,0.384451544,-0.099855654
10572,2022,1,Futura,Banco Modal,2022-09-14,2022-09-14,18,estimulada,votos totais,BR-00745/2022,,2000,2.2,2.2,27243,cenário 2 - estimulada - 1º turno,indeciso / não sabe / não respondeu,N/A,1,nao_sabe,1.8,indeciso nao sabe nao respondeu,0.018,indeciso nao sabe nao respondeu,,1,indeciso nao sabe nao respondeu,nao_sabe,0.939,,
10572,2022,1,Futura,Banco Modal,2022-09-14,2022-09-14,18,estimulada,votos totais,BR-00745/2022,,2000,2.2,2.2,27243,cenário 2 - estimulada - 1º turno,Ciro,PDT,0,candidato,9.4,ciro,0.094,ciro ferreira gomes,0.030443166,1,ciro,candidato,0.939,0.100106496,0.06966333
10572,2022,1,Futura,Banco Modal,2022-09-14,2022-09-14,18,estimulada,votos totais,BR-00745/2022,,2000,2.2,2.2,27243,cenário 2 - estimulada - 1º turno,Simone Tebet,MDB,0,candidato,6.9,simone tebet,0.069,simone nassar tebet,0.04157519,1,simone tebet,candidato,0.939,0.073482428,0.031907238
10572,2022,1,Futura,Banco Modal,2022-09-14,2022-09-14,18,estimulada,votos totais,BR-00745/2022,,2000,2.2,2.2,27243,cenário 2 - estimulada - 1º turno,brancos / nulos,N/A,1,branco_nulo,4.4,brancos nulos,0.044,brancos nulos,,1,brancos nulos,branco_nulo,0.939,,
10572,2022,1,Futura,Banco Modal,2022-09-14,2022-09-14,18,estimulada,votos totais,BR-00745/2022,,2000,2.2,2.2,27244,cenário 3 - estimulada - 1º turno,Lula,PT,0,candidato,39.7,lula,0.397,luiz inacio lula da silva,0.484307199,1,lula,candidato,0.937,0.423692636,-0.060614563
10572,2022,1,Futura,Banco Modal,2022-09-14,2022-09-14,18,estimulada,votos totais,BR-00745/2022,,2000,2.2,2.2,27244,cenário 3 - estimulada - 1º turno,Bolsonaro,PL,0,candidato,43.4,bolsonaro,0.434,jair messias bolsonaro,0.431975526,1,bolsonaro,candidato,0.937,0.463180363,0.031204837
10572,2022,1,Futura,Banco Modal,2022-09-14,2022-09-14,18,estimulada,votos totais,BR-00745/2022,,2000,2.2,2.2,27244,cenário 3 - estimulada - 1º turno,Simone Tebet,MDB,0,candidato,10.6,simone tebet,0.106,simone nassar tebet,0.04157519,1,simone tebet,candidato,0.937,0.113127001,0.071551811
10572,2022,1,Futura,Banco Modal,2022-09-14,2022-09-14,18,estimulada,votos totais,BR-00745/2022,,2000,2.2,2.2,27244,cenário 3 - estimulada - 1º turno,brancos / nulos,N/A,1,branco_nulo,4.7,brancos nulos,0.047,brancos nulos,,1,brancos nulos,branco_nulo,0.937,,
10572,2022,1,Futura,Banco Modal,2022-09-14,2022-09-14,18,estimulada,votos totais,BR-00745/2022,,2000,2.2,2.2,27244,cenário 3 - estimulada - 1º turno,indeciso / não sabe / não respondeu,N/A,1,nao_sabe,1.5,indeciso nao sabe nao respondeu,0.015,indeciso nao sabe nao respondeu,,1,indeciso nao sabe nao respondeu,nao_sabe,0.937,,
10572,2022,2,Futura,Banco Modal,2022-09-14,2022-09-14,46,estimulada,votos totais,BR-00745/2022,,2000,2.2,2.2,27245,cenário 1 - estimulada - 2º turno,indeciso / não sabe / não respondeu,N/A,1,nao_sabe,1.6,indeciso nao sabe nao respondeu,0.016,indeciso nao sabe nao respondeu,,2,indeciso nao sabe nao respondeu,nao_sabe,0.909,,
10572,2022,2,Futura,Banco Modal,2022-09-14,2022-09-14,46,estimulada,votos totais,BR-00745/2022,,2000,2.2,2.2,27245,cenário 1 - estimulada - 2º turno,brancos / nulos,N/A,1,branco_nulo,7.5,brancos nulos,0.075,brancos nulos,,2,brancos nulos,branco_nulo,0.909,,
10572,2022,2,Futura,Banco Modal,2022-09-14,2022-09-14,46,estimulada,votos totais,BR-00745/2022,,2000,2.2,2.2,27245,cenário 1 - estimulada - 2º turno,Lula,PT,0,candidato,44.5,lula,0.445,luiz inacio lula da silva,0.509024051,2,lula,candidato,0.909,0.489548955,-0.019475096
10572,2022,2,Futura,Banco Modal,2022-09-14,2022-09-14,46,estimulada,votos totais,BR-00745/2022,,2000,2.2,2.2,27245,cenário 1 - estimulada - 2º turno,Bolsonaro,PL,0,candidato,46.4,bolsonaro,0.464,jair messias bolsonaro,0.490975949,2,bolsonaro,candidato,0.909,0.510451045,0.019475096
10605,2022,1,FSB,BTG Pactual,2022-09-18,2022-09-18,14,estimulada,votos totais,BR-07560/2022,,2000,2,2,27310,cenário 1 - estimulada - 1º turno,Eymael,DC,0,candidato,0,eymael,0,jose maria eymael,0.000140438,1,eymael,candidato,0.92,0,-0.000140438
10605,2022,1,FSB,BTG Pactual,2022-09-18,2022-09-18,14,estimulada,votos totais,BR-07560/2022,,2000,2,2,27310,cenário 1 - estimulada - 1º turno,não sabem / não responderam,N/A,1,nao_sabe,5,nao sabem nao responderam,0.05,nao sabem nao responderam,,1,nao sabem nao responderam,nao_sabe,0.92,,
10605,2022,1,FSB,BTG Pactual,2022-09-18,2022-09-18,14,estimulada,votos totais,BR-07560/2022,,2000,2,2,27310,cenário 1 - estimulada - 1º turno,Ciro,PDT,0,candidato,7,ciro,0.07,ciro ferreira gomes,0.030443166,1,ciro,candidato,0.92,0.076086957,0.04564379
10605,2022,1,FSB,BTG Pactual,2022-09-18,2022-09-18,14,estimulada,votos totais,BR-07560/2022,,2000,2,2,27310,cenário 1 - estimulada - 1º turno,nenhum / brancos / nulos,N/A,1,branco_nulo,4,nenhum brancos nulos,0.04,nenhum brancos nulos,,1,nenhum brancos nulos,branco_nulo,0.92,,
10605,2022,1,FSB,BTG Pactual,2022-09-18,2022-09-18,14,estimulada,votos totais,BR-07560/2022,,2000,2,2,27310,cenário 1 - estimulada - 1º turno,Bolsonaro,PL,0,candidato,35,bolsonaro,0.35,jair messias bolsonaro,0.431975526,1,bolsonaro,candidato,0.92,0.380434783,-0.051540743
10605,2022,1,FSB,BTG Pactual,2022-09-18,2022-09-18,14,estimulada,votos totais,BR-07560/2022,,2000,2,2,27310,cenário 1 - estimulada - 1º turno,Luiz Felipe d'Avila,NOVO,0,candidato,0,luiz felipe davila,0,luiz felipe chaves d avila,0.004734072,1,luiz felipe davila,candidato,0.92,0,-0.004734072
10605,2022,1,FSB,BTG Pactual,2022-09-18,2022-09-18,14,estimulada,votos totais,BR-07560/2022,,2000,2,2,27310,cenário 1 - estimulada - 1º turno,Vera Lúcia Salgado,PSTU,0,candidato,0,vera lucia salgado,0,vera lucia pereira da silva salgado,0.000216739,1,vera lucia salgado,candidato,0.92,0,-0.000216739
10605,2022,1,FSB,BTG Pactual,2022-09-18,2022-09-18,14,estimulada,votos totais,BR-07560/2022,,2000,2,2,27310,cenário 1 - estimulada - 1º turno,Lula,PT,0,candidato,44,lula,0.44,luiz inacio lula da silva,0.484307199,1,lula,candidato,0.92,0.47826087,-0.006046329
10605,2022,1,FSB,BTG Pactual,2022-09-18,2022-09-18,14,estimulada,votos totais,BR-07560/2022,,2000,2,2,27310,cenário 1 - estimulada - 1º turno,Sofia Manzano,PCB,0,candidato,0,sofia manzano,0,sofia padua manzano,0.000385859,1,sofia manzano,candidato,0.92,0,-0.000385859
10605,2022,1,FSB,BTG Pactual,2022-09-18,2022-09-18,14,estimulada,votos totais,BR-07560/2022,,2000,2,2,27310,cenário 1 - estimulada - 1º turno,Soraya Thronicke,União Brasil,0,candidato,1,soraya thronicke,0.01,soraya vieira thronicke,0.005082944,1,soraya thronicke,candidato,0.92,0.010869565,0.005786622
10605,2022,1,FSB,BTG Pactual,2022-09-18,2022-09-18,14,estimulada,votos totais,BR-07560/2022,,2000,2,2,27310,cenário 1 - estimulada - 1º turno,Padre Kelmon,PTB,0,candidato,0,padre kelmon,0,kelmon luis da silva souza,0.000686198,1,padre kelmon,candidato,0.92,0,-0.000686198
10605,2022,1,FSB,BTG Pactual,2022-09-18,2022-09-18,14,estimulada,votos totais,BR-07560/2022,,2000,2,2,27310,cenário 1 - estimulada - 1º turno,Simone Tebet,MDB,0,candidato,5,simone tebet,0.05,simone nassar tebet,0.04157519,1,simone tebet,candidato,0.92,0.054347826,0.012772636
10605,2022,1,FSB,BTG Pactual,2022-09-18,2022-09-18,14,estimulada,votos totais,BR-07560/2022,,2000,2,2,27310,cenário 1 - estimulada - 1º turno,Leonardo Péricles,UP,0,candidato,0,leonardo pericles,0,leonardo pericles vieira roque,0.00045267,1,leonardo pericles,candidato,0.92,0,-0.00045267
10605,2022,2,FSB,BTG Pactual,2022-09-18,2022-09-18,42,estimulada,votos totais,BR-07560/2022,,2000,2,2,27311,cenário 1 - estimulada - 2º turno,Lula,PT,0,candidato,52,lula,0.52,luiz inacio lula da silva,0.509024051,2,lula,candidato,0.91,0.571428571,0.06240452
10605,2022,2,FSB,BTG Pactual,2022-09-18,2022-09-18,42,estimulada,votos totais,BR-07560/2022,,2000,2,2,27311,cenário 1 - estimulada - 2º turno,nenhum / brancos / nulos,N/A,1,branco_nulo,7,nenhum brancos nulos,0.07,nenhum brancos nulos,,2,nenhum brancos nulos,branco_nulo,0.91,,
10605,2022,2,FSB,BTG Pactual,2022-09-18,2022-09-18,42,estimulada,votos totais,BR-07560/2022,,2000,2,2,27311,cenário 1 - estimulada - 2º turno,Bolsonaro,PL,0,candidato,39,bolsonaro,0.39,jair messias bolsonaro,0.490975949,2,bolsonaro,candidato,0.91,0.428571429,-0.06240452
10605,2022,2,FSB,BTG Pactual,2022-09-18,2022-09-18,42,estimulada,votos totais,BR-07560/2022,,2000,2,2,27311,cenário 1 - estimulada - 2º turno,não sabem / não responderam,N/A,1,nao_sabe,2,nao sabem nao responderam,0.02,nao sabem nao responderam,,2,nao sabem nao responderam,nao_sabe,0.91,,
10653,2022,1,Quaest,Genial Investimentos,2022-09-20,2022-09-20,12,estimulada,votos totais,BR-04459/2022,,2000,2,2,27422,cenário 1 - estimulado - 1º turno,Sofia Manzano,PCB,0,candidato,0,sofia manzano,0,sofia padua manzano,0.000385859,1,sofia manzano,candidato,0.9,0,-0.000385859
10653,2022,1,Quaest,Genial Investimentos,2022-09-20,2022-09-20,12,estimulada,votos totais,BR-04459/2022,,2000,2,2,27422,cenário 1 - estimulado - 1º turno,Eymael,DC,0,candidato,0,eymael,0,jose maria eymael,0.000140438,1,eymael,candidato,0.9,0,-0.000140438
10653,2022,1,Quaest,Genial Investimentos,2022-09-20,2022-09-20,12,estimulada,votos totais,BR-04459/2022,,2000,2,2,27422,cenário 1 - estimulado - 1º turno,Simone Tebet,MDB,0,candidato,5,simone tebet,0.05,simone nassar tebet,0.04157519,1,simone tebet,candidato,0.9,0.055555556,0.013980366
10653,2022,1,Quaest,Genial Investimentos,2022-09-20,2022-09-20,12,estimulada,votos totais,BR-04459/2022,,2000,2,2,27422,cenário 1 - estimulado - 1º turno,Vera Lúcia Salgado,PSTU,0,candidato,0,vera lucia salgado,0,vera lucia pereira da silva salgado,0.000216739,1,vera lucia salgado,candidato,0.9,0,-0.000216739
10653,2022,1,Quaest,Genial Investimentos,2022-09-20,2022-09-20,12,estimulada,votos totais,BR-04459/2022,,2000,2,2,27422,cenário 1 - estimulado - 1º turno,branco / nulo / não votará,N/A,1,branco_nulo,5,branco nulo nao votara,0.05,branco nulo nao votara,,1,branco nulo nao votara,branco_nulo,0.9,,
10653,2022,1,Quaest,Genial Investimentos,2022-09-20,2022-09-20,12,estimulada,votos totais,BR-04459/2022,,2000,2,2,27422,cenário 1 - estimulado - 1º turno,Soraya Thronicke,União Brasil,0,candidato,1,soraya thronicke,0.01,soraya vieira thronicke,0.005082944,1,soraya thronicke,candidato,0.9,0.011111111,0.006028167
10653,2022,1,Quaest,Genial Investimentos,2022-09-20,2022-09-20,12,estimulada,votos totais,BR-04459/2022,,2000,2,2,27422,cenário 1 - estimulado - 1º turno,indeciso,N/A,1,nao_sabe,5,indeciso,0.05,indeciso,,1,indeciso,candidato,0.9,,
10653,2022,1,Quaest,Genial Investimentos,2022-09-20,2022-09-20,12,estimulada,votos totais,BR-04459/2022,,2000,2,2,27422,cenário 1 - estimulado - 1º turno,Luiz Felipe d'Avila,NOVO,0,candidato,0,luiz felipe davila,0,luiz felipe chaves d avila,0.004734072,1,luiz felipe davila,candidato,0.9,0,-0.004734072
10653,2022,1,Quaest,Genial Investimentos,2022-09-20,2022-09-20,12,estimulada,votos totais,BR-04459/2022,,2000,2,2,27422,cenário 1 - estimulado - 1º turno,Lula,PT,0,candidato,44,lula,0.44,luiz inacio lula da silva,0.484307199,1,lula,candidato,0.9,0.488888889,0.00458169
10653,2022,1,Quaest,Genial Investimentos,2022-09-20,2022-09-20,12,estimulada,votos totais,BR-04459/2022,,2000,2,2,27422,cenário 1 - estimulado - 1º turno,Bolsonaro,PL,0,candidato,34,bolsonaro,0.34,jair messias bolsonaro,0.431975526,1,bolsonaro,candidato,0.9,0.377777778,-0.054197748
10653,2022,1,Quaest,Genial Investimentos,2022-09-20,2022-09-20,12,estimulada,votos totais,BR-04459/2022,,2000,2,2,27422,cenário 1 - estimulado - 1º turno,Padre Kelmon,PTB,0,candidato,0,padre kelmon,0,kelmon luis da silva souza,0.000686198,1,padre kelmon,candidato,0.9,0,-0.000686198
10653,2022,1,Quaest,Genial Investimentos,2022-09-20,2022-09-20,12,estimulada,votos totais,BR-04459/2022,,2000,2,2,27422,cenário 1 - estimulado - 1º turno,Ciro,PDT,0,candidato,6,ciro,0.06,ciro ferreira gomes,0.030443166,1,ciro,candidato,0.9,0.066666667,0.0362235
10653,2022,1,Quaest,Genial Investimentos,2022-09-20,2022-09-20,12,estimulada,votos totais,BR-04459/2022,,2000,2,2,27422,cenário 1 - estimulado - 1º turno,Leonardo Péricles,UP,0,candidato,0,leonardo pericles,0,leonardo pericles vieira roque,0.00045267,1,leonardo pericles,candidato,0.9,0,-0.00045267
10653,2022,2,Quaest,Genial Investimentos,2022-09-20,2022-09-20,40,estimulada,votos totais,BR-04459/2022,,2000,2,2,27423,cenário 1 - estimulado - 2º turno,branco / nulo / não votará,N/A,1,branco_nulo,3,branco nulo nao votara,0.03,branco nulo nao votara,,2,branco nulo nao votara,branco_nulo,0.9,,
10653,2022,2,Quaest,Genial Investimentos,2022-09-20,2022-09-20,40,estimulada,votos totais,BR-04459/2022,,2000,2,2,27423,cenário 1 - estimulado - 2º turno,indeciso,N/A,1,nao_sabe,7,indeciso,0.07,indeciso,,2,indeciso,candidato,0.9,,
10653,2022,2,Quaest,Genial Investimentos,2022-09-20,2022-09-20,40,estimulada,votos totais,BR-04459/2022,,2000,2,2,27423,cenário 1 - estimulado - 2º turno,Lula,PT,0,candidato,50,lula,0.5,luiz inacio lula da silva,0.509024051,2,lula,candidato,0.9,0.555555556,0.046531504
10653,2022,2,Quaest,Genial Investimentos,2022-09-20,2022-09-20,40,estimulada,votos totais,BR-04459/2022,,2000,2,2,27423,cenário 1 - estimulado - 2º turno,Bolsonaro,PL,0,candidato,40,bolsonaro,0.4,jair messias bolsonaro,0.490975949,2,bolsonaro,candidato,0.9,0.444444444,-0.046531504
10667,2022,1,Ipespe,XP Investimentos,2022-09-21,2022-09-21,11,estimulada,votos totais,BR-08425/2022,,2000,2.2,2.2,27457,cenário 1 - estimulado - 1º turno,branco / nulo / não votará,N/A,1,branco_nulo,5,branco nulo nao votara,0.05,branco nulo nao votara,,1,branco nulo nao votara,branco_nulo,0.93,,
10667,2022,1,Ipespe,XP Investimentos,2022-09-21,2022-09-21,11,estimulada,votos totais,BR-08425/2022,,2000,2.2,2.2,27457,cenário 1 - estimulado - 1º turno,Eymael,DC,0,candidato,0,eymael,0,jose maria eymael,0.000140438,1,eymael,candidato,0.93,0,-0.000140438
10667,2022,1,Ipespe,XP Investimentos,2022-09-21,2022-09-21,11,estimulada,votos totais,BR-08425/2022,,2000,2.2,2.2,27457,cenário 1 - estimulado - 1º turno,Soraya Thronicke,União Brasil,0,candidato,1,soraya thronicke,0.01,soraya vieira thronicke,0.005082944,1,soraya thronicke,candidato,0.93,0.010752688,0.005669745
10667,2022,1,Ipespe,XP Investimentos,2022-09-21,2022-09-21,11,estimulada,votos totais,BR-08425/2022,,2000,2.2,2.2,27457,cenário 1 - estimulado - 1º turno,Luiz Felipe d'Avila,NOVO,0,candidato,0,luiz felipe davila,0,luiz felipe chaves d avila,0.004734072,1,luiz felipe davila,candidato,0.93,0,-0.004734072
10667,2022,1,Ipespe,XP Investimentos,2022-09-21,2022-09-21,11,estimulada,votos totais,BR-08425/2022,,2000,2.2,2.2,27457,cenário 1 - estimulado - 1º turno,Lula,PT,0,candidato,46,lula,0.46,luiz inacio lula da silva,0.484307199,1,lula,candidato,0.93,0.494623656,0.010316457
10667,2022,1,Ipespe,XP Investimentos,2022-09-21,2022-09-21,11,estimulada,votos totais,BR-08425/2022,,2000,2.2,2.2,27457,cenário 1 - estimulado - 1º turno,Simone Tebet,MDB,0,candidato,4,simone tebet,0.04,simone nassar tebet,0.04157519,1,simone tebet,candidato,0.93,0.043010753,0.001435563
10667,2022,1,Ipespe,XP Investimentos,2022-09-21,2022-09-21,11,estimulada,votos totais,BR-08425/2022,,2000,2.2,2.2,27457,cenário 1 - estimulado - 1º turno,Vera Lúcia Salgado,PSTU,0,candidato,0,vera lucia salgado,0,vera lucia pereira da silva salgado,0.000216739,1,vera lucia salgado,candidato,0.93,0,-0.000216739
10667,2022,1,Ipespe,XP Investimentos,2022-09-21,2022-09-21,11,estimulada,votos totais,BR-08425/2022,,2000,2.2,2.2,27457,cenário 1 - estimulado - 1º turno,Padre Kelmon,PTB,0,candidato,0,padre kelmon,0,kelmon luis da silva souza,0.000686198,1,padre kelmon,candidato,0.93,0,-0.000686198
10667,2022,1,Ipespe,XP Investimentos,2022-09-21,2022-09-21,11,estimulada,votos totais,BR-08425/2022,,2000,2.2,2.2,27457,cenário 1 - estimulado - 1º turno,não sabem / não responderam,N/A,1,nao_sabe,2,nao sabem nao responderam,0.02,nao sabem nao responderam,,1,nao sabem nao responderam,nao_sabe,0.93,,
10667,2022,1,Ipespe,XP Investimentos,2022-09-21,2022-09-21,11,estimulada,votos totais,BR-08425/2022,,2000,2.2,2.2,27457,cenário 1 - estimulado - 1º turno,Bolsonaro,PL,0,candidato,35,bolsonaro,0.35,jair messias bolsonaro,0.431975526,1,bolsonaro,candidato,0.93,0.376344086,-0.05563144
10667,2022,1,Ipespe,XP Investimentos,2022-09-21,2022-09-21,11,estimulada,votos totais,BR-08425/2022,,2000,2.2,2.2,27457,cenário 1 - estimulado - 1º turno,Ciro,PDT,0,candidato,7,ciro,0.07,ciro ferreira gomes,0.030443166,1,ciro,candidato,0.93,0.075268817,0.044825651
10667,2022,1,Ipespe,XP Investimentos,2022-09-21,2022-09-21,11,estimulada,votos totais,BR-08425/2022,,2000,2.2,2.2,27457,cenário 1 - estimulado - 1º turno,Sofia Manzano,PCB,0,candidato,0,sofia manzano,0,sofia padua manzano,0.000385859,1,sofia manzano,candidato,0.93,0,-0.000385859
10667,2022,2,Ipespe,XP Investimentos,2022-09-21,2022-09-21,39,estimulada,votos totais,BR-08425/2022,,2000,2.2,2.2,27458,cenário 1 - estimulado - 2º turno,Bolsonaro,PL,0,candidato,37,bolsonaro,0.37,jair messias bolsonaro,0.490975949,2,bolsonaro,candidato,0.91,0.406593407,-0.084382542
10667,2022,2,Ipespe,XP Investimentos,2022-09-21,2022-09-21,39,estimulada,votos totais,BR-08425/2022,,2000,2.2,2.2,27458,cenário 1 - estimulado - 2º turno,branco / nulo / não sabe / não respondeu,N/A,1,nao_sabe,9,branco nulo nao sabe nao respondeu,0.09,branco nulo nao sabe nao respondeu,,2,branco nulo nao sabe nao respondeu,nao_sabe,0.91,,
10667,2022,2,Ipespe,XP Investimentos,2022-09-21,2022-09-21,39,estimulada,votos totais,BR-08425/2022,,2000,2.2,2.2,27458,cenário 1 - estimulado - 2º turno,Lula,PT,0,candidato,54,lula,0.54,luiz inacio lula da silva,0.509024051,2,lula,candidato,0.91,0.593406593,0.084382542
10696,2022,1,Futura,Banco Modal,2022-09-21,2022-09-21,11,estimulada,votos totais,BR-02650/2022,,2000,2.2,2.2,27512,cenário 1 - estimulada - 1º turno,indeciso / não sabe / não respondeu,N/A,1,nao_sabe,3.3,indeciso nao sabe nao respondeu,0.033,indeciso nao sabe nao respondeu,,1,indeciso nao sabe nao respondeu,nao_sabe,0.93,,
10696,2022,1,Futura,Banco Modal,2022-09-21,2022-09-21,11,estimulada,votos totais,BR-02650/2022,,2000,2.2,2.2,27512,cenário 1 - estimulada - 1º turno,Luiz Felipe d'Avila,NOVO,0,candidato,0.3,luiz felipe davila,0.003,luiz felipe chaves d avila,0.004734072,1,luiz felipe davila,candidato,0.93,0.003225806,-0.001508266
10696,2022,1,Futura,Banco Modal,2022-09-21,2022-09-21,11,estimulada,votos totais,BR-02650/2022,,2000,2.2,2.2,27512,cenário 1 - estimulada - 1º turno,Vera Lúcia Salgado,PSTU,0,candidato,0.4,vera lucia salgado,0.004,vera lucia pereira da silva salgado,0.000216739,1,vera lucia salgado,candidato,0.93,0.004301075,0.004084336
10696,2022,1,Futura,Banco Modal,2022-09-21,2022-09-21,11,estimulada,votos totais,BR-02650/2022,,2000,2.2,2.2,27512,cenário 1 - estimulada - 1º turno,Simone Tebet,MDB,0,candidato,6.1,simone tebet,0.061,simone nassar tebet,0.04157519,1,simone tebet,candidato,0.93,0.065591398,0.024016208
10696,2022,1,Futura,Banco Modal,2022-09-21,2022-09-21,11,estimulada,votos totais,BR-02650/2022,,2000,2.2,2.2,27512,cenário 1 - estimulada - 1º turno,brancos / nulos,N/A,1,branco_nulo,3.8,brancos nulos,0.038,brancos nulos,,1,brancos nulos,branco_nulo,0.93,,
10696,2022,1,Futura,Banco Modal,2022-09-21,2022-09-21,11,estimulada,votos totais,BR-02650/2022,,2000,2.2,2.2,27512,cenário 1 - estimulada - 1º turno,Sofia Manzano,PCB,0,candidato,0.2,sofia manzano,0.002,sofia padua manzano,0.000385859,1,sofia manzano,candidato,0.93,0.002150538,0.001764679
10696,2022,1,Futura,Banco Modal,2022-09-21,2022-09-21,11,estimulada,votos totais,BR-02650/2022,,2000,2.2,2.2,27512,cenário 1 - estimulada - 1º turno,Bolsonaro,PL,0,candidato,39.2,bolsonaro,0.392,jair messias bolsonaro,0.431975526,1,bolsonaro,candidato,0.93,0.421505376,-0.010470149
10696,2022,1,Futura,Banco Modal,2022-09-21,2022-09-21,11,estimulada,votos totais,BR-02650/2022,,2000,2.2,2.2,27512,cenário 1 - estimulada - 1º turno,Ciro,PDT,0,candidato,6.6,ciro,0.066,ciro ferreira gomes,0.030443166,1,ciro,candidato,0.93,0.070967742,0.040524576
10696,2022,1,Futura,Banco Modal,2022-09-21,2022-09-21,11,estimulada,votos totais,BR-02650/2022,,2000,2.2,2.2,27512,cenário 1 - estimulada - 1º turno,Padre Kelmon,PTB,0,candidato,0.1,padre kelmon,0.001,kelmon luis da silva souza,0.000686198,1,padre kelmon,candidato,0.93,0.001075269,0.000389071
10696,2022,1,Futura,Banco Modal,2022-09-21,2022-09-21,11,estimulada,votos totais,BR-02650/2022,,2000,2.2,2.2,27512,cenário 1 - estimulada - 1º turno,Soraya Thronicke,União Brasil,0,candidato,0.8,soraya thronicke,0.008,soraya vieira thronicke,0.005082944,1,soraya thronicke,candidato,0.93,0.008602151,0.003519207
10696,2022,1,Futura,Banco Modal,2022-09-21,2022-09-21,11,estimulada,votos totais,BR-02650/2022,,2000,2.2,2.2,27512,cenário 1 - estimulada - 1º turno,Eymael,DC,0,candidato,0.2,eymael,0.002,jose maria eymael,0.000140438,1,eymael,candidato,0.93,0.002150538,0.002010099
10696,2022,1,Futura,Banco Modal,2022-09-21,2022-09-21,11,estimulada,votos totais,BR-02650/2022,,2000,2.2,2.2,27512,cenário 1 - estimulada - 1º turno,Lula,PT,0,candidato,39.1,lula,0.391,luiz inacio lula da silva,0.484307199,1,lula,candidato,0.93,0.420430108,-0.063877091
10696,2022,1,Futura,Banco Modal,2022-09-21,2022-09-21,11,estimulada,votos totais,BR-02650/2022,,2000,2.2,2.2,27513,cenário 2 - estimulada - 1º turno,brancos / nulos,N/A,1,branco_nulo,3.2,brancos nulos,0.032,brancos nulos,,1,brancos nulos,branco_nulo,0.945,,
10696,2022,1,Futura,Banco Modal,2022-09-21,2022-09-21,11,estimulada,votos totais,BR-02650/2022,,2000,2.2,2.2,27513,cenário 2 - estimulada - 1º turno,Bolsonaro,PL,0,candidato,41,bolsonaro,0.41,jair messias bolsonaro,0.431975526,1,bolsonaro,candidato,0.945,0.433862434,0.001886908
10696,2022,1,Futura,Banco Modal,2022-09-21,2022-09-21,11,estimulada,votos totais,BR-02650/2022,,2000,2.2,2.2,27513,cenário 2 - estimulada - 1º turno,indeciso / não sabe / não respondeu,N/A,1,nao_sabe,2.2,indeciso nao sabe nao respondeu,0.022,indeciso nao sabe nao respondeu,,1,indeciso nao sabe nao respondeu,nao_sabe,0.945,,
10696,2022,1,Futura,Banco Modal,2022-09-21,2022-09-21,11,estimulada,votos totais,BR-02650/2022,,2000,2.2,2.2,27513,cenário 2 - estimulada - 1º turno,Simone Tebet,MDB,0,candidato,6.4,simone tebet,0.064,simone nassar tebet,0.04157519,1,simone tebet,candidato,0.945,0.067724868,0.026149678
10696,2022,1,Futura,Banco Modal,2022-09-21,2022-09-21,11,estimulada,votos totais,BR-02650/2022,,2000,2.2,2.2,27513,cenário 2 - estimulada - 1º turno,Lula,PT,0,candidato,40,lula,0.4,luiz inacio lula da silva,0.484307199,1,lula,candidato,0.945,0.423280423,-0.061026775
10696,2022,1,Futura,Banco Modal,2022-09-21,2022-09-21,11,estimulada,votos totais,BR-02650/2022,,2000,2.2,2.2,27513,cenário 2 - estimulada - 1º turno,Ciro,PDT,0,candidato,7.1,ciro,0.071,ciro ferreira gomes,0.030443166,1,ciro,candidato,0.945,0.075132275,0.044689109
10696,2022,1,Futura,Banco Modal,2022-09-21,2022-09-21,11,estimulada,votos totais,BR-02650/2022,,2000,2.2,2.2,27514,cenário 3 - estimulada - 1º turno,brancos / nulos,N/A,1,branco_nulo,3.9,brancos nulos,0.039,brancos nulos,,1,brancos nulos,branco_nulo,0.938,,
10696,2022,1,Futura,Banco Modal,2022-09-21,2022-09-21,11,estimulada,votos totais,BR-02650/2022,,2000,2.2,2.2,27514,cenário 3 - estimulada - 1º turno,Simone Tebet,MDB,0,candidato,10.7,simone tebet,0.107,simone nassar tebet,0.04157519,1,simone tebet,candidato,0.938,0.114072495,0.072497305
10696,2022,1,Futura,Banco Modal,2022-09-21,2022-09-21,11,estimulada,votos totais,BR-02650/2022,,2000,2.2,2.2,27514,cenário 3 - estimulada - 1º turno,Bolsonaro,PL,0,candidato,41.2,bolsonaro,0.412,jair messias bolsonaro,0.431975526,1,bolsonaro,candidato,0.938,0.439232409,0.007256884
10696,2022,1,Futura,Banco Modal,2022-09-21,2022-09-21,11,estimulada,votos totais,BR-02650/2022,,2000,2.2,2.2,27514,cenário 3 - estimulada - 1º turno,indeciso / não sabe / não respondeu,N/A,1,nao_sabe,2.2,indeciso nao sabe nao respondeu,0.022,indeciso nao sabe nao respondeu,,1,indeciso nao sabe nao respondeu,nao_sabe,0.938,,
10696,2022,1,Futura,Banco Modal,2022-09-21,2022-09-21,11,estimulada,votos totais,BR-02650/2022,,2000,2.2,2.2,27514,cenário 3 - estimulada - 1º turno,Lula,PT,0,candidato,41.9,lula,0.419,luiz inacio lula da silva,0.484307199,1,lula,candidato,0.938,0.446695096,-0.037612103
10696,2022,2,Futura,Banco Modal,2022-09-21,2022-09-21,39,estimulada,votos totais,BR-02650/2022,,2000,2.2,2.2,27515,cenário 1 - estimulada - 2º turno,indeciso / não sabe / não respondeu,N/A,1,nao_sabe,1.9,indeciso nao sabe nao respondeu,0.019,indeciso nao sabe nao respondeu,,2,indeciso nao sabe nao respondeu,nao_sabe,0.914,,
10696,2022,2,Futura,Banco Modal,2022-09-21,2022-09-21,39,estimulada,votos totais,BR-02650/2022,,2000,2.2,2.2,27515,cenário 1 - estimulada - 2º turno,Lula,PT,0,candidato,47,lula,0.47,luiz inacio lula da silva,0.509024051,2,lula,candidato,0.914,0.514223195,0.005199144
10696,2022,2,Futura,Banco Modal,2022-09-21,2022-09-21,39,estimulada,votos totais,BR-02650/2022,,2000,2.2,2.2,27515,cenário 1 - estimulada - 2º turno,Bolsonaro,PL,0,candidato,44.4,bolsonaro,0.444,jair messias bolsonaro,0.490975949,2,bolsonaro,candidato,0.914,0.485776805,-0.005199144
10696,2022,2,Futura,Banco Modal,2022-09-21,2022-09-21,39,estimulada,votos totais,BR-02650/2022,,2000,2.2,2.2,27515,cenário 1 - estimulada - 2º turno,brancos / nulos,N/A,1,branco_nulo,6.6,brancos nulos,0.066,brancos nulos,,2,brancos nulos,branco_nulo,0.914,,
10718,2022,1,FSB,BTG Pactual,2022-09-25,2022-09-25,7,estimulada,votos totais,BR-08123/2022,,2000,2,2,27544,cenário 1 - estimulado - 1º turno,Bolsonaro,PL,0,candidato,35,bolsonaro,0.35,jair messias bolsonaro,0.431975526,1,bolsonaro,candidato,0.93,0.376344086,-0.05563144
10718,2022,1,FSB,BTG Pactual,2022-09-25,2022-09-25,7,estimulada,votos totais,BR-08123/2022,,2000,2,2,27544,cenário 1 - estimulado - 1º turno,Vera Lúcia Salgado,PSTU,0,candidato,0,vera lucia salgado,0,vera lucia pereira da silva salgado,0.000216739,1,vera lucia salgado,candidato,0.93,0,-0.000216739
10718,2022,1,FSB,BTG Pactual,2022-09-25,2022-09-25,7,estimulada,votos totais,BR-08123/2022,,2000,2,2,27544,cenário 1 - estimulado - 1º turno,Padre Kelmon,PTB,0,candidato,0,padre kelmon,0,kelmon luis da silva souza,0.000686198,1,padre kelmon,candidato,0.93,0,-0.000686198
10718,2022,1,FSB,BTG Pactual,2022-09-25,2022-09-25,7,estimulada,votos totais,BR-08123/2022,,2000,2,2,27544,cenário 1 - estimulado - 1º turno,Soraya Thronicke,União Brasil,0,candidato,1,soraya thronicke,0.01,soraya vieira thronicke,0.005082944,1,soraya thronicke,candidato,0.93,0.010752688,0.005669745
10718,2022,1,FSB,BTG Pactual,2022-09-25,2022-09-25,7,estimulada,votos totais,BR-08123/2022,,2000,2,2,27544,cenário 1 - estimulado - 1º turno,Simone Tebet,MDB,0,candidato,4,simone tebet,0.04,simone nassar tebet,0.04157519,1,simone tebet,candidato,0.93,0.043010753,0.001435563
10718,2022,1,FSB,BTG Pactual,2022-09-25,2022-09-25,7,estimulada,votos totais,BR-08123/2022,,2000,2,2,27544,cenário 1 - estimulado - 1º turno,Lula,PT,0,candidato,45,lula,0.45,luiz inacio lula da silva,0.484307199,1,lula,candidato,0.93,0.483870968,-0.000436231
10718,2022,1,FSB,BTG Pactual,2022-09-25,2022-09-25,7,estimulada,votos totais,BR-08123/2022,,2000,2,2,27544,cenário 1 - estimulado - 1º turno,Ciro,PDT,0,candidato,7,ciro,0.07,ciro ferreira gomes,0.030443166,1,ciro,candidato,0.93,0.075268817,0.044825651
10718,2022,1,FSB,BTG Pactual,2022-09-25,2022-09-25,7,estimulada,votos totais,BR-08123/2022,,2000,2,2,27544,cenário 1 - estimulado - 1º turno,não sabem / não responderam,N/A,1,nao_sabe,2,nao sabem nao responderam,0.02,nao sabem nao responderam,,1,nao sabem nao responderam,nao_sabe,0.93,,
10718,2022,1,FSB,BTG Pactual,2022-09-25,2022-09-25,7,estimulada,votos totais,BR-08123/2022,,2000,2,2,27544,cenário 1 - estimulado - 1º turno,Eymael,DC,0,candidato,0,eymael,0,jose maria eymael,0.000140438,1,eymael,candidato,0.93,0,-0.000140438
10718,2022,1,FSB,BTG Pactual,2022-09-25,2022-09-25,7,estimulada,votos totais,BR-08123/2022,,2000,2,2,27544,cenário 1 - estimulado - 1º turno,Luiz Felipe d'Avila,NOVO,0,candidato,1,luiz felipe davila,0.01,luiz felipe chaves d avila,0.004734072,1,luiz felipe davila,candidato,0.93,0.010752688,0.006018616
10718,2022,1,FSB,BTG Pactual,2022-09-25,2022-09-25,7,estimulada,votos totais,BR-08123/2022,,2000,2,2,27544,cenário 1 - estimulado - 1º turno,Leonardo Péricles,UP,0,candidato,0,leonardo pericles,0,leonardo pericles vieira roque,0.00045267,1,leonardo pericles,candidato,0.93,0,-0.00045267
10718,2022,1,FSB,BTG Pactual,2022-09-25,2022-09-25,7,estimulada,votos totais,BR-08123/2022,,2000,2,2,27544,cenário 1 - estimulado - 1º turno,brancos / nulos,N/A,1,branco_nulo,4,brancos nulos,0.04,brancos nulos,,1,brancos nulos,branco_nulo,0.93,,
10718,2022,1,FSB,BTG Pactual,2022-09-25,2022-09-25,7,estimulada,votos totais,BR-08123/2022,,2000,2,2,27544,cenário 1 - estimulado - 1º turno,Sofia Manzano,PCB,0,candidato,0,sofia manzano,0,sofia padua manzano,0.000385859,1,sofia manzano,candidato,0.93,0,-0.000385859
10718,2022,2,FSB,BTG Pactual,2022-09-25,2022-09-25,35,estimulada,votos totais,BR-08123/2022,,2000,2,2,27545,cenário 2 - estimulado - 2º turno,Lula,PT,0,candidato,52,lula,0.52,luiz inacio lula da silva,0.509024051,2,lula,candidato,0.92,0.565217391,0.05619334
10718,2022,2,FSB,BTG Pactual,2022-09-25,2022-09-25,35,estimulada,votos totais,BR-08123/2022,,2000,2,2,27545,cenário 2 - estimulado - 2º turno,não sabem / não responderam,N/A,1,nao_sabe,1,nao sabem nao responderam,0.01,nao sabem nao responderam,,2,nao sabem nao responderam,nao_sabe,0.92,,
10718,2022,2,FSB,BTG Pactual,2022-09-25,2022-09-25,35,estimulada,votos totais,BR-08123/2022,,2000,2,2,27545,cenário 2 - estimulado - 2º turno,Bolsonaro,PL,0,candidato,40,bolsonaro,0.4,jair messias bolsonaro,0.490975949,2,bolsonaro,candidato,0.92,0.434782609,-0.05619334
10718,2022,2,FSB,BTG Pactual,2022-09-25,2022-09-25,35,estimulada,votos totais,BR-08123/2022,,2000,2,2,27545,cenário 2 - estimulado - 2º turno,brancos / nulos,N/A,1,branco_nulo,7,brancos nulos,0.07,brancos nulos,,2,brancos nulos,branco_nulo,0.92,,
10783,2022,1,Quaest,Genial Investimentos,2022-09-27,2022-09-27,5,estimulada,votos totais,BR-04371/2022,,2000,2,2,27682,cenário 1 - estimulado - 1º turno,Ciro,PDT,0,candidato,6,ciro,0.06,ciro ferreira gomes,0.030443166,1,ciro,candidato,0.91,0.065934066,0.0354909
10783,2022,1,Quaest,Genial Investimentos,2022-09-27,2022-09-27,5,estimulada,votos totais,BR-04371/2022,,2000,2,2,27682,cenário 1 - estimulado - 1º turno,Eymael,DC,0,candidato,0,eymael,0,jose maria eymael,0.000140438,1,eymael,candidato,0.91,0,-0.000140438
10783,2022,1,Quaest,Genial Investimentos,2022-09-27,2022-09-27,5,estimulada,votos totais,BR-04371/2022,,2000,2,2,27682,cenário 1 - estimulado - 1º turno,Lula,PT,0,candidato,46,lula,0.46,luiz inacio lula da silva,0.484307199,1,lula,candidato,0.91,0.505494505,0.021187307
10783,2022,1,Quaest,Genial Investimentos,2022-09-27,2022-09-27,5,estimulada,votos totais,BR-04371/2022,,2000,2,2,27682,cenário 1 - estimulado - 1º turno,Vera Lúcia Salgado,PSTU,0,candidato,0,vera lucia salgado,0,vera lucia pereira da silva salgado,0.000216739,1,vera lucia salgado,candidato,0.91,0,-0.000216739
10783,2022,1,Quaest,Genial Investimentos,2022-09-27,2022-09-27,5,estimulada,votos totais,BR-04371/2022,,2000,2,2,27682,cenário 1 - estimulado - 1º turno,Bolsonaro,PL,0,candidato,33,bolsonaro,0.33,jair messias bolsonaro,0.431975526,1,bolsonaro,candidato,0.91,0.362637363,-0.069338163
10783,2022,1,Quaest,Genial Investimentos,2022-09-27,2022-09-27,5,estimulada,votos totais,BR-04371/2022,,2000,2,2,27682,cenário 1 - estimulado - 1º turno,indeciso,N/A,1,nao_sabe,5,indeciso,0.05,indeciso,,1,indeciso,candidato,0.91,,
10783,2022,1,Quaest,Genial Investimentos,2022-09-27,2022-09-27,5,estimulada,votos totais,BR-04371/2022,,2000,2,2,27682,cenário 1 - estimulado - 1º turno,Simone Tebet,MDB,0,candidato,5,simone tebet,0.05,simone nassar tebet,0.04157519,1,simone tebet,candidato,0.91,0.054945055,0.013369865
10783,2022,1,Quaest,Genial Investimentos,2022-09-27,2022-09-27,5,estimulada,votos totais,BR-04371/2022,,2000,2,2,27682,cenário 1 - estimulado - 1º turno,Leonardo Péricles,UP,0,candidato,0,leonardo pericles,0,leonardo pericles vieira roque,0.00045267,1,leonardo pericles,candidato,0.91,0,-0.00045267
10783,2022,1,Quaest,Genial Investimentos,2022-09-27,2022-09-27,5,estimulada,votos totais,BR-04371/2022,,2000,2,2,27682,cenário 1 - estimulado - 1º turno,branco / nulo / não votará,N/A,1,branco_nulo,4,branco nulo nao votara,0.04,branco nulo nao votara,,1,branco nulo nao votara,branco_nulo,0.91,,
10783,2022,1,Quaest,Genial Investimentos,2022-09-27,2022-09-27,5,estimulada,votos totais,BR-04371/2022,,2000,2,2,27682,cenário 1 - estimulado - 1º turno,Sofia Manzano,PCB,0,candidato,0,sofia manzano,0,sofia padua manzano,0.000385859,1,sofia manzano,candidato,0.91,0,-0.000385859
10783,2022,1,Quaest,Genial Investimentos,2022-09-27,2022-09-27,5,estimulada,votos totais,BR-04371/2022,,2000,2,2,27682,cenário 1 - estimulado - 1º turno,Padre Kelmon,PTB,0,candidato,0,padre kelmon,0,kelmon luis da silva souza,0.000686198,1,padre kelmon,candidato,0.91,0,-0.000686198
10783,2022,1,Quaest,Genial Investimentos,2022-09-27,2022-09-27,5,estimulada,votos totais,BR-04371/2022,,2000,2,2,27682,cenário 1 - estimulado - 1º turno,Soraya Thronicke,União Brasil,0,candidato,1,soraya thronicke,0.01,soraya vieira thronicke,0.005082944,1,soraya thronicke,candidato,0.91,0.010989011,0.005906067
10783,2022,1,Quaest,Genial Investimentos,2022-09-27,2022-09-27,5,estimulada,votos totais,BR-04371/2022,,2000,2,2,27682,cenário 1 - estimulado - 1º turno,Luiz Felipe d'Avila,NOVO,0,candidato,0,luiz felipe davila,0,luiz felipe chaves d avila,0.004734072,1,luiz felipe davila,candidato,0.91,0,-0.004734072
10783,2022,2,Quaest,Genial Investimentos,2022-09-27,2022-09-27,33,estimulada,votos totais,BR-04371/2022,,2000,2,2,27683,cenário 1 - estimulado - 2º turno,branco / nulo / não votará,N/A,1,branco_nulo,6,branco nulo nao votara,0.06,branco nulo nao votara,,2,branco nulo nao votara,branco_nulo,0.9,,
10783,2022,2,Quaest,Genial Investimentos,2022-09-27,2022-09-27,33,estimulada,votos totais,BR-04371/2022,,2000,2,2,27683,cenário 1 - estimulado - 2º turno,Bolsonaro,PL,0,candidato,38,bolsonaro,0.38,jair messias bolsonaro,0.490975949,2,bolsonaro,candidato,0.9,0.422222222,-0.068753727
10783,2022,2,Quaest,Genial Investimentos,2022-09-27,2022-09-27,33,estimulada,votos totais,BR-04371/2022,,2000,2,2,27683,cenário 1 - estimulado - 2º turno,Lula,PT,0,candidato,52,lula,0.52,luiz inacio lula da silva,0.509024051,2,lula,candidato,0.9,0.577777778,0.068753727
10783,2022,2,Quaest,Genial Investimentos,2022-09-27,2022-09-27,33,estimulada,votos totais,BR-04371/2022,,2000,2,2,27683,cenário 1 - estimulado - 2º turno,indeciso,N/A,1,nao_sabe,4,indeciso,0.04,indeciso,,2,indeciso,candidato,0.9,,
10872,2022,1,Futura,Banco Modal,2022-09-28,2022-09-28,4,estimulada,votos totais,BR-06743/2022,,2000,2.2,2.2,27873,cenário 1 - estimulada - 1º turno,Simone Tebet,MDB,0,candidato,7.2,simone tebet,0.072,simone nassar tebet,0.04157519,1,simone tebet,candidato,0.934,0.077087794,0.035512605
10872,2022,1,Futura,Banco Modal,2022-09-28,2022-09-28,4,estimulada,votos totais,BR-06743/2022,,2000,2.2,2.2,27873,cenário 1 - estimulada - 1º turno,Soraya Thronicke,União Brasil,0,candidato,0.9,soraya thronicke,0.009,soraya vieira thronicke,0.005082944,1,soraya thronicke,candidato,0.934,0.009635974,0.004553031
10872,2022,1,Futura,Banco Modal,2022-09-28,2022-09-28,4,estimulada,votos totais,BR-06743/2022,,2000,2.2,2.2,27873,cenário 1 - estimulada - 1º turno,Leonardo Péricles,UP,0,candidato,0.3,leonardo pericles,0.003,leonardo pericles vieira roque,0.00045267,1,leonardo pericles,candidato,0.934,0.003211991,0.002759322
10872,2022,1,Futura,Banco Modal,2022-09-28,2022-09-28,4,estimulada,votos totais,BR-06743/2022,,2000,2.2,2.2,27873,cenário 1 - estimulada - 1º turno,Bolsonaro,PL,0,candidato,37.8,bolsonaro,0.378,jair messias bolsonaro,0.431975526,1,bolsonaro,candidato,0.934,0.404710921,-0.027264605
10872,2022,1,Futura,Banco Modal,2022-09-28,2022-09-28,4,estimulada,votos totais,BR-06743/2022,,2000,2.2,2.2,27873,cenário 1 - estimulada - 1º turno,Ciro,PDT,0,candidato,5.6,ciro,0.056,ciro ferreira gomes,0.030443166,1,ciro,candidato,0.934,0.059957173,0.029514007
10872,2022,1,Futura,Banco Modal,2022-09-28,2022-09-28,4,estimulada,votos totais,BR-06743/2022,,2000,2.2,2.2,27873,cenário 1 - estimulada - 1º turno,Eymael,DC,0,candidato,0,eymael,0,jose maria eymael,0.000140438,1,eymael,candidato,0.934,0,-0.000140438
10872,2022,1,Futura,Banco Modal,2022-09-28,2022-09-28,4,estimulada,votos totais,BR-06743/2022,,2000,2.2,2.2,27873,cenário 1 - estimulada - 1º turno,Lula,PT,0,candidato,40.7,lula,0.407,luiz inacio lula da silva,0.484307199,1,lula,candidato,0.934,0.435760171,-0.048547027
10872,2022,1,Futura,Banco Modal,2022-09-28,2022-09-28,4,estimulada,votos totais,BR-06743/2022,,2000,2.2,2.2,27873,cenário 1 - estimulada - 1º turno,indeciso / não sabe / não respondeu,N/A,1,nao_sabe,3.3,indeciso nao sabe nao respondeu,0.033,indeciso nao sabe nao respondeu,,1,indeciso nao sabe nao respondeu,nao_sabe,0.934,,
10872,2022,1,Futura,Banco Modal,2022-09-28,2022-09-28,4,estimulada,votos totais,BR-06743/2022,,2000,2.2,2.2,27873,cenário 1 - estimulada - 1º turno,brancos / nulos,N/A,1,branco_nulo,3.4,brancos nulos,0.034,brancos nulos,,1,brancos nulos,branco_nulo,0.934,,
10872,2022,1,Futura,Banco Modal,2022-09-28,2022-09-28,4,estimulada,votos totais,BR-06743/2022,,2000,2.2,2.2,27873,cenário 1 - estimulada - 1º turno,Luiz Felipe d'Avila,NOVO,0,candidato,0.4,luiz felipe davila,0.004,luiz felipe chaves d avila,0.004734072,1,luiz felipe davila,candidato,0.934,0.004282655,-0.000451417
10872,2022,1,Futura,Banco Modal,2022-09-28,2022-09-28,4,estimulada,votos totais,BR-06743/2022,,2000,2.2,2.2,27873,cenário 1 - estimulada - 1º turno,Padre Kelmon,PTB,0,candidato,0.1,padre kelmon,0.001,kelmon luis da silva souza,0.000686198,1,padre kelmon,candidato,0.934,0.001070664,0.000384466
10872,2022,1,Futura,Banco Modal,2022-09-28,2022-09-28,4,estimulada,votos totais,BR-06743/2022,,2000,2.2,2.2,27873,cenário 1 - estimulada - 1º turno,Vera Lúcia Salgado,PSTU,0,candidato,0.3,vera lucia salgado,0.003,vera lucia pereira da silva salgado,0.000216739,1,vera lucia salgado,candidato,0.934,0.003211991,0.002995252
10872,2022,1,Futura,Banco Modal,2022-09-28,2022-09-28,4,estimulada,votos totais,BR-06743/2022,,2000,2.2,2.2,27873,cenário 1 - estimulada - 1º turno,Sofia Manzano,PCB,0,candidato,0.1,sofia manzano,0.001,sofia padua manzano,0.000385859,1,sofia manzano,candidato,0.934,0.001070664,0.000684805
10872,2022,2,Futura,Banco Modal,2022-09-28,2022-09-28,32,estimulada,votos totais,BR-06743/2022,,2000,2.2,2.2,27874,cenário 1 - estimulada - 2º turno,Lula,PT,0,candidato,47.7,lula,0.477,luiz inacio lula da silva,0.509024051,2,lula,candidato,0.906,0.526490066,0.017466015
10872,2022,2,Futura,Banco Modal,2022-09-28,2022-09-28,32,estimulada,votos totais,BR-06743/2022,,2000,2.2,2.2,27874,cenário 1 - estimulada - 2º turno,brancos / nulos,N/A,1,branco_nulo,8,brancos nulos,0.08,brancos nulos,,2,brancos nulos,branco_nulo,0.906,,
10872,2022,2,Futura,Banco Modal,2022-09-28,2022-09-28,32,estimulada,votos totais,BR-06743/2022,,2000,2.2,2.2,27874,cenário 1 - estimulada - 2º turno,Bolsonaro,PL,0,candidato,42.9,bolsonaro,0.429,jair messias bolsonaro,0.490975949,2,bolsonaro,candidato,0.906,0.473509934,-0.017466015
10872,2022,2,Futura,Banco Modal,2022-09-28,2022-09-28,32,estimulada,votos totais,BR-06743/2022,,2000,2.2,2.2,27874,cenário 1 - estimulada - 2º turno,indeciso / não sabe / não respondeu,N/A,1,nao_sabe,1.4,indeciso nao sabe nao respondeu,0.014,indeciso nao sabe nao respondeu,,2,indeciso nao sabe nao respondeu,nao_sabe,0.906,,
11005,2022,2,Ipec,Grupo Globo,2022-10-05,2022-10-05,25,estimulada,votos totais,BR-02736/2022,,2000,2,2,28091,cenário 1 - estimulada - 2º turno,brancos / nulos,N/A,1,branco_nulo,4,brancos nulos,0.04,brancos nulos,,2,brancos nulos,branco_nulo,0.94,,
11005,2022,2,Ipec,Grupo Globo,2022-10-05,2022-10-05,25,estimulada,votos totais,BR-02736/2022,,2000,2,2,28091,cenário 1 - estimulada - 2º turno,Bolsonaro,PL,0,candidato,43,bolsonaro,0.43,jair messias bolsonaro,0.490975949,2,bolsonaro,candidato,0.94,0.457446809,-0.03352914
11005,2022,2,Ipec,Grupo Globo,2022-10-05,2022-10-05,25,estimulada,votos totais,BR-02736/2022,,2000,2,2,28091,cenário 1 - estimulada - 2º turno,não sabem / não responderam,N/A,1,nao_sabe,2,nao sabem nao responderam,0.02,nao sabem nao responderam,,2,nao sabem nao responderam,nao_sabe,0.94,,
11005,2022,2,Ipec,Grupo Globo,2022-10-05,2022-10-05,25,estimulada,votos totais,BR-02736/2022,,2000,2,2,28091,cenário 1 - estimulada - 2º turno,Lula,PT,0,candidato,51,lula,0.51,luiz inacio lula da silva,0.509024051,2,lula,candidato,0.94,0.542553191,0.03352914
11007,2022,2,Quaest,Banco Genial,2022-10-05,2022-10-05,25,estimulada,votos totais,BR-07940/2022,,2000,2,2,28093,cenário 1 - estimulada - 2º turno,indeciso,N/A,1,nao_sabe,7,indeciso,0.07,indeciso,,2,indeciso,candidato,0.89,,
11007,2022,2,Quaest,Banco Genial,2022-10-05,2022-10-05,25,estimulada,votos totais,BR-07940/2022,,2000,2,2,28093,cenário 1 - estimulada - 2º turno,Lula,PT,0,candidato,48,lula,0.48,luiz inacio lula da silva,0.509024051,2,lula,candidato,0.89,0.539325843,0.030301792
11007,2022,2,Quaest,Banco Genial,2022-10-05,2022-10-05,25,estimulada,votos totais,BR-07940/2022,,2000,2,2,28093,cenário 1 - estimulada - 2º turno,branco / nulo / não votará,N/A,1,branco_nulo,4,branco nulo nao votara,0.04,branco nulo nao votara,,2,branco nulo nao votara,branco_nulo,0.89,,
11007,2022,2,Quaest,Banco Genial,2022-10-05,2022-10-05,25,estimulada,votos totais,BR-07940/2022,,2000,2,2,28093,cenário 1 - estimulada - 2º turno,Bolsonaro,PL,0,candidato,41,bolsonaro,0.41,jair messias bolsonaro,0.490975949,2,bolsonaro,candidato,0.89,0.460674157,-0.030301792
11012,2022,2,Futura,Genial Investimentos,2022-10-04,2022-10-04,26,estimulada,votos totais,BR-08263/2022,,2000,2.2,2.2,28100,cenário 1 - estimulada - 2º turno,indeciso / não sabe / não respondeu,N/A,1,nao_sabe,1.2,indeciso nao sabe nao respondeu,0.012,indeciso nao sabe nao respondeu,,2,indeciso nao sabe nao respondeu,nao_sabe,0.953,,
11012,2022,2,Futura,Genial Investimentos,2022-10-04,2022-10-04,26,estimulada,votos totais,BR-08263/2022,,2000,2.2,2.2,28100,cenário 1 - estimulada - 2º turno,Lula,PT,0,candidato,49.3,lula,0.493,luiz inacio lula da silva,0.509024051,2,lula,candidato,0.953,0.517313746,0.008289695
11012,2022,2,Futura,Genial Investimentos,2022-10-04,2022-10-04,26,estimulada,votos totais,BR-08263/2022,,2000,2.2,2.2,28100,cenário 1 - estimulada - 2º turno,brancos / nulos,N/A,1,branco_nulo,3.5,brancos nulos,0.035,brancos nulos,,2,brancos nulos,branco_nulo,0.953,,
11012,2022,2,Futura,Genial Investimentos,2022-10-04,2022-10-04,26,estimulada,votos totais,BR-08263/2022,,2000,2.2,2.2,28100,cenário 1 - estimulada - 2º turno,Bolsonaro,PL,0,candidato,46,bolsonaro,0.46,jair messias bolsonaro,0.490975949,2,bolsonaro,candidato,0.953,0.482686254,-0.008289695
11020,2022,2,Ipec,Grupo Globo,2022-10-10,2022-10-10,20,estimulada,votos totais,BR-02853/2022,,2000,2,2,28109,cenário 1 - estimulada - 2º turno,não sabem / não responderam,N/A,1,nao_sabe,2,nao sabem nao responderam,0.02,nao sabem nao responderam,,2,nao sabem nao responderam,nao_sabe,0.93,,
11020,2022,2,Ipec,Grupo Globo,2022-10-10,2022-10-10,20,estimulada,votos totais,BR-02853/2022,,2000,2,2,28109,cenário 1 - estimulada - 2º turno,brancos / nulos,N/A,1,branco_nulo,5,brancos nulos,0.05,brancos nulos,,2,brancos nulos,branco_nulo,0.93,,
11020,2022,2,Ipec,Grupo Globo,2022-10-10,2022-10-10,20,estimulada,votos totais,BR-02853/2022,,2000,2,2,28109,cenário 1 - estimulada - 2º turno,Lula,PT,0,candidato,51,lula,0.51,luiz inacio lula da silva,0.509024051,2,lula,candidato,0.93,0.548387097,0.039363046
11020,2022,2,Ipec,Grupo Globo,2022-10-10,2022-10-10,20,estimulada,votos totais,BR-02853/2022,,2000,2,2,28109,cenário 1 - estimulada - 2º turno,Bolsonaro,PL,0,candidato,42,bolsonaro,0.42,jair messias bolsonaro,0.490975949,2,bolsonaro,candidato,0.93,0.451612903,-0.039363046
11048,2022,2,Quaest,Genial Investimentos,2022-10-12,2022-10-12,18,estimulada,votos totais,BR-07106/2022,,2000,2,2,28150,cenário 1 - estimulada - 2º turno,não sabe,N/A,1,nao_sabe,4,nao sabe,0.04,nao sabe,,2,nao sabe,nao_sabe,0.9,,
11048,2022,2,Quaest,Genial Investimentos,2022-10-12,2022-10-12,18,estimulada,votos totais,BR-07106/2022,,2000,2,2,28150,cenário 1 - estimulada - 2º turno,Lula,PT,0,candidato,49,lula,0.49,luiz inacio lula da silva,0.509024051,2,lula,candidato,0.9,0.544444444,0.035420393
11048,2022,2,Quaest,Genial Investimentos,2022-10-12,2022-10-12,18,estimulada,votos totais,BR-07106/2022,,2000,2,2,28150,cenário 1 - estimulada - 2º turno,brancos / nulos,N/A,1,branco_nulo,6,brancos nulos,0.06,brancos nulos,,2,brancos nulos,branco_nulo,0.9,,
11048,2022,2,Quaest,Genial Investimentos,2022-10-12,2022-10-12,18,estimulada,votos totais,BR-07106/2022,,2000,2,2,28150,cenário 1 - estimulada - 2º turno,Bolsonaro,PL,0,candidato,41,bolsonaro,0.41,jair messias bolsonaro,0.490975949,2,bolsonaro,candidato,0.9,0.455555556,-0.035420393
11055,2022,2,Ipespe,XP Investimentos,2022-10-12,2022-10-12,18,estimulada,votos totais,BR-07942/2022,,2000,2.2,2.2,28160,cenário 1 - estimulado - 2º turno,não sabem / não responderam,N/A,1,nao_sabe,4,nao sabem nao responderam,0.04,nao sabem nao responderam,,2,nao sabem nao responderam,nao_sabe,0.92,,
11055,2022,2,Ipespe,XP Investimentos,2022-10-12,2022-10-12,18,estimulada,votos totais,BR-07942/2022,,2000,2.2,2.2,28160,cenário 1 - estimulado - 2º turno,Bolsonaro,PL,0,candidato,43,bolsonaro,0.43,jair messias bolsonaro,0.490975949,2,bolsonaro,candidato,0.92,0.467391304,-0.023584644
11055,2022,2,Ipespe,XP Investimentos,2022-10-12,2022-10-12,18,estimulada,votos totais,BR-07942/2022,,2000,2.2,2.2,28160,cenário 1 - estimulado - 2º turno,branco / nulo / não votará,N/A,1,branco_nulo,4,branco nulo nao votara,0.04,branco nulo nao votara,,2,branco nulo nao votara,branco_nulo,0.92,,
11055,2022,2,Ipespe,XP Investimentos,2022-10-12,2022-10-12,18,estimulada,votos totais,BR-07942/2022,,2000,2.2,2.2,28160,cenário 1 - estimulado - 2º turno,Lula,PT,0,candidato,49,lula,0.49,luiz inacio lula da silva,0.509024051,2,lula,candidato,0.92,0.532608696,0.023584644
11056,2022,2,Futura,Banco Modal,2022-10-12,2022-10-12,18,estimulada,votos totais,BR-06280/2022,,2000,2.2,2.2,28161,cenário 1 - estimulado - 2º turno,Bolsonaro,PL,0,candidato,46.5,bolsonaro,0.465,jair messias bolsonaro,0.490975949,2,bolsonaro,candidato,0.934,0.497858672,0.006882724
11056,2022,2,Futura,Banco Modal,2022-10-12,2022-10-12,18,estimulada,votos totais,BR-06280/2022,,2000,2.2,2.2,28161,cenário 1 - estimulado - 2º turno,não sabem / não responderam,N/A,1,nao_sabe,2.3,nao sabem nao responderam,0.023,nao sabem nao responderam,,2,nao sabem nao responderam,nao_sabe,0.934,,
11056,2022,2,Futura,Banco Modal,2022-10-12,2022-10-12,18,estimulada,votos totais,BR-06280/2022,,2000,2.2,2.2,28161,cenário 1 - estimulado - 2º turno,Lula,PT,0,candidato,46.9,lula,0.469,luiz inacio lula da silva,0.509024051,2,lula,candidato,0.934,0.502141328,-0.006882724
11056,2022,2,Futura,Banco Modal,2022-10-12,2022-10-12,18,estimulada,votos totais,BR-06280/2022,,2000,2.2,2.2,28161,cenário 1 - estimulado - 2º turno,brancos / nulos,N/A,1,branco_nulo,4.3,brancos nulos,0.043,brancos nulos,,2,brancos nulos,branco_nulo,0.934,,
11085,2022,2,Quaest,Banco Genial,2022-10-18,2022-10-18,12,estimulada,votos totais,BR-04387/2022,,2000,2,2,28211,cenário 1 - estimulada - 2º turno,nenhum / brancos / nulos,N/A,1,branco_nulo,5,nenhum brancos nulos,0.05,nenhum brancos nulos,,2,nenhum brancos nulos,branco_nulo,0.89,,
11085,2022,2,Quaest,Banco Genial,2022-10-18,2022-10-18,12,estimulada,votos totais,BR-04387/2022,,2000,2,2,28211,cenário 1 - estimulada - 2º turno,Lula,PT,0,candidato,47,lula,0.47,luiz inacio lula da silva,0.509024051,2,lula,candidato,0.89,0.528089888,0.019065836
11085,2022,2,Quaest,Banco Genial,2022-10-18,2022-10-18,12,estimulada,votos totais,BR-04387/2022,,2000,2,2,28211,cenário 1 - estimulada - 2º turno,Bolsonaro,PL,0,candidato,42,bolsonaro,0.42,jair messias bolsonaro,0.490975949,2,bolsonaro,candidato,0.89,0.471910112,-0.019065836
11085,2022,2,Quaest,Banco Genial,2022-10-18,2022-10-18,12,estimulada,votos totais,BR-04387/2022,,2000,2,2,28211,cenário 1 - estimulada - 2º turno,indeciso,N/A,1,nao_sabe,6,indeciso,0.06,indeciso,,2,indeciso,candidato,0.89,,
11100,2022,2,Futura,Banco Modal,2022-10-19,2022-10-19,11,estimulada,votos totais,BR-08523/2022,,2000,2.2,2.2,28233,cenário 1 - estimulado - 2º turno,indeciso / não sabe / não respondeu,N/A,1,nao_sabe,3.3,indeciso nao sabe nao respondeu,0.033,indeciso nao sabe nao respondeu,,2,indeciso nao sabe nao respondeu,nao_sabe,0.928,,
11100,2022,2,Futura,Banco Modal,2022-10-19,2022-10-19,11,estimulada,votos totais,BR-08523/2022,,2000,2.2,2.2,28233,cenário 1 - estimulado - 2º turno,Lula,PT,0,candidato,45.9,lula,0.459,luiz inacio lula da silva,0.509024051,2,lula,candidato,0.928,0.494612069,-0.014411982
11100,2022,2,Futura,Banco Modal,2022-10-19,2022-10-19,11,estimulada,votos totais,BR-08523/2022,,2000,2.2,2.2,28233,cenário 1 - estimulado - 2º turno,brancos / nulos,N/A,1,branco_nulo,3.8,brancos nulos,0.038,brancos nulos,,2,brancos nulos,branco_nulo,0.928,,
11100,2022,2,Futura,Banco Modal,2022-10-19,2022-10-19,11,estimulada,votos totais,BR-08523/2022,,2000,2.2,2.2,28233,cenário 1 - estimulado - 2º turno,Bolsonaro,PL,0,candidato,46.9,bolsonaro,0.469,jair messias bolsonaro,0.490975949,2,bolsonaro,candidato,0.928,0.505387931,0.014411982
11134,2022,2,Quaest,Genial Investimentos,2022-10-25,2022-10-25,5,estimulada,votos totais,BR-00470/2022,,2000,2,2,28282,cenário 1 - estimulado - 2º turno,Lula,PT,0,candidato,48,lula,0.48,luiz inacio lula da silva,0.509024051,2,lula,candidato,0.9,0.533333333,0.024309282
11134,2022,2,Quaest,Genial Investimentos,2022-10-25,2022-10-25,5,estimulada,votos totais,BR-00470/2022,,2000,2,2,28282,cenário 1 - estimulado - 2º turno,branco / nulo / não votará,N/A,1,branco_nulo,5,branco nulo nao votara,0.05,branco nulo nao votara,,2,branco nulo nao votara,branco_nulo,0.9,,
11134,2022,2,Quaest,Genial Investimentos,2022-10-25,2022-10-25,5,estimulada,votos totais,BR-00470/2022,,2000,2,2,28282,cenário 1 - estimulado - 2º turno,Bolsonaro,PL,0,candidato,42,bolsonaro,0.42,jair messias bolsonaro,0.490975949,2,bolsonaro,candidato,0.9,0.466666667,-0.024309282
11134,2022,2,Quaest,Genial Investimentos,2022-10-25,2022-10-25,5,estimulada,votos totais,BR-00470/2022,,2000,2,2,28282,cenário 1 - estimulado - 2º turno,indeciso,N/A,1,nao_sabe,5,indeciso,0.05,indeciso,,2,indeciso,candidato,0.9,,
11167,2022,2,Futura,Banco Modal,2022-10-26,2022-10-26,4,estimulada,votos totais,BR-07903/2022,,2000,2.2,2.2,28317,cenário 1 - estimulada - 2º turno,Lula,PT,0,candidato,46.6,lula,0.466,luiz inacio lula da silva,0.509024051,2,lula,candidato,0.938,0.496801706,-0.012222345
11167,2022,2,Futura,Banco Modal,2022-10-26,2022-10-26,4,estimulada,votos totais,BR-07903/2022,,2000,2.2,2.2,28317,cenário 1 - estimulada - 2º turno,Bolsonaro,PL,0,candidato,47.2,bolsonaro,0.472,jair messias bolsonaro,0.490975949,2,bolsonaro,candidato,0.938,0.503198294,0.012222345
11167,2022,2,Futura,Banco Modal,2022-10-26,2022-10-26,4,estimulada,votos totais,BR-07903/2022,,2000,2.2,2.2,28317,cenário 1 - estimulada - 2º turno,nenhum / não sabe / não respondeu,N/A,1,nao_sabe,2.4,nenhum nao sabe nao respondeu,0.024,nenhum nao sabe nao respondeu,,2,nenhum nao sabe nao respondeu,nao_sabe,0.938,,
11167,2022,2,Futura,Banco Modal,2022-10-26,2022-10-26,4,estimulada,votos totais,BR-07903/2022,,2000,2.2,2.2,28317,cenário 1 - estimulada - 2º turno,brancos / nulos,N/A,1,branco_nulo,3.7,brancos nulos,0.037,brancos nulos,,2,brancos nulos,branco_nulo,0.938,,
11207,2022,2,Quaest,Genial Investimentos,2022-10-29,2022-10-29,1,estimulada,votos totais,BR-05765/2022,,2000,2,2,28363,cenário 1 - estimulada - 2º turno,Lula,PT,0,candidato,46,lula,0.46,luiz inacio lula da silva,0.509024051,2,lula,candidato,0.89,0.516853933,0.007829881
11207,2022,2,Quaest,Genial Investimentos,2022-10-29,2022-10-29,1,estimulada,votos totais,BR-05765/2022,,2000,2,2,28363,cenário 1 - estimulada - 2º turno,não sabem / não responderam,N/A,1,nao_sabe,5,nao sabem nao responderam,0.05,nao sabem nao responderam,,2,nao sabem nao responderam,nao_sabe,0.89,,
11207,2022,2,Quaest,Genial Investimentos,2022-10-29,2022-10-29,1,estimulada,votos totais,BR-05765/2022,,2000,2,2,28363,cenário 1 - estimulada - 2º turno,branco / nulo / não votará,N/A,1,branco_nulo,6,branco nulo nao votara,0.06,branco nulo nao votara,,2,branco nulo nao votara,branco_nulo,0.89,,
11207,2022,2,Quaest,Genial Investimentos,2022-10-29,2022-10-29,1,estimulada,votos totais,BR-05765/2022,,2000,2,2,28363,cenário 1 - estimulada - 2º turno,Bolsonaro,PL,0,candidato,43,bolsonaro,0.43,jair messias bolsonaro,0.490975949,2,bolsonaro,candidato,0.89,0.483146067,-0.007829881
11209,2022,2,Datafolha,Folha de S. Paulo e Grupo Globo,2022-10-29,2022-10-29,1,estimulada,votos totais,BR-08297/2022,,8320,2,2,28365,cenário 1 - estimulada - 2º turno,brancos / nulos,N/A,1,branco_nulo,4,brancos nulos,0.04,brancos nulos,,2,brancos nulos,branco_nulo,0.94,,
11209,2022,2,Datafolha,Folha de S. Paulo e Grupo Globo,2022-10-29,2022-10-29,1,estimulada,votos totais,BR-08297/2022,,8320,2,2,28365,cenário 1 - estimulada - 2º turno,não sabem / não responderam,N/A,1,nao_sabe,2,nao sabem nao responderam,0.02,nao sabem nao responderam,,2,nao sabem nao responderam,nao_sabe,0.94,,
11209,2022,2,Datafolha,Folha de S. Paulo e Grupo Globo,2022-10-29,2022-10-29,1,estimulada,votos totais,BR-08297/2022,,8320,2,2,28365,cenário 1 - estimulada - 2º turno,Bolsonaro,PL,0,candidato,45,bolsonaro,0.45,jair messias bolsonaro,0.490975949,2,bolsonaro,candidato,0.94,0.478723404,-0.012252545
11209,2022,2,Datafolha,Folha de S. Paulo e Grupo Globo,2022-10-29,2022-10-29,1,estimulada,votos totais,BR-08297/2022,,8320,2,2,28365,cenário 1 - estimulada - 2º turno,Lula,PT,0,candidato,49,lula,0.49,luiz inacio lula da silva,0.509024051,2,lula,candidato,0.94,0.521276596,0.012252545
9720,2022,2,MDA,CNT (Confederação Nacional do Transporte),2021-07-03,2021-07-03,484,estimulada,votos totais,,,2002,2.2,2.2,24364,cenário 1 - estimulado - 2º turno,Bolsonaro,sem partido,0,candidato,33.3,bolsonaro,0.333,jair messias bolsonaro,0.490975949,2,bolsonaro,candidato,0.859,0.38766007,-0.103315879
9720,2022,2,MDA,CNT (Confederação Nacional do Transporte),2021-07-03,2021-07-03,484,estimulada,votos totais,,,2002,2.2,2.2,24364,cenário 1 - estimulado - 2º turno,Lula,PT,0,candidato,52.6,lula,0.526,luiz inacio lula da silva,0.509024051,2,lula,candidato,0.859,0.61233993,0.103315879
9720,2022,2,MDA,CNT (Confederação Nacional do Transporte),2021-07-03,2021-07-03,484,estimulada,votos totais,,,2002,2.2,2.2,24364,cenário 1 - estimulado - 2º turno,brancos / nulos,N/A,1,branco_nulo,11.5,brancos nulos,0.115,brancos nulos,,2,brancos nulos,branco_nulo,0.859,,
9720,2022,2,MDA,CNT (Confederação Nacional do Transporte),2021-07-03,2021-07-03,484,estimulada,votos totais,,,2002,2.2,2.2,24364,cenário 1 - estimulado - 2º turno,não sabem / não responderam,N/A,1,nao_sabe,2.6,nao sabem nao responderam,0.026,nao sabem nao responderam,,2,nao sabem nao responderam,nao_sabe,0.859,,
9927,2022,2,MDA,Confederação Nacional do Transporte,2022-05-07,2022-05-07,176,estimulada,votos totais,BR-05757/2022,,2002,2.2,2.2,25446,Cenário 1 - estimulado - 2º turno,Lula,PT,0,candidato,50.8,lula,0.508,luiz inacio lula da silva,0.509024051,2,lula,candidato,0.876,0.579908676,0.070884625
9927,2022,2,MDA,Confederação Nacional do Transporte,2022-05-07,2022-05-07,176,estimulada,votos totais,BR-05757/2022,,2002,2.2,2.2,25446,Cenário 1 - estimulado - 2º turno,indeciso,N/A,1,nao_sabe,3.2,indeciso,0.032,indeciso,,2,indeciso,candidato,0.876,,
9927,2022,2,MDA,Confederação Nacional do Transporte,2022-05-07,2022-05-07,176,estimulada,votos totais,BR-05757/2022,,2002,2.2,2.2,25446,Cenário 1 - estimulado - 2º turno,Bolsonaro,PL,0,candidato,36.8,bolsonaro,0.368,jair messias bolsonaro,0.490975949,2,bolsonaro,candidato,0.876,0.420091324,-0.070884625
9927,2022,2,MDA,Confederação Nacional do Transporte,2022-05-07,2022-05-07,176,estimulada,votos totais,BR-05757/2022,,2002,2.2,2.2,25446,Cenário 1 - estimulado - 2º turno,brancos / nulos,N/A,1,branco_nulo,9.2,brancos nulos,0.092,brancos nulos,,2,brancos nulos,branco_nulo,0.876,,
10389,2022,1,MDA,Confederação Nacional do Transporte,2022-08-28,2022-08-28,35,estimulada,votos totais,BR-00950/2022,,2002,2.2,2.2,26810,cenário 1 - estimulado - 1º turno,Eymael,DC,0,candidato,0,eymael,0,jose maria eymael,0.000140438,1,eymael,candidato,0.863,0,-0.000140438
10389,2022,1,MDA,Confederação Nacional do Transporte,2022-08-28,2022-08-28,35,estimulada,votos totais,BR-00950/2022,,2002,2.2,2.2,26810,cenário 1 - estimulado - 1º turno,brancos / nulos,N/A,1,branco_nulo,5,brancos nulos,0.05,brancos nulos,,1,brancos nulos,branco_nulo,0.863,,
10389,2022,1,MDA,Confederação Nacional do Transporte,2022-08-28,2022-08-28,35,estimulada,votos totais,BR-00950/2022,,2002,2.2,2.2,26810,cenário 1 - estimulado - 1º turno,Vera Lúcia Salgado,PSTU,0,candidato,0.1,vera lucia salgado,0.001,vera lucia pereira da silva salgado,0.000216739,1,vera lucia salgado,candidato,0.863,0.001158749,0.000942009
10389,2022,1,MDA,Confederação Nacional do Transporte,2022-08-28,2022-08-28,35,estimulada,votos totais,BR-00950/2022,,2002,2.2,2.2,26810,cenário 1 - estimulado - 1º turno,Lula,PT,0,candidato,42.3,lula,0.423,luiz inacio lula da silva,0.484307199,1,lula,candidato,0.863,0.490150637,0.005843439
10389,2022,1,MDA,Confederação Nacional do Transporte,2022-08-28,2022-08-28,35,estimulada,votos totais,BR-00950/2022,,2002,2.2,2.2,26810,cenário 1 - estimulado - 1º turno,indeciso,N/A,1,nao_sabe,7.8,indeciso,0.078,indeciso,,1,indeciso,candidato,0.863,,
10389,2022,1,MDA,Confederação Nacional do Transporte,2022-08-28,2022-08-28,35,estimulada,votos totais,BR-00950/2022,,2002,2.2,2.2,26810,cenário 1 - estimulado - 1º turno,Sofia Manzano,PCB,0,candidato,0,sofia manzano,0,sofia padua manzano,0.000385859,1,sofia manzano,candidato,0.863,0,-0.000385859
10389,2022,1,MDA,Confederação Nacional do Transporte,2022-08-28,2022-08-28,35,estimulada,votos totais,BR-00950/2022,,2002,2.2,2.2,26810,cenário 1 - estimulado - 1º turno,Soraya Thronicke,União Brasil,0,candidato,0,soraya thronicke,0,soraya vieira thronicke,0.005082944,1,soraya thronicke,candidato,0.863,0,-0.005082944
10389,2022,1,MDA,Confederação Nacional do Transporte,2022-08-28,2022-08-28,35,estimulada,votos totais,BR-00950/2022,,2002,2.2,2.2,26810,cenário 1 - estimulado - 1º turno,Roberto Jefferson,PTB,0,candidato,0.2,roberto jefferson,0.002,roberto jefferson,,1,roberto jefferson,candidato,0.863,,
10389,2022,1,MDA,Confederação Nacional do Transporte,2022-08-28,2022-08-28,35,estimulada,votos totais,BR-00950/2022,,2002,2.2,2.2,26810,cenário 1 - estimulado - 1º turno,Bolsonaro,PL,0,candidato,34.1,bolsonaro,0.341,jair messias bolsonaro,0.431975526,1,bolsonaro,candidato,0.863,0.395133256,-0.036842269
10389,2022,1,MDA,Confederação Nacional do Transporte,2022-08-28,2022-08-28,35,estimulada,votos totais,BR-00950/2022,,2002,2.2,2.2,26810,cenário 1 - estimulado - 1º turno,Luiz Felipe d'Avila,NOVO,0,candidato,0.3,luiz felipe davila,0.003,luiz felipe chaves d avila,0.004734072,1,luiz felipe davila,candidato,0.863,0.003476246,-0.001257826
10389,2022,1,MDA,Confederação Nacional do Transporte,2022-08-28,2022-08-28,35,estimulada,votos totais,BR-00950/2022,,2002,2.2,2.2,26810,cenário 1 - estimulado - 1º turno,Leonardo Péricles,UP,0,candidato,0.1,leonardo pericles,0.001,leonardo pericles vieira roque,0.00045267,1,leonardo pericles,candidato,0.863,0.001158749,0.000706079
10389,2022,1,MDA,Confederação Nacional do Transporte,2022-08-28,2022-08-28,35,estimulada,votos totais,BR-00950/2022,,2002,2.2,2.2,26810,cenário 1 - estimulado - 1º turno,Ciro,PDT,0,candidato,7.3,ciro,0.073,ciro ferreira gomes,0.030443166,1,ciro,candidato,0.863,0.084588644,0.054145478
10389,2022,1,MDA,Confederação Nacional do Transporte,2022-08-28,2022-08-28,35,estimulada,votos totais,BR-00950/2022,,2002,2.2,2.2,26810,cenário 1 - estimulado - 1º turno,Simone Tebet,MDB,0,candidato,2.1,simone tebet,0.021,simone nassar tebet,0.04157519,1,simone tebet,candidato,0.863,0.02433372,-0.01724147
10389,2022,1,MDA,Confederação Nacional do Transporte,2022-08-28,2022-08-28,35,estimulada,votos totais,BR-00950/2022,,2002,2.2,2.2,26810,cenário 1 - estimulado - 1º turno,Pablo Marçal,PROS,0,candidato,0.4,pablo marcal,0.004,pablo marcal,,1,pablo marcal,candidato,0.863,,
10389,2022,2,MDA,Confederação Nacional do Transporte,2022-08-28,2022-08-28,63,estimulada,votos totais,BR-00950/2022,,2002,2.2,2.2,26811,cenário 1 - estimulado - 2º turno,Bolsonaro,PL,0,candidato,38.8,bolsonaro,0.388,jair messias bolsonaro,0.490975949,2,bolsonaro,candidato,0.889,0.436445444,-0.054530505
10389,2022,2,MDA,Confederação Nacional do Transporte,2022-08-28,2022-08-28,63,estimulada,votos totais,BR-00950/2022,,2002,2.2,2.2,26811,cenário 1 - estimulado - 2º turno,indeciso,N/A,1,nao_sabe,3.9,indeciso,0.039,indeciso,,2,indeciso,candidato,0.889,,
10389,2022,2,MDA,Confederação Nacional do Transporte,2022-08-28,2022-08-28,63,estimulada,votos totais,BR-00950/2022,,2002,2.2,2.2,26811,cenário 1 - estimulado - 2º turno,brancos / nulos,N/A,1,branco_nulo,7.2,brancos nulos,0.072,brancos nulos,,2,brancos nulos,branco_nulo,0.889,,
10389,2022,2,MDA,Confederação Nacional do Transporte,2022-08-28,2022-08-28,63,estimulada,votos totais,BR-00950/2022,,2002,2.2,2.2,26811,cenário 1 - estimulado - 2º turno,Lula,PT,0,candidato,50.1,lula,0.501,luiz inacio lula da silva,0.509024051,2,lula,candidato,0.889,0.563554556,0.054530505
10565,2022,1,MDA,Confederação Nacional do Transporte,2022-09-14,2022-09-14,18,estimulada,votos totais,BR-06984/2022,,2002,2.2,2.2,27224,cenário 1 - estimulada - 1º turno,Leonardo Péricles,UP,0,candidato,0,leonardo pericles,0,leonardo pericles vieira roque,0.00045267,1,leonardo pericles,candidato,0.899,0,-0.00045267
10565,2022,1,MDA,Confederação Nacional do Transporte,2022-09-14,2022-09-14,18,estimulada,votos totais,BR-06984/2022,,2002,2.2,2.2,27224,cenário 1 - estimulada - 1º turno,Luiz Felipe d'Avila,NOVO,0,candidato,0.3,luiz felipe davila,0.003,luiz felipe chaves d avila,0.004734072,1,luiz felipe davila,candidato,0.899,0.003337041,-0.001397031
10565,2022,1,MDA,Confederação Nacional do Transporte,2022-09-14,2022-09-14,18,estimulada,votos totais,BR-06984/2022,,2002,2.2,2.2,27224,cenário 1 - estimulada - 1º turno,brancos / nulos,N/A,1,branco_nulo,4.1,brancos nulos,0.041,brancos nulos,,1,brancos nulos,branco_nulo,0.899,,
10565,2022,1,MDA,Confederação Nacional do Transporte,2022-09-14,2022-09-14,18,estimulada,votos totais,BR-06984/2022,,2002,2.2,2.2,27224,cenário 1 - estimulada - 1º turno,Ciro,PDT,0,candidato,5.6,ciro,0.056,ciro ferreira gomes,0.030443166,1,ciro,candidato,0.899,0.062291435,0.031848269
10565,2022,1,MDA,Confederação Nacional do Transporte,2022-09-14,2022-09-14,18,estimulada,votos totais,BR-06984/2022,,2002,2.2,2.2,27224,cenário 1 - estimulada - 1º turno,Eymael,DC,0,candidato,0,eymael,0,jose maria eymael,0.000140438,1,eymael,candidato,0.899,0,-0.000140438
10565,2022,1,MDA,Confederação Nacional do Transporte,2022-09-14,2022-09-14,18,estimulada,votos totais,BR-06984/2022,,2002,2.2,2.2,27224,cenário 1 - estimulada - 1º turno,Simone Tebet,MDB,0,candidato,4.7,simone tebet,0.047,simone nassar tebet,0.04157519,1,simone tebet,candidato,0.899,0.052280311,0.010705122
10565,2022,1,MDA,Confederação Nacional do Transporte,2022-09-14,2022-09-14,18,estimulada,votos totais,BR-06984/2022,,2002,2.2,2.2,27224,cenário 1 - estimulada - 1º turno,Vera Lúcia Salgado,PSTU,0,candidato,0.2,vera lucia salgado,0.002,vera lucia pereira da silva salgado,0.000216739,1,vera lucia salgado,candidato,0.899,0.002224694,0.002007955
10565,2022,1,MDA,Confederação Nacional do Transporte,2022-09-14,2022-09-14,18,estimulada,votos totais,BR-06984/2022,,2002,2.2,2.2,27224,cenário 1 - estimulada - 1º turno,Lula,PT,0,candidato,43.4,lula,0.434,luiz inacio lula da silva,0.484307199,1,lula,candidato,0.899,0.482758621,-0.001548578
10565,2022,1,MDA,Confederação Nacional do Transporte,2022-09-14,2022-09-14,18,estimulada,votos totais,BR-06984/2022,,2002,2.2,2.2,27224,cenário 1 - estimulada - 1º turno,Padre Kelmon,PTB,0,candidato,0.1,padre kelmon,0.001,kelmon luis da silva souza,0.000686198,1,padre kelmon,candidato,0.899,0.001112347,0.000426149
10565,2022,1,MDA,Confederação Nacional do Transporte,2022-09-14,2022-09-14,18,estimulada,votos totais,BR-06984/2022,,2002,2.2,2.2,27224,cenário 1 - estimulada - 1º turno,Soraya Thronicke,União Brasil,0,candidato,0.7,soraya thronicke,0.007,soraya vieira thronicke,0.005082944,1,soraya thronicke,candidato,0.899,0.007786429,0.002703486
10565,2022,1,MDA,Confederação Nacional do Transporte,2022-09-14,2022-09-14,18,estimulada,votos totais,BR-06984/2022,,2002,2.2,2.2,27224,cenário 1 - estimulada - 1º turno,indeciso,N/A,1,nao_sabe,6,indeciso,0.06,indeciso,,1,indeciso,candidato,0.899,,
10565,2022,1,MDA,Confederação Nacional do Transporte,2022-09-14,2022-09-14,18,estimulada,votos totais,BR-06984/2022,,2002,2.2,2.2,27224,cenário 1 - estimulada - 1º turno,Bolsonaro,PL,0,candidato,34.8,bolsonaro,0.348,jair messias bolsonaro,0.431975526,1,bolsonaro,candidato,0.899,0.387096774,-0.044878751
10565,2022,1,MDA,Confederação Nacional do Transporte,2022-09-14,2022-09-14,18,estimulada,votos totais,BR-06984/2022,,2002,2.2,2.2,27224,cenário 1 - estimulada - 1º turno,Sofia Manzano,PCB,0,candidato,0.1,sofia manzano,0.001,sofia padua manzano,0.000385859,1,sofia manzano,candidato,0.899,0.001112347,0.000726488
10565,2022,2,MDA,Confederação Nacional do Transporte,2022-09-14,2022-09-14,46,estimulada,votos totais,BR-06984/2022,,2002,2.2,2.2,27225,cenário 1 - estimulada - 2º turno,brancos / nulos,N/A,1,branco_nulo,8.5,brancos nulos,0.085,brancos nulos,,2,brancos nulos,branco_nulo,0.887,,
10565,2022,2,MDA,Confederação Nacional do Transporte,2022-09-14,2022-09-14,46,estimulada,votos totais,BR-06984/2022,,2002,2.2,2.2,27225,cenário 1 - estimulada - 2º turno,Bolsonaro,PL,0,candidato,39.3,bolsonaro,0.393,jair messias bolsonaro,0.490975949,2,bolsonaro,candidato,0.887,0.443066516,-0.047909432
10565,2022,2,MDA,Confederação Nacional do Transporte,2022-09-14,2022-09-14,46,estimulada,votos totais,BR-06984/2022,,2002,2.2,2.2,27225,cenário 1 - estimulada - 2º turno,indeciso,N/A,1,nao_sabe,2.8,indeciso,0.028,indeciso,,2,indeciso,candidato,0.887,,
10565,2022,2,MDA,Confederação Nacional do Transporte,2022-09-14,2022-09-14,46,estimulada,votos totais,BR-06984/2022,,2002,2.2,2.2,27225,cenário 1 - estimulada - 2º turno,Lula,PT,0,candidato,49.4,lula,0.494,luiz inacio lula da silva,0.509024051,2,lula,candidato,0.887,0.556933484,0.047909432
10909,2022,1,MDA,CNT,2022-09-30,2022-09-30,2,estimulada,votos totais,BR-02944/2022,,2002,2.2,2.2,27941,cenário 1 - estimulado - 1º turno,Eymael,DC,0,candidato,0,eymael,0,jose maria eymael,0.000140438,1,eymael,candidato,0.915,0,-0.000140438
10909,2022,1,MDA,CNT,2022-09-30,2022-09-30,2,estimulada,votos totais,BR-02944/2022,,2002,2.2,2.2,27941,cenário 1 - estimulado - 1º turno,Ciro,PDT,0,candidato,4.5,ciro,0.045,ciro ferreira gomes,0.030443166,1,ciro,candidato,0.915,0.049180328,0.018737162
10909,2022,1,MDA,CNT,2022-09-30,2022-09-30,2,estimulada,votos totais,BR-02944/2022,,2002,2.2,2.2,27941,cenário 1 - estimulado - 1º turno,Padre Kelmon,PTB,0,candidato,0.3,padre kelmon,0.003,kelmon luis da silva souza,0.000686198,1,padre kelmon,candidato,0.915,0.003278689,0.00259249
10909,2022,1,MDA,CNT,2022-09-30,2022-09-30,2,estimulada,votos totais,BR-02944/2022,,2002,2.2,2.2,27941,cenário 1 - estimulado - 1º turno,Lula,PT,0,candidato,44.2,lula,0.442,luiz inacio lula da silva,0.484307199,1,lula,candidato,0.915,0.483060109,-0.001247089
10909,2022,1,MDA,CNT,2022-09-30,2022-09-30,2,estimulada,votos totais,BR-02944/2022,,2002,2.2,2.2,27941,cenário 1 - estimulado - 1º turno,indeciso,N/A,1,nao_sabe,4.3,indeciso,0.043,indeciso,,1,indeciso,candidato,0.915,,
10909,2022,1,MDA,CNT,2022-09-30,2022-09-30,2,estimulada,votos totais,BR-02944/2022,,2002,2.2,2.2,27941,cenário 1 - estimulado - 1º turno,Bolsonaro,PL,0,candidato,36.3,bolsonaro,0.363,jair messias bolsonaro,0.431975526,1,bolsonaro,candidato,0.915,0.396721311,-0.035254214
10909,2022,1,MDA,CNT,2022-09-30,2022-09-30,2,estimulada,votos totais,BR-02944/2022,,2002,2.2,2.2,27941,cenário 1 - estimulado - 1º turno,Simone Tebet,MDB,0,candidato,4.3,simone tebet,0.043,simone nassar tebet,0.04157519,1,simone tebet,candidato,0.915,0.046994536,0.005419346
10909,2022,1,MDA,CNT,2022-09-30,2022-09-30,2,estimulada,votos totais,BR-02944/2022,,2002,2.2,2.2,27941,cenário 1 - estimulado - 1º turno,Leonardo Péricles,UP,0,candidato,0,leonardo pericles,0,leonardo pericles vieira roque,0.00045267,1,leonardo pericles,candidato,0.915,0,-0.00045267
10909,2022,1,MDA,CNT,2022-09-30,2022-09-30,2,estimulada,votos totais,BR-02944/2022,,2002,2.2,2.2,27941,cenário 1 - estimulado - 1º turno,brancos / nulos,N/A,1,branco_nulo,4.2,brancos nulos,0.042,brancos nulos,,1,brancos nulos,branco_nulo,0.915,,
10909,2022,1,MDA,CNT,2022-09-30,2022-09-30,2,estimulada,votos totais,BR-02944/2022,,2002,2.2,2.2,27941,cenário 1 - estimulado - 1º turno,Luiz Felipe d'Avila,NOVO,0,candidato,0.4,luiz felipe davila,0.004,luiz felipe chaves d avila,0.004734072,1,luiz felipe davila,candidato,0.915,0.004371585,-0.000362487
10909,2022,1,MDA,CNT,2022-09-30,2022-09-30,2,estimulada,votos totais,BR-02944/2022,,2002,2.2,2.2,27941,cenário 1 - estimulado - 1º turno,Vera Lúcia Salgado,PSTU,0,candidato,0.1,vera lucia salgado,0.001,vera lucia pereira da silva salgado,0.000216739,1,vera lucia salgado,candidato,0.915,0.001092896,0.000876157
10909,2022,1,MDA,CNT,2022-09-30,2022-09-30,2,estimulada,votos totais,BR-02944/2022,,2002,2.2,2.2,27941,cenário 1 - estimulado - 1º turno,Soraya Thronicke,União Brasil,0,candidato,1.2,soraya thronicke,0.012,soraya vieira thronicke,0.005082944,1,soraya thronicke,candidato,0.915,0.013114754,0.00803181
10909,2022,1,MDA,CNT,2022-09-30,2022-09-30,2,estimulada,votos totais,BR-02944/2022,,2002,2.2,2.2,27941,cenário 1 - estimulado - 1º turno,Sofia Manzano,PCB,0,candidato,0.2,sofia manzano,0.002,sofia padua manzano,0.000385859,1,sofia manzano,candidato,0.915,0.002185792,0.001799933
10909,2022,2,MDA,CNT,2022-09-30,2022-09-30,30,estimulada,votos totais,BR-02944/2022,,2002,2.2,2.2,27942,cenário 1 - estimulado - 2º turno,indeciso,N/A,1,nao_sabe,1.3,indeciso,0.013,indeciso,,2,indeciso,candidato,0.916,,
10909,2022,2,MDA,CNT,2022-09-30,2022-09-30,30,estimulada,votos totais,BR-02944/2022,,2002,2.2,2.2,27942,cenário 1 - estimulado - 2º turno,Lula,PT,0,candidato,50.4,lula,0.504,luiz inacio lula da silva,0.509024051,2,lula,candidato,0.916,0.550218341,0.041194289
10909,2022,2,MDA,CNT,2022-09-30,2022-09-30,30,estimulada,votos totais,BR-02944/2022,,2002,2.2,2.2,27942,cenário 1 - estimulado - 2º turno,brancos / nulos,N/A,1,branco_nulo,7.1,brancos nulos,0.071,brancos nulos,,2,brancos nulos,branco_nulo,0.916,,
10909,2022,2,MDA,CNT,2022-09-30,2022-09-30,30,estimulada,votos totais,BR-02944/2022,,2002,2.2,2.2,27942,cenário 1 - estimulado - 2º turno,Bolsonaro,PL,0,candidato,41.2,bolsonaro,0.412,jair messias bolsonaro,0.490975949,2,bolsonaro,candidato,0.916,0.449781659,-0.041194289
11060,2022,2,MDA,CNT,2022-10-16,2022-10-16,14,estimulada,votos totais,BR-05514/2022,,2002,2.2,2.2,28166,cenário 1 - estimulado - 2º turno,branco / nulo / não votará,N/A,1,branco_nulo,6,branco nulo nao votara,0.06,branco nulo nao votara,,2,branco nulo nao votara,branco_nulo,0.899,,
11060,2022,2,MDA,CNT,2022-10-16,2022-10-16,14,estimulada,votos totais,BR-05514/2022,,2002,2.2,2.2,28166,cenário 1 - estimulado - 2º turno,indeciso,N/A,1,nao_sabe,4.1,indeciso,0.041,indeciso,,2,indeciso,candidato,0.899,,
11060,2022,2,MDA,CNT,2022-10-16,2022-10-16,14,estimulada,votos totais,BR-05514/2022,,2002,2.2,2.2,28166,cenário 1 - estimulado - 2º turno,Bolsonaro,PL,0,candidato,41.8,bolsonaro,0.418,jair messias bolsonaro,0.490975949,2,bolsonaro,candidato,0.899,0.464961068,-0.026014881
11060,2022,2,MDA,CNT,2022-10-16,2022-10-16,14,estimulada,votos totais,BR-05514/2022,,2002,2.2,2.2,28166,cenário 1 - estimulado - 2º turno,Lula,PT,0,candidato,48.1,lula,0.481,luiz inacio lula da silva,0.509024051,2,lula,candidato,0.899,0.535038932,0.026014881
11177,2022,2,MDA,CNT,2022-10-28,2022-09-28,32,estimulada,votos totais,BR-01820/2022,,2002,2.2,2.2,28333,cenário 1 - estimulado - 2º turno,Lula,PT,0,candidato,46.9,lula,0.469,luiz inacio lula da silva,0.509024051,2,lula,candidato,0.918,0.510893246,0.001869195
11177,2022,2,MDA,CNT,2022-10-28,2022-09-28,32,estimulada,votos totais,BR-01820/2022,,2002,2.2,2.2,28333,cenário 1 - estimulado - 2º turno,Bolsonaro,PL,0,candidato,44.9,bolsonaro,0.449,jair messias bolsonaro,0.490975949,2,bolsonaro,candidato,0.918,0.489106754,-0.001869195
11177,2022,2,MDA,CNT,2022-10-28,2022-09-28,32,estimulada,votos totais,BR-01820/2022,,2002,2.2,2.2,28333,cenário 1 - estimulado - 2º turno,indeciso,N/A,1,nao_sabe,2.6,indeciso,0.026,indeciso,,2,indeciso,candidato,0.918,,
11177,2022,2,MDA,CNT,2022-10-28,2022-09-28,32,estimulada,votos totais,BR-01820/2022,,2002,2.2,2.2,28333,cenário 1 - estimulado - 2º turno,branco / nulo / não votará,N/A,1,branco_nulo,5.6,branco nulo nao votara,0.056,branco nulo nao votara,,2,branco nulo nao votara,branco_nulo,0.918,,
11164,2022,2,AtlasIntel/Internet,AtlasIntel,2022-10-25,2022-10-25,5,estimulada,votos totais,BR-01560/2022,,7500,1,1,28314,cenário 1 - estimulada - 2º turno,Bolsonaro,PL,0,candidato,46,bolsonaro,0.46,jair messias bolsonaro,0.490975949,2,bolsonaro,candidato,0.984,0.467479675,-0.023496274
11164,2022,2,AtlasIntel/Internet,AtlasIntel,2022-10-25,2022-10-25,5,estimulada,votos totais,BR-01560/2022,,7500,1,1,28314,cenário 1 - estimulada - 2º turno,branco / nulo / indeciso,N/A,1,nao_sabe,1.6,branco nulo indeciso,0.016,branco nulo indeciso,,2,branco nulo indeciso,branco_nulo,0.984,,
11164,2022,2,AtlasIntel/Internet,AtlasIntel,2022-10-25,2022-10-25,5,estimulada,votos totais,BR-01560/2022,,7500,1,1,28314,cenário 1 - estimulada - 2º turno,Lula,PT,0,candidato,52.4,lula,0.524,luiz inacio lula da silva,0.509024051,2,lula,candidato,0.984,0.532520325,0.023496274
9765,2022,2,Futura,Modalmais,2021-07-26,2021-07-26,461,estimulada,votos totais,,,2006,2.2,2.2,24676,cenário 1 - estimulado - 2º turno,brancos / nulos,N/A,1,branco_nulo,13.4,brancos nulos,0.134,brancos nulos,,2,brancos nulos,branco_nulo,0.842,,
9765,2022,2,Futura,Modalmais,2021-07-26,2021-07-26,461,estimulada,votos totais,,,2006,2.2,2.2,24676,cenário 1 - estimulado - 2º turno,Bolsonaro,sem partido,0,candidato,32.9,bolsonaro,0.329,jair messias bolsonaro,0.490975949,2,bolsonaro,candidato,0.842,0.390736342,-0.100239607
9765,2022,2,Futura,Modalmais,2021-07-26,2021-07-26,461,estimulada,votos totais,,,2006,2.2,2.2,24676,cenário 1 - estimulado - 2º turno,indeciso / não sabe / não respondeu,N/A,1,nao_sabe,2.4,indeciso nao sabe nao respondeu,0.024,indeciso nao sabe nao respondeu,,2,indeciso nao sabe nao respondeu,nao_sabe,0.842,,
9765,2022,2,Futura,Modalmais,2021-07-26,2021-07-26,461,estimulada,votos totais,,,2006,2.2,2.2,24676,cenário 1 - estimulado - 2º turno,Lula,PT,0,candidato,51.3,lula,0.513,luiz inacio lula da silva,0.509024051,2,lula,candidato,0.842,0.609263658,0.100239607
9704,2022,2,PoderData,,2021-03-17,2021-03-17,592,estimulada,votos totais,,,3500,2,2,24239,cenário 1 - estimulado - 2º turno,Lula,PT,0,candidato,41,lula,0.41,luiz inacio lula da silva,0.509024051,2,lula,candidato,0.77,0.532467532,0.023443481
9704,2022,2,PoderData,,2021-03-17,2021-03-17,592,estimulada,votos totais,,,3500,2,2,24239,cenário 1 - estimulado - 2º turno,não sabe,N/A,1,nao_sabe,5,nao sabe,0.05,nao sabe,,2,nao sabe,nao_sabe,0.77,,
9704,2022,2,PoderData,,2021-03-17,2021-03-17,592,estimulada,votos totais,,,3500,2,2,24239,cenário 1 - estimulado - 2º turno,nenhum / brancos / nulos,N/A,1,branco_nulo,18,nenhum brancos nulos,0.18,nenhum brancos nulos,,2,nenhum brancos nulos,branco_nulo,0.77,,
9704,2022,2,PoderData,,2021-03-17,2021-03-17,592,estimulada,votos totais,,,3500,2,2,24239,cenário 1 - estimulado - 2º turno,Bolsonaro,sem partido,0,candidato,36,bolsonaro,0.36,jair messias bolsonaro,0.490975949,2,bolsonaro,candidato,0.77,0.467532468,-0.023443481
9705,2022,2,PoderData,,2021-04-14,2021-04-14,564,estimulada,votos totais,,,3500,1.8,1.8,24246,cenário 1 - estimulado - 2º turno,Lula,PT,0,candidato,52,lula,0.52,luiz inacio lula da silva,0.509024051,2,lula,candidato,0.86,0.604651163,0.095627112
9705,2022,2,PoderData,,2021-04-14,2021-04-14,564,estimulada,votos totais,,,3500,1.8,1.8,24246,cenário 1 - estimulado - 2º turno,Bolsonaro,sem partido,0,candidato,34,bolsonaro,0.34,jair messias bolsonaro,0.490975949,2,bolsonaro,candidato,0.86,0.395348837,-0.095627112
9705,2022,2,PoderData,,2021-04-14,2021-04-14,564,estimulada,votos totais,,,3500,1.8,1.8,24246,cenário 1 - estimulado - 2º turno,brancos / nulos,N/A,1,branco_nulo,13,brancos nulos,0.13,brancos nulos,,2,brancos nulos,branco_nulo,0.86,,
9705,2022,2,PoderData,,2021-04-14,2021-04-14,564,estimulada,votos totais,,,3500,1.8,1.8,24246,cenário 1 - estimulado - 2º turno,não sabe,N/A,1,nao_sabe,1,nao sabe,0.01,nao sabe,,2,nao sabe,nao_sabe,0.86,,
10132,2022,2,PoderData,PoderData,2022-08-02,2022-07-31,91,estimulada,votos totais,BR-08398/2022,,3500,1.8,1.8,26210,cenário 1 - estimulado - 2º turno,Lula,PT,0,candidato,50,lula,0.5,luiz inacio lula da silva,0.509024051,2,lula,candidato,0.9,0.555555556,0.046531504
10132,2022,2,PoderData,PoderData,2022-08-02,2022-07-31,91,estimulada,votos totais,BR-08398/2022,,3500,1.8,1.8,26210,cenário 1 - estimulado - 2º turno,não sabe,N/A,1,nao_sabe,4,nao sabe,0.04,nao sabe,,2,nao sabe,nao_sabe,0.9,,
10132,2022,2,PoderData,PoderData,2022-08-02,2022-07-31,91,estimulada,votos totais,BR-08398/2022,,3500,1.8,1.8,26210,cenário 1 - estimulado - 2º turno,brancos / nulos,N/A,1,branco_nulo,5,brancos nulos,0.05,brancos nulos,,2,brancos nulos,branco_nulo,0.9,,
10132,2022,2,PoderData,PoderData,2022-08-02,2022-07-31,91,estimulada,votos totais,BR-08398/2022,,3500,1.8,1.8,26210,cenário 1 - estimulado - 2º turno,Bolsonaro,PL,0,candidato,40,bolsonaro,0.4,jair messias bolsonaro,0.490975949,2,bolsonaro,candidato,0.9,0.444444444,-0.046531504
10252,2022,1,PoderData,PoderData,2022-08-16,2022-08-16,47,estimulada,votos totais,BR-02548/2022,,3500,1.8,1.8,26487,cenário 1 - estimulado - 1º turno,Simone Tebet,MDB,0,candidato,4,simone tebet,0.04,simone nassar tebet,0.04157519,1,simone tebet,candidato,0.92,0.043478261,0.001903071
10252,2022,1,PoderData,PoderData,2022-08-16,2022-08-16,47,estimulada,votos totais,BR-02548/2022,,3500,1.8,1.8,26487,cenário 1 - estimulado - 1º turno,Lula,PT,0,candidato,44,lula,0.44,luiz inacio lula da silva,0.484307199,1,lula,candidato,0.92,0.47826087,-0.006046329
10252,2022,1,PoderData,PoderData,2022-08-16,2022-08-16,47,estimulada,votos totais,BR-02548/2022,,3500,1.8,1.8,26487,cenário 1 - estimulado - 1º turno,Bolsonaro,PL,0,candidato,37,bolsonaro,0.37,jair messias bolsonaro,0.431975526,1,bolsonaro,candidato,0.92,0.402173913,-0.029801613
10252,2022,1,PoderData,PoderData,2022-08-16,2022-08-16,47,estimulada,votos totais,BR-02548/2022,,3500,1.8,1.8,26487,cenário 1 - estimulado - 1º turno,Vera Lúcia Salgado,PSTU,0,candidato,0,vera lucia salgado,0,vera lucia pereira da silva salgado,0.000216739,1,vera lucia salgado,candidato,0.92,0,-0.000216739
10252,2022,1,PoderData,PoderData,2022-08-16,2022-08-16,47,estimulada,votos totais,BR-02548/2022,,3500,1.8,1.8,26487,cenário 1 - estimulado - 1º turno,Pablo Marçal,PROS,0,candidato,0,pablo marcal,0,pablo marcal,,1,pablo marcal,candidato,0.92,,
10252,2022,1,PoderData,PoderData,2022-08-16,2022-08-16,47,estimulada,votos totais,BR-02548/2022,,3500,1.8,1.8,26487,cenário 1 - estimulado - 1º turno,Leonardo Péricles,UP,0,candidato,0,leonardo pericles,0,leonardo pericles vieira roque,0.00045267,1,leonardo pericles,candidato,0.92,0,-0.00045267
10252,2022,1,PoderData,PoderData,2022-08-16,2022-08-16,47,estimulada,votos totais,BR-02548/2022,,3500,1.8,1.8,26487,cenário 1 - estimulado - 1º turno,Roberto Jefferson,PTB,0,candidato,0,roberto jefferson,0,roberto jefferson,,1,roberto jefferson,candidato,0.92,,
10252,2022,1,PoderData,PoderData,2022-08-16,2022-08-16,47,estimulada,votos totais,BR-02548/2022,,3500,1.8,1.8,26487,cenário 1 - estimulado - 1º turno,Soraya Thronicke,União Brasil,0,candidato,0,soraya thronicke,0,soraya vieira thronicke,0.005082944,1,soraya thronicke,candidato,0.92,0,-0.005082944
10252,2022,1,PoderData,PoderData,2022-08-16,2022-08-16,47,estimulada,votos totais,BR-02548/2022,,3500,1.8,1.8,26487,cenário 1 - estimulado - 1º turno,Eymael,DC,0,candidato,0,eymael,0,jose maria eymael,0.000140438,1,eymael,candidato,0.92,0,-0.000140438
10252,2022,1,PoderData,PoderData,2022-08-16,2022-08-16,47,estimulada,votos totais,BR-02548/2022,,3500,1.8,1.8,26487,cenário 1 - estimulado - 1º turno,Luiz Felipe d'Avila,NOVO,0,candidato,0,luiz felipe davila,0,luiz felipe chaves d avila,0.004734072,1,luiz felipe davila,candidato,0.92,0,-0.004734072
10252,2022,1,PoderData,PoderData,2022-08-16,2022-08-16,47,estimulada,votos totais,BR-02548/2022,,3500,1.8,1.8,26487,cenário 1 - estimulado - 1º turno,Sofia Manzano,PCB,0,candidato,1,sofia manzano,0.01,sofia padua manzano,0.000385859,1,sofia manzano,candidato,0.92,0.010869565,0.010483706
10252,2022,1,PoderData,PoderData,2022-08-16,2022-08-16,47,estimulada,votos totais,BR-02548/2022,,3500,1.8,1.8,26487,cenário 1 - estimulado - 1º turno,não sabe,N/A,1,nao_sabe,3,nao sabe,0.03,nao sabe,,1,nao sabe,nao_sabe,0.92,,
10252,2022,1,PoderData,PoderData,2022-08-16,2022-08-16,47,estimulada,votos totais,BR-02548/2022,,3500,1.8,1.8,26487,cenário 1 - estimulado - 1º turno,Ciro,PDT,0,candidato,6,ciro,0.06,ciro ferreira gomes,0.030443166,1,ciro,candidato,0.92,0.065217391,0.034774225
10252,2022,1,PoderData,PoderData,2022-08-16,2022-08-16,47,estimulada,votos totais,BR-02548/2022,,3500,1.8,1.8,26487,cenário 1 - estimulado - 1º turno,brancos / nulos,N/A,1,branco_nulo,4,brancos nulos,0.04,brancos nulos,,1,brancos nulos,branco_nulo,0.92,,
10252,2022,2,PoderData,PoderData,2022-08-16,2022-08-16,75,estimulada,votos totais,BR-02548/2022,,3500,1.8,1.8,26489,cenário 1 - estimulado - 2º turno,não sabem / não responderam,N/A,1,nao_sabe,3,nao sabem nao responderam,0.03,nao sabem nao responderam,,2,nao sabem nao responderam,nao_sabe,0.9,,
10252,2022,2,PoderData,PoderData,2022-08-16,2022-08-16,75,estimulada,votos totais,BR-02548/2022,,3500,1.8,1.8,26489,cenário 1 - estimulado - 2º turno,Lula,PT,0,candidato,52,lula,0.52,luiz inacio lula da silva,0.509024051,2,lula,candidato,0.9,0.577777778,0.068753727
10252,2022,2,PoderData,PoderData,2022-08-16,2022-08-16,75,estimulada,votos totais,BR-02548/2022,,3500,1.8,1.8,26489,cenário 1 - estimulado - 2º turno,Bolsonaro,PL,0,candidato,38,bolsonaro,0.38,jair messias bolsonaro,0.490975949,2,bolsonaro,candidato,0.9,0.422222222,-0.068753727
10252,2022,2,PoderData,PoderData,2022-08-16,2022-08-16,75,estimulada,votos totais,BR-02548/2022,,3500,1.8,1.8,26489,cenário 1 - estimulado - 2º turno,brancos / nulos,N/A,1,branco_nulo,7,brancos nulos,0.07,brancos nulos,,2,brancos nulos,branco_nulo,0.9,,
10404,2022,1,PoderData,PoderData,2022-08-30,2022-08-30,33,estimulada,votos totais,BR-06922/2022,,3500,2,2,26849,cenário 1 - estimulado - 1º turno,Luiz Felipe d'Avila,NOVO,0,candidato,0,luiz felipe davila,0,luiz felipe chaves d avila,0.004734072,1,luiz felipe davila,candidato,0.93,0,-0.004734072
10404,2022,1,PoderData,PoderData,2022-08-30,2022-08-30,33,estimulada,votos totais,BR-06922/2022,,3500,2,2,26849,cenário 1 - estimulado - 1º turno,Ciro,PDT,0,candidato,8,ciro,0.08,ciro ferreira gomes,0.030443166,1,ciro,candidato,0.93,0.086021505,0.055578339
10404,2022,1,PoderData,PoderData,2022-08-30,2022-08-30,33,estimulada,votos totais,BR-06922/2022,,3500,2,2,26849,cenário 1 - estimulado - 1º turno,Lula,PT,0,candidato,44,lula,0.44,luiz inacio lula da silva,0.484307199,1,lula,candidato,0.93,0.47311828,-0.011188919
10404,2022,1,PoderData,PoderData,2022-08-30,2022-08-30,33,estimulada,votos totais,BR-06922/2022,,3500,2,2,26849,cenário 1 - estimulado - 1º turno,Roberto Jefferson,PTB,0,candidato,0,roberto jefferson,0,roberto jefferson,,1,roberto jefferson,candidato,0.93,,
10404,2022,1,PoderData,PoderData,2022-08-30,2022-08-30,33,estimulada,votos totais,BR-06922/2022,,3500,2,2,26849,cenário 1 - estimulado - 1º turno,Soraya Thronicke,União Brasil,0,candidato,0,soraya thronicke,0,soraya vieira thronicke,0.005082944,1,soraya thronicke,candidato,0.93,0,-0.005082944
10404,2022,1,PoderData,PoderData,2022-08-30,2022-08-30,33,estimulada,votos totais,BR-06922/2022,,3500,2,2,26849,cenário 1 - estimulado - 1º turno,Simone Tebet,MDB,0,candidato,4,simone tebet,0.04,simone nassar tebet,0.04157519,1,simone tebet,candidato,0.93,0.043010753,0.001435563
10404,2022,1,PoderData,PoderData,2022-08-30,2022-08-30,33,estimulada,votos totais,BR-06922/2022,,3500,2,2,26849,cenário 1 - estimulado - 1º turno,Vera Lúcia Salgado,PSTU,0,candidato,0,vera lucia salgado,0,vera lucia pereira da silva salgado,0.000216739,1,vera lucia salgado,candidato,0.93,0,-0.000216739
10404,2022,1,PoderData,PoderData,2022-08-30,2022-08-30,33,estimulada,votos totais,BR-06922/2022,,3500,2,2,26849,cenário 1 - estimulado - 1º turno,Eymael,DC,0,candidato,1,eymael,0.01,jose maria eymael,0.000140438,1,eymael,candidato,0.93,0.010752688,0.01061225
10404,2022,1,PoderData,PoderData,2022-08-30,2022-08-30,33,estimulada,votos totais,BR-06922/2022,,3500,2,2,26849,cenário 1 - estimulado - 1º turno,Pablo Marçal,PROS,0,candidato,0,pablo marcal,0,pablo marcal,,1,pablo marcal,candidato,0.93,,
10404,2022,1,PoderData,PoderData,2022-08-30,2022-08-30,33,estimulada,votos totais,BR-06922/2022,,3500,2,2,26849,cenário 1 - estimulado - 1º turno,não sabem / não responderam,N/A,1,nao_sabe,2,nao sabem nao responderam,0.02,nao sabem nao responderam,,1,nao sabem nao responderam,nao_sabe,0.93,,
10404,2022,1,PoderData,PoderData,2022-08-30,2022-08-30,33,estimulada,votos totais,BR-06922/2022,,3500,2,2,26849,cenário 1 - estimulado - 1º turno,Bolsonaro,PL,0,candidato,36,bolsonaro,0.36,jair messias bolsonaro,0.431975526,1,bolsonaro,candidato,0.93,0.387096774,-0.044878751
10404,2022,1,PoderData,PoderData,2022-08-30,2022-08-30,33,estimulada,votos totais,BR-06922/2022,,3500,2,2,26849,cenário 1 - estimulado - 1º turno,brancos / nulos,N/A,1,branco_nulo,3,brancos nulos,0.03,brancos nulos,,1,brancos nulos,branco_nulo,0.93,,
10404,2022,1,PoderData,PoderData,2022-08-30,2022-08-30,33,estimulada,votos totais,BR-06922/2022,,3500,2,2,26849,cenário 1 - estimulado - 1º turno,Sofia Manzano,PCB,0,candidato,0,sofia manzano,0,sofia padua manzano,0.000385859,1,sofia manzano,candidato,0.93,0,-0.000385859
10404,2022,1,PoderData,PoderData,2022-08-30,2022-08-30,33,estimulada,votos totais,BR-06922/2022,,3500,2,2,26849,cenário 1 - estimulado - 1º turno,Leonardo Péricles,UP,0,candidato,0,leonardo pericles,0,leonardo pericles vieira roque,0.00045267,1,leonardo pericles,candidato,0.93,0,-0.00045267
10404,2022,2,PoderData,PoderData,2022-08-30,2022-08-30,61,estimulada,votos totais,BR-06922/2022,,3500,2,2,26851,cenário 1 - estimulado - 2º turno,Lula,PT,0,candidato,50,lula,0.5,luiz inacio lula da silva,0.509024051,2,lula,candidato,0.91,0.549450549,0.040426498
10404,2022,2,PoderData,PoderData,2022-08-30,2022-08-30,61,estimulada,votos totais,BR-06922/2022,,3500,2,2,26851,cenário 1 - estimulado - 2º turno,brancos / nulos,N/A,1,branco_nulo,7,brancos nulos,0.07,brancos nulos,,2,brancos nulos,branco_nulo,0.91,,
10404,2022,2,PoderData,PoderData,2022-08-30,2022-08-30,61,estimulada,votos totais,BR-06922/2022,,3500,2,2,26851,cenário 1 - estimulado - 2º turno,Bolsonaro,PL,0,candidato,41,bolsonaro,0.41,jair messias bolsonaro,0.490975949,2,bolsonaro,candidato,0.91,0.450549451,-0.040426498
10404,2022,2,PoderData,PoderData,2022-08-30,2022-08-30,61,estimulada,votos totais,BR-06922/2022,,3500,2,2,26851,cenário 1 - estimulado - 2º turno,não sabem / não responderam,N/A,1,nao_sabe,2,nao sabem nao responderam,0.02,nao sabem nao responderam,,2,nao sabem nao responderam,nao_sabe,0.91,,
10448,2022,1,PoderData,PoderData,2022-09-06,2022-09-06,26,estimulada,votos totais,BR-03760/2022,,3500,2,2,26981,cenário 1 - estimulado - 1º turno,Luiz Felipe d'Avila,NOVO,0,candidato,0,luiz felipe davila,0,luiz felipe chaves d avila,0.004734072,1,luiz felipe davila,candidato,0.93,0,-0.004734072
10448,2022,1,PoderData,PoderData,2022-09-06,2022-09-06,26,estimulada,votos totais,BR-03760/2022,,3500,2,2,26981,cenário 1 - estimulado - 1º turno,brancos / nulos,N/A,1,branco_nulo,3,brancos nulos,0.03,brancos nulos,,1,brancos nulos,branco_nulo,0.93,,
10448,2022,1,PoderData,PoderData,2022-09-06,2022-09-06,26,estimulada,votos totais,BR-03760/2022,,3500,2,2,26981,cenário 1 - estimulado - 1º turno,Soraya Thronicke,União Brasil,0,candidato,0,soraya thronicke,0,soraya vieira thronicke,0.005082944,1,soraya thronicke,candidato,0.93,0,-0.005082944
10448,2022,1,PoderData,PoderData,2022-09-06,2022-09-06,26,estimulada,votos totais,BR-03760/2022,,3500,2,2,26981,cenário 1 - estimulado - 1º turno,não sabe,N/A,1,nao_sabe,2,nao sabe,0.02,nao sabe,,1,nao sabe,nao_sabe,0.93,,
10448,2022,1,PoderData,PoderData,2022-09-06,2022-09-06,26,estimulada,votos totais,BR-03760/2022,,3500,2,2,26981,cenário 1 - estimulado - 1º turno,Sofia Manzano,PCB,0,candidato,0,sofia manzano,0,sofia padua manzano,0.000385859,1,sofia manzano,candidato,0.93,0,-0.000385859
10448,2022,1,PoderData,PoderData,2022-09-06,2022-09-06,26,estimulada,votos totais,BR-03760/2022,,3500,2,2,26981,cenário 1 - estimulado - 1º turno,Bolsonaro,PL,0,candidato,37,bolsonaro,0.37,jair messias bolsonaro,0.431975526,1,bolsonaro,candidato,0.93,0.397849462,-0.034126063
10448,2022,1,PoderData,PoderData,2022-09-06,2022-09-06,26,estimulada,votos totais,BR-03760/2022,,3500,2,2,26981,cenário 1 - estimulado - 1º turno,Lula,PT,0,candidato,43,lula,0.43,luiz inacio lula da silva,0.484307199,1,lula,candidato,0.93,0.462365591,-0.021941607
10448,2022,1,PoderData,PoderData,2022-09-06,2022-09-06,26,estimulada,votos totais,BR-03760/2022,,3500,2,2,26981,cenário 1 - estimulado - 1º turno,Roberto Jefferson,PTB,0,candidato,0,roberto jefferson,0,roberto jefferson,,1,roberto jefferson,candidato,0.93,,
10448,2022,1,PoderData,PoderData,2022-09-06,2022-09-06,26,estimulada,votos totais,BR-03760/2022,,3500,2,2,26981,cenário 1 - estimulado - 1º turno,Eymael,DC,0,candidato,0,eymael,0,jose maria eymael,0.000140438,1,eymael,candidato,0.93,0,-0.000140438
10448,2022,1,PoderData,PoderData,2022-09-06,2022-09-06,26,estimulada,votos totais,BR-03760/2022,,3500,2,2,26981,cenário 1 - estimulado - 1º turno,Vera Lúcia Salgado,PSTU,0,candidato,0,vera lucia salgado,0,vera lucia pereira da silva salgado,0.000216739,1,vera lucia salgado,candidato,0.93,0,-0.000216739
10448,2022,1,PoderData,PoderData,2022-09-06,2022-09-06,26,estimulada,votos totais,BR-03760/2022,,3500,2,2,26981,cenário 1 - estimulado - 1º turno,Pablo Marçal,PROS,0,candidato,0,pablo marcal,0,pablo marcal,,1,pablo marcal,candidato,0.93,,
10448,2022,1,PoderData,PoderData,2022-09-06,2022-09-06,26,estimulada,votos totais,BR-03760/2022,,3500,2,2,26981,cenário 1 - estimulado - 1º turno,Ciro,PDT,0,candidato,8,ciro,0.08,ciro ferreira gomes,0.030443166,1,ciro,candidato,0.93,0.086021505,0.055578339
10448,2022,1,PoderData,PoderData,2022-09-06,2022-09-06,26,estimulada,votos totais,BR-03760/2022,,3500,2,2,26981,cenário 1 - estimulado - 1º turno,Simone Tebet,MDB,0,candidato,5,simone tebet,0.05,simone nassar tebet,0.04157519,1,simone tebet,candidato,0.93,0.053763441,0.012188251
10448,2022,1,PoderData,PoderData,2022-09-06,2022-09-06,26,estimulada,votos totais,BR-03760/2022,,3500,2,2,26981,cenário 1 - estimulado - 1º turno,Leonardo Péricles,UP,0,candidato,0,leonardo pericles,0,leonardo pericles vieira roque,0.00045267,1,leonardo pericles,candidato,0.93,0,-0.00045267
10448,2022,2,PoderData,PoderData,2022-09-06,2022-09-06,54,estimulada,votos totais,BR-03760/2022,,3500,2,2,26982,cenário 1 - estimulado - 2º turno,Bolsonaro,PL,0,candidato,40,bolsonaro,0.4,jair messias bolsonaro,0.490975949,2,bolsonaro,candidato,0.92,0.434782609,-0.05619334
10448,2022,2,PoderData,PoderData,2022-09-06,2022-09-06,54,estimulada,votos totais,BR-03760/2022,,3500,2,2,26982,cenário 1 - estimulado - 2º turno,brancos / nulos,N/A,1,branco_nulo,7,brancos nulos,0.07,brancos nulos,,2,brancos nulos,branco_nulo,0.92,,
10448,2022,2,PoderData,PoderData,2022-09-06,2022-09-06,54,estimulada,votos totais,BR-03760/2022,,3500,2,2,26982,cenário 1 - estimulado - 2º turno,Lula,PT,0,candidato,52,lula,0.52,luiz inacio lula da silva,0.509024051,2,lula,candidato,0.92,0.565217391,0.05619334
10448,2022,2,PoderData,PoderData,2022-09-06,2022-09-06,54,estimulada,votos totais,BR-03760/2022,,3500,2,2,26982,cenário 1 - estimulado - 2º turno,não sabe,N/A,1,nao_sabe,1,nao sabe,0.01,nao sabe,,2,nao sabe,nao_sabe,0.92,,
10533,2022,1,PoderData,PoderData,2022-09-13,2022-09-13,19,estimulada,votos totais,BR-02955/2022,,3500,2,2,27165,cenário 1 - estimulada - 1º turno,Simone Tebet,MDB,0,candidato,5,simone tebet,0.05,simone nassar tebet,0.04157519,1,simone tebet,candidato,0.94,0.053191489,0.0116163
10533,2022,1,PoderData,PoderData,2022-09-13,2022-09-13,19,estimulada,votos totais,BR-02955/2022,,3500,2,2,27165,cenário 1 - estimulada - 1º turno,Pablo Marçal,PROS,0,candidato,0,pablo marcal,0,pablo marcal,,1,pablo marcal,candidato,0.94,,
10533,2022,1,PoderData,PoderData,2022-09-13,2022-09-13,19,estimulada,votos totais,BR-02955/2022,,3500,2,2,27165,cenário 1 - estimulada - 1º turno,Leonardo Péricles,UP,0,candidato,0,leonardo pericles,0,leonardo pericles vieira roque,0.00045267,1,leonardo pericles,candidato,0.94,0,-0.00045267
10533,2022,1,PoderData,PoderData,2022-09-13,2022-09-13,19,estimulada,votos totais,BR-02955/2022,,3500,2,2,27165,cenário 1 - estimulada - 1º turno,não sabem / não responderam,N/A,1,nao_sabe,2,nao sabem nao responderam,0.02,nao sabem nao responderam,,1,nao sabem nao responderam,nao_sabe,0.94,,
10533,2022,1,PoderData,PoderData,2022-09-13,2022-09-13,19,estimulada,votos totais,BR-02955/2022,,3500,2,2,27165,cenário 1 - estimulada - 1º turno,Vera Lúcia Salgado,PSTU,0,candidato,0,vera lucia salgado,0,vera lucia pereira da silva salgado,0.000216739,1,vera lucia salgado,candidato,0.94,0,-0.000216739
10533,2022,1,PoderData,PoderData,2022-09-13,2022-09-13,19,estimulada,votos totais,BR-02955/2022,,3500,2,2,27165,cenário 1 - estimulada - 1º turno,Sofia Manzano,PCB,0,candidato,0,sofia manzano,0,sofia padua manzano,0.000385859,1,sofia manzano,candidato,0.94,0,-0.000385859
10533,2022,1,PoderData,PoderData,2022-09-13,2022-09-13,19,estimulada,votos totais,BR-02955/2022,,3500,2,2,27165,cenário 1 - estimulada - 1º turno,Eymael,DC,0,candidato,0,eymael,0,jose maria eymael,0.000140438,1,eymael,candidato,0.94,0,-0.000140438
10533,2022,1,PoderData,PoderData,2022-09-13,2022-09-13,19,estimulada,votos totais,BR-02955/2022,,3500,2,2,27165,cenário 1 - estimulada - 1º turno,Ciro,PDT,0,candidato,8,ciro,0.08,ciro ferreira gomes,0.030443166,1,ciro,candidato,0.94,0.085106383,0.054663217
10533,2022,1,PoderData,PoderData,2022-09-13,2022-09-13,19,estimulada,votos totais,BR-02955/2022,,3500,2,2,27165,cenário 1 - estimulada - 1º turno,Lula,PT,0,candidato,43,lula,0.43,luiz inacio lula da silva,0.484307199,1,lula,candidato,0.94,0.457446809,-0.02686039
10533,2022,1,PoderData,PoderData,2022-09-13,2022-09-13,19,estimulada,votos totais,BR-02955/2022,,3500,2,2,27165,cenário 1 - estimulada - 1º turno,Bolsonaro,PL,0,candidato,37,bolsonaro,0.37,jair messias bolsonaro,0.431975526,1,bolsonaro,candidato,0.94,0.393617021,-0.038358504
10533,2022,1,PoderData,PoderData,2022-09-13,2022-09-13,19,estimulada,votos totais,BR-02955/2022,,3500,2,2,27165,cenário 1 - estimulada - 1º turno,Soraya Thronicke,União Brasil,0,candidato,0,soraya thronicke,0,soraya vieira thronicke,0.005082944,1,soraya thronicke,candidato,0.94,0,-0.005082944
10533,2022,1,PoderData,PoderData,2022-09-13,2022-09-13,19,estimulada,votos totais,BR-02955/2022,,3500,2,2,27165,cenário 1 - estimulada - 1º turno,brancos / nulos,N/A,1,branco_nulo,3,brancos nulos,0.03,brancos nulos,,1,brancos nulos,branco_nulo,0.94,,
10533,2022,1,PoderData,PoderData,2022-09-13,2022-09-13,19,estimulada,votos totais,BR-02955/2022,,3500,2,2,27165,cenário 1 - estimulada - 1º turno,Padre Kelmon,PTB,0,candidato,0,padre kelmon,0,kelmon luis da silva souza,0.000686198,1,padre kelmon,candidato,0.94,0,-0.000686198
10533,2022,1,PoderData,PoderData,2022-09-13,2022-09-13,19,estimulada,votos totais,BR-02955/2022,,3500,2,2,27165,cenário 1 - estimulada - 1º turno,Luiz Felipe d'Avila,NOVO,0,candidato,1,luiz felipe davila,0.01,luiz felipe chaves d avila,0.004734072,1,luiz felipe davila,candidato,0.94,0.010638298,0.005904226
10533,2022,2,PoderData,PoderData,2022-09-13,2022-09-13,47,estimulada,votos totais,BR-02955/2022,,3500,2,2,27166,cenário 1 - estimulada - 2º turno,Bolsonaro,PL,0,candidato,42,bolsonaro,0.42,jair messias bolsonaro,0.490975949,2,bolsonaro,candidato,0.93,0.451612903,-0.039363046
10533,2022,2,PoderData,PoderData,2022-09-13,2022-09-13,47,estimulada,votos totais,BR-02955/2022,,3500,2,2,27166,cenário 1 - estimulada - 2º turno,não sabe,N/A,1,nao_sabe,1,nao sabe,0.01,nao sabe,,2,nao sabe,nao_sabe,0.93,,
10533,2022,2,PoderData,PoderData,2022-09-13,2022-09-13,47,estimulada,votos totais,BR-02955/2022,,3500,2,2,27166,cenário 1 - estimulada - 2º turno,Lula,PT,0,candidato,51,lula,0.51,luiz inacio lula da silva,0.509024051,2,lula,candidato,0.93,0.548387097,0.039363046
10533,2022,2,PoderData,PoderData,2022-09-13,2022-09-13,47,estimulada,votos totais,BR-02955/2022,,3500,2,2,27166,cenário 1 - estimulada - 2º turno,brancos / nulos,N/A,1,branco_nulo,5,brancos nulos,0.05,brancos nulos,,2,brancos nulos,branco_nulo,0.93,,
10652,2022,1,PoderData,PoderData,2022-09-20,2022-09-20,12,estimulada,votos totais,BR-00407/2022,,3500,2,2,27419,cenário 1 - estimulado - 1º turno,Luiz Felipe d'Avila,NOVO,0,candidato,1,luiz felipe davila,0.01,luiz felipe chaves d avila,0.004734072,1,luiz felipe davila,candidato,0.94,0.010638298,0.005904226
10652,2022,1,PoderData,PoderData,2022-09-20,2022-09-20,12,estimulada,votos totais,BR-00407/2022,,3500,2,2,27419,cenário 1 - estimulado - 1º turno,Eymael,DC,0,candidato,0,eymael,0,jose maria eymael,0.000140438,1,eymael,candidato,0.94,0,-0.000140438
10652,2022,1,PoderData,PoderData,2022-09-20,2022-09-20,12,estimulada,votos totais,BR-00407/2022,,3500,2,2,27419,cenário 1 - estimulado - 1º turno,Vera Lúcia Salgado,PSTU,0,candidato,0,vera lucia salgado,0,vera lucia pereira da silva salgado,0.000216739,1,vera lucia salgado,candidato,0.94,0,-0.000216739
10652,2022,1,PoderData,PoderData,2022-09-20,2022-09-20,12,estimulada,votos totais,BR-00407/2022,,3500,2,2,27419,cenário 1 - estimulado - 1º turno,Soraya Thronicke,União Brasil,0,candidato,1,soraya thronicke,0.01,soraya vieira thronicke,0.005082944,1,soraya thronicke,candidato,0.94,0.010638298,0.005555354
10652,2022,1,PoderData,PoderData,2022-09-20,2022-09-20,12,estimulada,votos totais,BR-00407/2022,,3500,2,2,27419,cenário 1 - estimulado - 1º turno,Ciro,PDT,0,candidato,7,ciro,0.07,ciro ferreira gomes,0.030443166,1,ciro,candidato,0.94,0.074468085,0.044024919
10652,2022,1,PoderData,PoderData,2022-09-20,2022-09-20,12,estimulada,votos totais,BR-00407/2022,,3500,2,2,27419,cenário 1 - estimulado - 1º turno,Bolsonaro,PL,0,candidato,37,bolsonaro,0.37,jair messias bolsonaro,0.431975526,1,bolsonaro,candidato,0.94,0.393617021,-0.038358504
10652,2022,1,PoderData,PoderData,2022-09-20,2022-09-20,12,estimulada,votos totais,BR-00407/2022,,3500,2,2,27419,cenário 1 - estimulado - 1º turno,não sabe,N/A,1,nao_sabe,2,nao sabe,0.02,nao sabe,,1,nao sabe,nao_sabe,0.94,,
10652,2022,1,PoderData,PoderData,2022-09-20,2022-09-20,12,estimulada,votos totais,BR-00407/2022,,3500,2,2,27419,cenário 1 - estimulado - 1º turno,Padre Kelmon,PTB,0,candidato,0,padre kelmon,0,kelmon luis da silva souza,0.000686198,1,padre kelmon,candidato,0.94,0,-0.000686198
10652,2022,1,PoderData,PoderData,2022-09-20,2022-09-20,12,estimulada,votos totais,BR-00407/2022,,3500,2,2,27419,cenário 1 - estimulado - 1º turno,Sofia Manzano,PCB,0,candidato,0,sofia manzano,0,sofia padua manzano,0.000385859,1,sofia manzano,candidato,0.94,0,-0.000385859
10652,2022,1,PoderData,PoderData,2022-09-20,2022-09-20,12,estimulada,votos totais,BR-00407/2022,,3500,2,2,27419,cenário 1 - estimulado - 1º turno,Simone Tebet,MDB,0,candidato,4,simone tebet,0.04,simone nassar tebet,0.04157519,1,simone tebet,candidato,0.94,0.042553191,0.000978002
10652,2022,1,PoderData,PoderData,2022-09-20,2022-09-20,12,estimulada,votos totais,BR-00407/2022,,3500,2,2,27419,cenário 1 - estimulado - 1º turno,Leonardo Péricles,UP,0,candidato,0,leonardo pericles,0,leonardo pericles vieira roque,0.00045267,1,leonardo pericles,candidato,0.94,0,-0.00045267
10652,2022,1,PoderData,PoderData,2022-09-20,2022-09-20,12,estimulada,votos totais,BR-00407/2022,,3500,2,2,27419,cenário 1 - estimulado - 1º turno,Lula,PT,0,candidato,44,lula,0.44,luiz inacio lula da silva,0.484307199,1,lula,candidato,0.94,0.468085106,-0.016222092
10652,2022,1,PoderData,PoderData,2022-09-20,2022-09-20,12,estimulada,votos totais,BR-00407/2022,,3500,2,2,27419,cenário 1 - estimulado - 1º turno,brancos / nulos,N/A,1,branco_nulo,3,brancos nulos,0.03,brancos nulos,,1,brancos nulos,branco_nulo,0.94,,
10652,2022,2,PoderData,PoderData,2022-09-20,2022-09-20,40,estimulada,votos totais,BR-00407/2022,,3500,2,2,27420,cenário 1 - estimulado - 2º turno,Bolsonaro,PL,0,candidato,42,bolsonaro,0.42,jair messias bolsonaro,0.490975949,2,bolsonaro,candidato,0.92,0.456521739,-0.03445421
10652,2022,2,PoderData,PoderData,2022-09-20,2022-09-20,40,estimulada,votos totais,BR-00407/2022,,3500,2,2,27420,cenário 1 - estimulado - 2º turno,Lula,PT,0,candidato,50,lula,0.5,luiz inacio lula da silva,0.509024051,2,lula,candidato,0.92,0.543478261,0.03445421
10652,2022,2,PoderData,PoderData,2022-09-20,2022-09-20,40,estimulada,votos totais,BR-00407/2022,,3500,2,2,27420,cenário 1 - estimulado - 2º turno,não sabe,N/A,1,nao_sabe,1,nao sabe,0.01,nao sabe,,2,nao sabe,nao_sabe,0.92,,
10652,2022,2,PoderData,PoderData,2022-09-20,2022-09-20,40,estimulada,votos totais,BR-00407/2022,,3500,2,2,27420,cenário 1 - estimulado - 2º turno,brancos / nulos,N/A,1,branco_nulo,7,brancos nulos,0.07,brancos nulos,,2,brancos nulos,branco_nulo,0.92,,
10666,2022,1,AtlasIntel/Internet,Arko Advice,2022-09-20,2022-09-20,12,estimulada,votos totais,BR-01204/2022,,7514,1,1,27452,cenário 1 - estimulado - 1º turno,Lula,PT,0,candidato,48.4,lula,0.484,luiz inacio lula da silva,0.484307199,1,lula,candidato,0.991,0.48839556,0.004088361
10666,2022,1,AtlasIntel/Internet,Arko Advice,2022-09-20,2022-09-20,12,estimulada,votos totais,BR-01204/2022,,7514,1,1,27452,cenário 1 - estimulado - 1º turno,Sofia Manzano,PCB,0,candidato,0.1,sofia manzano,0.001,sofia padua manzano,0.000385859,1,sofia manzano,candidato,0.991,0.001009082,0.000623223
10666,2022,1,AtlasIntel/Internet,Arko Advice,2022-09-20,2022-09-20,12,estimulada,votos totais,BR-01204/2022,,7514,1,1,27452,cenário 1 - estimulado - 1º turno,Leonardo Péricles,UP,0,candidato,0.2,leonardo pericles,0.002,leonardo pericles vieira roque,0.00045267,1,leonardo pericles,candidato,0.991,0.002018163,0.001565494
10666,2022,1,AtlasIntel/Internet,Arko Advice,2022-09-20,2022-09-20,12,estimulada,votos totais,BR-01204/2022,,7514,1,1,27452,cenário 1 - estimulado - 1º turno,Eymael,DC,0,candidato,0.2,eymael,0.002,jose maria eymael,0.000140438,1,eymael,candidato,0.991,0.002018163,0.001877725
10666,2022,1,AtlasIntel/Internet,Arko Advice,2022-09-20,2022-09-20,12,estimulada,votos totais,BR-01204/2022,,7514,1,1,27452,cenário 1 - estimulado - 1º turno,Simone Tebet,MDB,0,candidato,4,simone tebet,0.04,simone nassar tebet,0.04157519,1,simone tebet,candidato,0.991,0.040363269,-0.00121192
10666,2022,1,AtlasIntel/Internet,Arko Advice,2022-09-20,2022-09-20,12,estimulada,votos totais,BR-01204/2022,,7514,1,1,27452,cenário 1 - estimulado - 1º turno,branco / nulo / não sabe / não respondeu,N/A,1,nao_sabe,1,branco nulo nao sabe nao respondeu,0.01,branco nulo nao sabe nao respondeu,,1,branco nulo nao sabe nao respondeu,nao_sabe,0.991,,
10666,2022,1,AtlasIntel/Internet,Arko Advice,2022-09-20,2022-09-20,12,estimulada,votos totais,BR-01204/2022,,7514,1,1,27452,cenário 1 - estimulado - 1º turno,Luiz Felipe d'Avila,NOVO,0,candidato,0.7,luiz felipe davila,0.007,luiz felipe chaves d avila,0.004734072,1,luiz felipe davila,candidato,0.991,0.007063572,0.0023295
10666,2022,1,AtlasIntel/Internet,Arko Advice,2022-09-20,2022-09-20,12,estimulada,votos totais,BR-01204/2022,,7514,1,1,27452,cenário 1 - estimulado - 1º turno,Vera Lúcia Salgado,PSTU,0,candidato,0.1,vera lucia salgado,0.001,vera lucia pereira da silva salgado,0.000216739,1,vera lucia salgado,candidato,0.991,0.001009082,0.000792343
10666,2022,1,AtlasIntel/Internet,Arko Advice,2022-09-20,2022-09-20,12,estimulada,votos totais,BR-01204/2022,,7514,1,1,27452,cenário 1 - estimulado - 1º turno,Ciro,PDT,0,candidato,6.3,ciro,0.063,ciro ferreira gomes,0.030443166,1,ciro,candidato,0.991,0.063572149,0.033128983
10666,2022,1,AtlasIntel/Internet,Arko Advice,2022-09-20,2022-09-20,12,estimulada,votos totais,BR-01204/2022,,7514,1,1,27452,cenário 1 - estimulado - 1º turno,Soraya Thronicke,União Brasil,0,candidato,0.4,soraya thronicke,0.004,soraya vieira thronicke,0.005082944,1,soraya thronicke,candidato,0.991,0.004036327,-0.001046617
10666,2022,1,AtlasIntel/Internet,Arko Advice,2022-09-20,2022-09-20,12,estimulada,votos totais,BR-01204/2022,,7514,1,1,27452,cenário 1 - estimulado - 1º turno,Padre Kelmon,PTB,0,candidato,0.1,padre kelmon,0.001,kelmon luis da silva souza,0.000686198,1,padre kelmon,candidato,0.991,0.001009082,0.000322884
10666,2022,1,AtlasIntel/Internet,Arko Advice,2022-09-20,2022-09-20,12,estimulada,votos totais,BR-01204/2022,,7514,1,1,27452,cenário 1 - estimulado - 1º turno,Bolsonaro,PL,0,candidato,38.6,bolsonaro,0.386,jair messias bolsonaro,0.431975526,1,bolsonaro,candidato,0.991,0.38950555,-0.042469976
10666,2022,2,AtlasIntel/Internet,Arko Advice,2022-09-20,2022-09-20,40,estimulada,votos totais,BR-01204/2022,,7514,1,1,27454,cenário 2 - estimulado - 2º turno,Lula,PT,0,candidato,53.1,lula,0.531,luiz inacio lula da silva,0.509024051,2,lula,candidato,0.945,0.561904762,0.052880711
10666,2022,2,AtlasIntel/Internet,Arko Advice,2022-09-20,2022-09-20,40,estimulada,votos totais,BR-01204/2022,,7514,1,1,27454,cenário 2 - estimulado - 2º turno,Bolsonaro,PL,0,candidato,41.4,bolsonaro,0.414,jair messias bolsonaro,0.490975949,2,bolsonaro,candidato,0.945,0.438095238,-0.052880711
10666,2022,2,AtlasIntel/Internet,Arko Advice,2022-09-20,2022-09-20,40,estimulada,votos totais,BR-01204/2022,,7514,1,1,27454,cenário 2 - estimulado - 2º turno,branco / nulo / não sabe / não respondeu,N/A,1,nao_sabe,5.5,branco nulo nao sabe nao respondeu,0.055,branco nulo nao sabe nao respondeu,,2,branco nulo nao sabe nao respondeu,nao_sabe,0.945,,
10443,2022,1,Gerp,Gerp,2022-09-01,2022-08-29,34,estimulada,votos totais,BR-09102/2022,,2095,2.18,2.18,26972,cenário 1 - estimulada - 1º turno,Sofia Manzano,PCB,0,candidato,0,sofia manzano,0,sofia padua manzano,0.000385859,1,sofia manzano,candidato,0.95,0,-0.000385859
10443,2022,1,Gerp,Gerp,2022-09-01,2022-08-29,34,estimulada,votos totais,BR-09102/2022,,2095,2.18,2.18,26972,cenário 1 - estimulada - 1º turno,Simone Tebet,MDB,0,candidato,6,simone tebet,0.06,simone nassar tebet,0.04157519,1,simone tebet,candidato,0.95,0.063157895,0.021582705
10443,2022,1,Gerp,Gerp,2022-09-01,2022-08-29,34,estimulada,votos totais,BR-09102/2022,,2095,2.18,2.18,26972,cenário 1 - estimulada - 1º turno,Pablo Marçal,PROS,0,candidato,0,pablo marcal,0,pablo marcal,,1,pablo marcal,candidato,0.95,,
10443,2022,1,Gerp,Gerp,2022-09-01,2022-08-29,34,estimulada,votos totais,BR-09102/2022,,2095,2.18,2.18,26972,cenário 1 - estimulada - 1º turno,não sabe,N/A,1,nao_sabe,3,nao sabe,0.03,nao sabe,,1,nao sabe,nao_sabe,0.95,,
10443,2022,1,Gerp,Gerp,2022-09-01,2022-08-29,34,estimulada,votos totais,BR-09102/2022,,2095,2.18,2.18,26972,cenário 1 - estimulada - 1º turno,Roberto Jefferson,PTB,0,candidato,0,roberto jefferson,0,roberto jefferson,,1,roberto jefferson,candidato,0.95,,
10443,2022,1,Gerp,Gerp,2022-09-01,2022-08-29,34,estimulada,votos totais,BR-09102/2022,,2095,2.18,2.18,26972,cenário 1 - estimulada - 1º turno,Ciro,PDT,0,candidato,11,ciro,0.11,ciro ferreira gomes,0.030443166,1,ciro,candidato,0.95,0.115789474,0.085346307
10443,2022,1,Gerp,Gerp,2022-09-01,2022-08-29,34,estimulada,votos totais,BR-09102/2022,,2095,2.18,2.18,26972,cenário 1 - estimulada - 1º turno,Leonardo Péricles,UP,0,candidato,0,leonardo pericles,0,leonardo pericles vieira roque,0.00045267,1,leonardo pericles,candidato,0.95,0,-0.00045267
10443,2022,1,Gerp,Gerp,2022-09-01,2022-08-29,34,estimulada,votos totais,BR-09102/2022,,2095,2.18,2.18,26972,cenário 1 - estimulada - 1º turno,Bolsonaro,PL,0,candidato,39,bolsonaro,0.39,jair messias bolsonaro,0.431975526,1,bolsonaro,candidato,0.95,0.410526316,-0.02144921
10443,2022,1,Gerp,Gerp,2022-09-01,2022-08-29,34,estimulada,votos totais,BR-09102/2022,,2095,2.18,2.18,26972,cenário 1 - estimulada - 1º turno,nenhum,N/A,1,outros,2,nenhum,0.02,nenhum,,1,nenhum,outros,0.95,,
10443,2022,1,Gerp,Gerp,2022-09-01,2022-08-29,34,estimulada,votos totais,BR-09102/2022,,2095,2.18,2.18,26972,cenário 1 - estimulada - 1º turno,Soraya Thronicke,União Brasil,0,candidato,0,soraya thronicke,0,soraya vieira thronicke,0.005082944,1,soraya thronicke,candidato,0.95,0,-0.005082944
10443,2022,1,Gerp,Gerp,2022-09-01,2022-08-29,34,estimulada,votos totais,BR-09102/2022,,2095,2.18,2.18,26972,cenário 1 - estimulada - 1º turno,Vera Lúcia Salgado,PSTU,0,candidato,0,vera lucia salgado,0,vera lucia pereira da silva salgado,0.000216739,1,vera lucia salgado,candidato,0.95,0,-0.000216739
10443,2022,1,Gerp,Gerp,2022-09-01,2022-08-29,34,estimulada,votos totais,BR-09102/2022,,2095,2.18,2.18,26972,cenário 1 - estimulada - 1º turno,Luiz Felipe d'Avila,NOVO,0,candidato,1,luiz felipe davila,0.01,luiz felipe chaves d avila,0.004734072,1,luiz felipe davila,candidato,0.95,0.010526316,0.005792244
10443,2022,1,Gerp,Gerp,2022-09-01,2022-08-29,34,estimulada,votos totais,BR-09102/2022,,2095,2.18,2.18,26972,cenário 1 - estimulada - 1º turno,Eymael,DC,0,candidato,0,eymael,0,jose maria eymael,0.000140438,1,eymael,candidato,0.95,0,-0.000140438
10443,2022,1,Gerp,Gerp,2022-09-01,2022-08-29,34,estimulada,votos totais,BR-09102/2022,,2095,2.18,2.18,26972,cenário 1 - estimulada - 1º turno,Lula,PT,0,candidato,38,lula,0.38,luiz inacio lula da silva,0.484307199,1,lula,candidato,0.95,0.4,-0.084307199
11038,2022,2,Gerp,Gerp,2022-10-11,2022-10-11,19,estimulada,votos totais,BR-02322/2022,,2095,2.18,2.18,28140,cenário 1 - estimulada - 2º turno,não sabem / não responderam,N/A,1,nao_sabe,4,nao sabem nao responderam,0.04,nao sabem nao responderam,,2,nao sabem nao responderam,nao_sabe,0.94,,
11038,2022,2,Gerp,Gerp,2022-10-11,2022-10-11,19,estimulada,votos totais,BR-02322/2022,,2095,2.18,2.18,28140,cenário 1 - estimulada - 2º turno,Bolsonaro,PL,0,candidato,46,bolsonaro,0.46,jair messias bolsonaro,0.490975949,2,bolsonaro,candidato,0.94,0.489361702,-0.001614247
11038,2022,2,Gerp,Gerp,2022-10-11,2022-10-11,19,estimulada,votos totais,BR-02322/2022,,2095,2.18,2.18,28140,cenário 1 - estimulada - 2º turno,nenhum,N/A,1,outros,2,nenhum,0.02,nenhum,,2,nenhum,outros,0.94,,
11038,2022,2,Gerp,Gerp,2022-10-11,2022-10-11,19,estimulada,votos totais,BR-02322/2022,,2095,2.18,2.18,28140,cenário 1 - estimulada - 2º turno,Lula,PT,0,candidato,48,lula,0.48,luiz inacio lula da silva,0.509024051,2,lula,candidato,0.94,0.510638298,0.001614247
11146,2022,2,Gerp,Gerp,2022-10-26,2022-10-26,4,estimulada,votos totais,BR-05418/2022,,2095,2.18,2.18,28296,cenário 1 - estimulado - 2º turno,não sabem / não responderam,N/A,1,nao_sabe,4,nao sabem nao responderam,0.04,nao sabem nao responderam,,2,nao sabem nao responderam,nao_sabe,0.9,,
11146,2022,2,Gerp,Gerp,2022-10-26,2022-10-26,4,estimulada,votos totais,BR-05418/2022,,2095,2.18,2.18,28296,cenário 1 - estimulado - 2º turno,nenhum,N/A,1,outros,5,nenhum,0.05,nenhum,,2,nenhum,outros,0.9,,
11146,2022,2,Gerp,Gerp,2022-10-26,2022-10-26,4,estimulada,votos totais,BR-05418/2022,,2095,2.18,2.18,28296,cenário 1 - estimulado - 2º turno,Bolsonaro,PL,0,candidato,47,bolsonaro,0.47,jair messias bolsonaro,0.490975949,2,bolsonaro,candidato,0.9,0.522222222,0.031246273
11146,2022,2,Gerp,Gerp,2022-10-26,2022-10-26,4,estimulada,votos totais,BR-05418/2022,,2095,2.18,2.18,28296,cenário 1 - estimulado - 2º turno,Lula,PT,0,candidato,43,lula,0.43,luiz inacio lula da silva,0.509024051,2,lula,candidato,0.9,0.477777778,-0.031246273
10664,2022,1,Datafolha,Folha de S. Paulo e Grupo Globo,2022-09-22,2022-09-22,10,estimulada,votos totais,BR-04180/2022,,6754,2,2,27448,cenário 1 - estimulado - 1º turno,Simone Tebet,MDB,0,candidato,5,simone tebet,0.05,simone nassar tebet,0.04157519,1,simone tebet,candidato,0.93,0.053763441,0.012188251
10664,2022,1,Datafolha,Folha de S. Paulo e Grupo Globo,2022-09-22,2022-09-22,10,estimulada,votos totais,BR-04180/2022,,6754,2,2,27448,cenário 1 - estimulado - 1º turno,nenhum / brancos / nulos,N/A,1,branco_nulo,4,nenhum brancos nulos,0.04,nenhum brancos nulos,,1,nenhum brancos nulos,branco_nulo,0.93,,
10664,2022,1,Datafolha,Folha de S. Paulo e Grupo Globo,2022-09-22,2022-09-22,10,estimulada,votos totais,BR-04180/2022,,6754,2,2,27448,cenário 1 - estimulado - 1º turno,Eymael,DC,0,candidato,0,eymael,0,jose maria eymael,0.000140438,1,eymael,candidato,0.93,0,-0.000140438
10664,2022,1,Datafolha,Folha de S. Paulo e Grupo Globo,2022-09-22,2022-09-22,10,estimulada,votos totais,BR-04180/2022,,6754,2,2,27448,cenário 1 - estimulado - 1º turno,Ciro,PDT,0,candidato,7,ciro,0.07,ciro ferreira gomes,0.030443166,1,ciro,candidato,0.93,0.075268817,0.044825651
10664,2022,1,Datafolha,Folha de S. Paulo e Grupo Globo,2022-09-22,2022-09-22,10,estimulada,votos totais,BR-04180/2022,,6754,2,2,27448,cenário 1 - estimulado - 1º turno,Luiz Felipe d'Avila,NOVO,0,candidato,0,luiz felipe davila,0,luiz felipe chaves d avila,0.004734072,1,luiz felipe davila,candidato,0.93,0,-0.004734072
10664,2022,1,Datafolha,Folha de S. Paulo e Grupo Globo,2022-09-22,2022-09-22,10,estimulada,votos totais,BR-04180/2022,,6754,2,2,27448,cenário 1 - estimulado - 1º turno,Leonardo Péricles,UP,0,candidato,0,leonardo pericles,0,leonardo pericles vieira roque,0.00045267,1,leonardo pericles,candidato,0.93,0,-0.00045267
10664,2022,1,Datafolha,Folha de S. Paulo e Grupo Globo,2022-09-22,2022-09-22,10,estimulada,votos totais,BR-04180/2022,,6754,2,2,27448,cenário 1 - estimulado - 1º turno,Padre Kelmon,PTB,0,candidato,0,padre kelmon,0,kelmon luis da silva souza,0.000686198,1,padre kelmon,candidato,0.93,0,-0.000686198
10664,2022,1,Datafolha,Folha de S. Paulo e Grupo Globo,2022-09-22,2022-09-22,10,estimulada,votos totais,BR-04180/2022,,6754,2,2,27448,cenário 1 - estimulado - 1º turno,Sofia Manzano,PCB,0,candidato,0,sofia manzano,0,sofia padua manzano,0.000385859,1,sofia manzano,candidato,0.93,0,-0.000385859
10664,2022,1,Datafolha,Folha de S. Paulo e Grupo Globo,2022-09-22,2022-09-22,10,estimulada,votos totais,BR-04180/2022,,6754,2,2,27448,cenário 1 - estimulado - 1º turno,Lula,PT,0,candidato,47,lula,0.47,luiz inacio lula da silva,0.484307199,1,lula,candidato,0.93,0.505376344,0.021069145
10664,2022,1,Datafolha,Folha de S. Paulo e Grupo Globo,2022-09-22,2022-09-22,10,estimulada,votos totais,BR-04180/2022,,6754,2,2,27448,cenário 1 - estimulado - 1º turno,Vera Lúcia Salgado,PSTU,0,candidato,0,vera lucia salgado,0,vera lucia pereira da silva salgado,0.000216739,1,vera lucia salgado,candidato,0.93,0,-0.000216739
10664,2022,1,Datafolha,Folha de S. Paulo e Grupo Globo,2022-09-22,2022-09-22,10,estimulada,votos totais,BR-04180/2022,,6754,2,2,27448,cenário 1 - estimulado - 1º turno,Bolsonaro,PL,0,candidato,33,bolsonaro,0.33,jair messias bolsonaro,0.431975526,1,bolsonaro,candidato,0.93,0.35483871,-0.077136816
10664,2022,1,Datafolha,Folha de S. Paulo e Grupo Globo,2022-09-22,2022-09-22,10,estimulada,votos totais,BR-04180/2022,,6754,2,2,27448,cenário 1 - estimulado - 1º turno,Soraya Thronicke,União Brasil,0,candidato,1,soraya thronicke,0.01,soraya vieira thronicke,0.005082944,1,soraya thronicke,candidato,0.93,0.010752688,0.005669745
10664,2022,1,Datafolha,Folha de S. Paulo e Grupo Globo,2022-09-22,2022-09-22,10,estimulada,votos totais,BR-04180/2022,,6754,2,2,27448,cenário 1 - estimulado - 1º turno,não sabe,N/A,1,nao_sabe,2,nao sabe,0.02,nao sabe,,1,nao sabe,nao_sabe,0.93,,
10664,2022,2,Datafolha,Folha de S. Paulo e Grupo Globo,2022-09-22,2022-09-22,38,estimulada,votos totais,BR-04180/2022,,6754,2,2,27449,cenário 1 - estimulado - 2º turno,Lula,PT,0,candidato,54,lula,0.54,luiz inacio lula da silva,0.509024051,2,lula,candidato,0.92,0.586956522,0.077932471
10664,2022,2,Datafolha,Folha de S. Paulo e Grupo Globo,2022-09-22,2022-09-22,38,estimulada,votos totais,BR-04180/2022,,6754,2,2,27449,cenário 1 - estimulado - 2º turno,indeciso,N/A,1,nao_sabe,2,indeciso,0.02,indeciso,,2,indeciso,candidato,0.92,,
10664,2022,2,Datafolha,Folha de S. Paulo e Grupo Globo,2022-09-22,2022-09-22,38,estimulada,votos totais,BR-04180/2022,,6754,2,2,27449,cenário 1 - estimulado - 2º turno,Bolsonaro,PL,0,candidato,38,bolsonaro,0.38,jair messias bolsonaro,0.490975949,2,bolsonaro,candidato,0.92,0.413043478,-0.077932471
10664,2022,2,Datafolha,Folha de S. Paulo e Grupo Globo,2022-09-22,2022-09-22,38,estimulada,votos totais,BR-04180/2022,,6754,2,2,27449,cenário 1 - estimulado - 2º turno,brancos / nulos,N/A,1,branco_nulo,7,brancos nulos,0.07,brancos nulos,,2,brancos nulos,branco_nulo,0.92,,
10428,2022,1,Datafolha,Folha de S. Paulo e Grupo Globo,2022-09-01,2022-08-30,33,estimulada,votos totais,BR-00433/2022,,5734,2,2,26932,cenário 1 - estimulado - 1º turno,não sabe,N/A,1,nao_sabe,2,nao sabe,0.02,nao sabe,,1,nao sabe,nao_sabe,0.93,,
10428,2022,1,Datafolha,Folha de S. Paulo e Grupo Globo,2022-09-01,2022-08-30,33,estimulada,votos totais,BR-00433/2022,,5734,2,2,26932,cenário 1 - estimulado - 1º turno,Ciro,PDT,0,candidato,9,ciro,0.09,ciro ferreira gomes,0.030443166,1,ciro,candidato,0.93,0.096774194,0.066331027
10428,2022,1,Datafolha,Folha de S. Paulo e Grupo Globo,2022-09-01,2022-08-30,33,estimulada,votos totais,BR-00433/2022,,5734,2,2,26932,cenário 1 - estimulado - 1º turno,Pablo Marçal,PROS,0,candidato,1,pablo marcal,0.01,pablo marcal,,1,pablo marcal,candidato,0.93,,
10428,2022,1,Datafolha,Folha de S. Paulo e Grupo Globo,2022-09-01,2022-08-30,33,estimulada,votos totais,BR-00433/2022,,5734,2,2,26932,cenário 1 - estimulado - 1º turno,Vera Lúcia Salgado,PSTU,0,candidato,0,vera lucia salgado,0,vera lucia pereira da silva salgado,0.000216739,1,vera lucia salgado,candidato,0.93,0,-0.000216739
10428,2022,1,Datafolha,Folha de S. Paulo e Grupo Globo,2022-09-01,2022-08-30,33,estimulada,votos totais,BR-00433/2022,,5734,2,2,26932,cenário 1 - estimulado - 1º turno,Soraya Thronicke,União Brasil,0,candidato,1,soraya thronicke,0.01,soraya vieira thronicke,0.005082944,1,soraya thronicke,candidato,0.93,0.010752688,0.005669745
10428,2022,1,Datafolha,Folha de S. Paulo e Grupo Globo,2022-09-01,2022-08-30,33,estimulada,votos totais,BR-00433/2022,,5734,2,2,26932,cenário 1 - estimulado - 1º turno,Sofia Manzano,PCB,0,candidato,0,sofia manzano,0,sofia padua manzano,0.000385859,1,sofia manzano,candidato,0.93,0,-0.000385859
10428,2022,1,Datafolha,Folha de S. Paulo e Grupo Globo,2022-09-01,2022-08-30,33,estimulada,votos totais,BR-00433/2022,,5734,2,2,26932,cenário 1 - estimulado - 1º turno,Lula,PT,0,candidato,45,lula,0.45,luiz inacio lula da silva,0.484307199,1,lula,candidato,0.93,0.483870968,-0.000436231
10428,2022,1,Datafolha,Folha de S. Paulo e Grupo Globo,2022-09-01,2022-08-30,33,estimulada,votos totais,BR-00433/2022,,5734,2,2,26932,cenário 1 - estimulado - 1º turno,Leonardo Péricles,UP,0,candidato,0,leonardo pericles,0,leonardo pericles vieira roque,0.00045267,1,leonardo pericles,candidato,0.93,0,-0.00045267
10428,2022,1,Datafolha,Folha de S. Paulo e Grupo Globo,2022-09-01,2022-08-30,33,estimulada,votos totais,BR-00433/2022,,5734,2,2,26932,cenário 1 - estimulado - 1º turno,Simone Tebet,MDB,0,candidato,5,simone tebet,0.05,simone nassar tebet,0.04157519,1,simone tebet,candidato,0.93,0.053763441,0.012188251
10428,2022,1,Datafolha,Folha de S. Paulo e Grupo Globo,2022-09-01,2022-08-30,33,estimulada,votos totais,BR-00433/2022,,5734,2,2,26932,cenário 1 - estimulado - 1º turno,nenhum / brancos / nulos,N/A,1,branco_nulo,4,nenhum brancos nulos,0.04,nenhum brancos nulos,,1,nenhum brancos nulos,branco_nulo,0.93,,
10428,2022,1,Datafolha,Folha de S. Paulo e Grupo Globo,2022-09-01,2022-08-30,33,estimulada,votos totais,BR-00433/2022,,5734,2,2,26932,cenário 1 - estimulado - 1º turno,Roberto Jefferson,PTB,0,candidato,0,roberto jefferson,0,roberto jefferson,,1,roberto jefferson,candidato,0.93,,
10428,2022,1,Datafolha,Folha de S. Paulo e Grupo Globo,2022-09-01,2022-08-30,33,estimulada,votos totais,BR-00433/2022,,5734,2,2,26932,cenário 1 - estimulado - 1º turno,Eymael,DC,0,candidato,0,eymael,0,jose maria eymael,0.000140438,1,eymael,candidato,0.93,0,-0.000140438
10428,2022,1,Datafolha,Folha de S. Paulo e Grupo Globo,2022-09-01,2022-08-30,33,estimulada,votos totais,BR-00433/2022,,5734,2,2,26932,cenário 1 - estimulado - 1º turno,Bolsonaro,PL,0,candidato,32,bolsonaro,0.32,jair messias bolsonaro,0.431975526,1,bolsonaro,candidato,0.93,0.344086022,-0.087889504
10428,2022,1,Datafolha,Folha de S. Paulo e Grupo Globo,2022-09-01,2022-08-30,33,estimulada,votos totais,BR-00433/2022,,5734,2,2,26932,cenário 1 - estimulado - 1º turno,Luiz Felipe d'Avila,NOVO,0,candidato,1,luiz felipe davila,0.01,luiz felipe chaves d avila,0.004734072,1,luiz felipe davila,candidato,0.93,0.010752688,0.006018616
10428,2022,2,Datafolha,Folha de S. Paulo e Grupo Globo,2022-09-01,2022-08-30,61,estimulada,votos totais,BR-00433/2022,,5734,2,2,26933,cenário 1 - estimulado - 2º turno,nenhum / brancos / nulos,N/A,1,branco_nulo,8,nenhum brancos nulos,0.08,nenhum brancos nulos,,2,nenhum brancos nulos,branco_nulo,0.91,,
10428,2022,2,Datafolha,Folha de S. Paulo e Grupo Globo,2022-09-01,2022-08-30,61,estimulada,votos totais,BR-00433/2022,,5734,2,2,26933,cenário 1 - estimulado - 2º turno,Bolsonaro,PL,0,candidato,37,bolsonaro,0.37,jair messias bolsonaro,0.490975949,2,bolsonaro,candidato,0.91,0.406593407,-0.084382542
10428,2022,2,Datafolha,Folha de S. Paulo e Grupo Globo,2022-09-01,2022-08-30,61,estimulada,votos totais,BR-00433/2022,,5734,2,2,26933,cenário 1 - estimulado - 2º turno,Lula,PT,0,candidato,54,lula,0.54,luiz inacio lula da silva,0.509024051,2,lula,candidato,0.91,0.593406593,0.084382542
10428,2022,2,Datafolha,Folha de S. Paulo e Grupo Globo,2022-09-01,2022-08-30,61,estimulada,votos totais,BR-00433/2022,,5734,2,2,26933,cenário 1 - estimulado - 2º turno,não sabe,N/A,1,nao_sabe,1,nao sabe,0.01,nao sabe,,2,nao sabe,nao_sabe,0.91,,
9733,2022,2,Paraná Pesquisas,,2021-07-28,2021-07-28,459,estimulada,votos totais,,,2010,2,2,24431,cenário 3 - estimulado - 2º turno,Lula,PT,0,candidato,43.3,lula,0.433,luiz inacio lula da silva,0.509024051,2,lula,candidato,0.815,0.531288344,0.022264292
9733,2022,2,Paraná Pesquisas,,2021-07-28,2021-07-28,459,estimulada,votos totais,,,2010,2,2,24431,cenário 3 - estimulado - 2º turno,não sabem / não responderam,N/A,1,nao_sabe,3.4,nao sabem nao responderam,0.034,nao sabem nao responderam,,2,nao sabem nao responderam,nao_sabe,0.815,,
9733,2022,2,Paraná Pesquisas,,2021-07-28,2021-07-28,459,estimulada,votos totais,,,2010,2,2,24431,cenário 3 - estimulado - 2º turno,nenhum / brancos / nulos,N/A,1,branco_nulo,15,nenhum brancos nulos,0.15,nenhum brancos nulos,,2,nenhum brancos nulos,branco_nulo,0.815,,
9733,2022,2,Paraná Pesquisas,,2021-07-28,2021-07-28,459,estimulada,votos totais,,,2010,2,2,24431,cenário 3 - estimulado - 2º turno,Bolsonaro,sem partido,0,candidato,38.2,bolsonaro,0.382,jair messias bolsonaro,0.490975949,2,bolsonaro,candidato,0.815,0.468711656,-0.022264292
9770,2022,2,Paraná Pesquisas,,2021-05-04,2021-04-30,548,estimulada,votos totais,,,2010,2,2,24711,cenário 1 - estimulado - 2º turno,Lula,PT,0,candidato,39.8,lula,0.398,luiz inacio lula da silva,0.509024051,2,lula,candidato,0.823,0.483596598,-0.025427453
9770,2022,2,Paraná Pesquisas,,2021-05-04,2021-04-30,548,estimulada,votos totais,,,2010,2,2,24711,cenário 1 - estimulado - 2º turno,nenhum / brancos / nulos,N/A,1,branco_nulo,13.5,nenhum brancos nulos,0.135,nenhum brancos nulos,,2,nenhum brancos nulos,branco_nulo,0.823,,
9770,2022,2,Paraná Pesquisas,,2021-05-04,2021-04-30,548,estimulada,votos totais,,,2010,2,2,24711,cenário 1 - estimulado - 2º turno,não sabem / não responderam,N/A,1,nao_sabe,4.2,nao sabem nao responderam,0.042,nao sabem nao responderam,,2,nao sabem nao responderam,nao_sabe,0.823,,
9770,2022,2,Paraná Pesquisas,,2021-05-04,2021-04-30,548,estimulada,votos totais,,,2010,2,2,24711,cenário 1 - estimulado - 2º turno,Bolsonaro,PL,0,candidato,42.5,bolsonaro,0.425,jair messias bolsonaro,0.490975949,2,bolsonaro,candidato,0.823,0.516403402,0.025427453
9735,2022,2,Quaest,Genial Investimentos,2021-08-01,2021-07-29,458,estimulada,votos totais,,,1500,3,3,24449,cenário 1 - estimulado - 2º turno,Bolsonaro,sem partido,0,candidato,33,bolsonaro,0.33,jair messias bolsonaro,0.490975949,2,bolsonaro,candidato,0.87,0.379310345,-0.111665604
9735,2022,2,Quaest,Genial Investimentos,2021-08-01,2021-07-29,458,estimulada,votos totais,,,1500,3,3,24449,cenário 1 - estimulado - 2º turno,não sabem / não responderam,N/A,1,nao_sabe,9,nao sabem nao responderam,0.09,nao sabem nao responderam,,2,nao sabem nao responderam,nao_sabe,0.87,,
9735,2022,2,Quaest,Genial Investimentos,2021-08-01,2021-07-29,458,estimulada,votos totais,,,1500,3,3,24449,cenário 1 - estimulado - 2º turno,Lula,PT,0,candidato,54,lula,0.54,luiz inacio lula da silva,0.509024051,2,lula,candidato,0.87,0.620689655,0.111665604
9735,2022,2,Quaest,Genial Investimentos,2021-08-01,2021-07-29,458,estimulada,votos totais,,,1500,3,3,24449,cenário 1 - estimulado - 2º turno,nenhum / brancos / nulos,N/A,1,branco_nulo,3,nenhum brancos nulos,0.03,nenhum brancos nulos,,2,nenhum brancos nulos,branco_nulo,0.87,,
9757,2022,2,Quaest,Genial Investimentos,2021-07-04,2021-07-04,483,estimulada,votos totais,,,1500,3,3,24629,cenário 1 - estimulado - 2º turno,Bolsonaro,PL,0,candidato,33,bolsonaro,0.33,jair messias bolsonaro,0.490975949,2,bolsonaro,candidato,0.87,0.379310345,-0.111665604
9757,2022,2,Quaest,Genial Investimentos,2021-07-04,2021-07-04,483,estimulada,votos totais,,,1500,3,3,24629,cenário 1 - estimulado - 2º turno,branco / nulo / não votará,N/A,1,branco_nulo,11,branco nulo nao votara,0.11,branco nulo nao votara,,2,branco nulo nao votara,branco_nulo,0.87,,
9757,2022,2,Quaest,Genial Investimentos,2021-07-04,2021-07-04,483,estimulada,votos totais,,,1500,3,3,24629,cenário 1 - estimulado - 2º turno,não sabem / não responderam,N/A,1,nao_sabe,2,nao sabem nao responderam,0.02,nao sabem nao responderam,,2,nao sabem nao responderam,nao_sabe,0.87,,
9757,2022,2,Quaest,Genial Investimentos,2021-07-04,2021-07-04,483,estimulada,votos totais,,,1500,3,3,24629,cenário 1 - estimulado - 2º turno,Lula,PT,0,candidato,54,lula,0.54,luiz inacio lula da silva,0.509024051,2,lula,candidato,0.87,0.620689655,0.111665604
9800,2022,2,Ideia Big Data,Exame,2022-02-22,2022-02-22,250,estimulada,votos totais,BR-05955/2022,,1500,3,3,24879,cenário 1 - estimulado - 2º turno,brancos / nulos,N/A,1,branco_nulo,12,brancos nulos,0.12,brancos nulos,,2,brancos nulos,branco_nulo,0.84,,
9800,2022,2,Ideia Big Data,Exame,2022-02-22,2022-02-22,250,estimulada,votos totais,BR-05955/2022,,1500,3,3,24879,cenário 1 - estimulado - 2º turno,não sabe,N/A,1,nao_sabe,4,nao sabe,0.04,nao sabe,,2,nao sabe,nao_sabe,0.84,,
9800,2022,2,Ideia Big Data,Exame,2022-02-22,2022-02-22,250,estimulada,votos totais,BR-05955/2022,,1500,3,3,24879,cenário 1 - estimulado - 2º turno,Bolsonaro,PL,0,candidato,35,bolsonaro,0.35,jair messias bolsonaro,0.490975949,2,bolsonaro,candidato,0.84,0.416666667,-0.074309282
9800,2022,2,Ideia Big Data,Exame,2022-02-22,2022-02-22,250,estimulada,votos totais,BR-05955/2022,,1500,3,3,24879,cenário 1 - estimulado - 2º turno,Lula,PT,0,candidato,49,lula,0.49,luiz inacio lula da silva,0.509024051,2,lula,candidato,0.84,0.583333333,0.074309282
9881,2022,2,Ideia Big Data,Exame,2022-04-20,2022-04-20,193,estimulada,votos totais,BR-02495/2022,,1500,3,3,25249,cenário 1 - estimulado - 2º turno,brancos / nulos,N/A,1,branco_nulo,9,brancos nulos,0.09,brancos nulos,,2,brancos nulos,branco_nulo,0.87,,
9881,2022,2,Ideia Big Data,Exame,2022-04-20,2022-04-20,193,estimulada,votos totais,BR-02495/2022,,1500,3,3,25249,cenário 1 - estimulado - 2º turno,não sabe,N/A,1,nao_sabe,4,nao sabe,0.04,nao sabe,,2,nao sabe,nao_sabe,0.87,,
9881,2022,2,Ideia Big Data,Exame,2022-04-20,2022-04-20,193,estimulada,votos totais,BR-02495/2022,,1500,3,3,25249,cenário 1 - estimulado - 2º turno,Bolsonaro,PL,0,candidato,39,bolsonaro,0.39,jair messias bolsonaro,0.490975949,2,bolsonaro,candidato,0.87,0.448275862,-0.042700087
9881,2022,2,Ideia Big Data,Exame,2022-04-20,2022-04-20,193,estimulada,votos totais,BR-02495/2022,,1500,3,3,25249,cenário 1 - estimulado - 2º turno,Lula,PT,0,candidato,48,lula,0.48,luiz inacio lula da silva,0.509024051,2,lula,candidato,0.87,0.551724138,0.042700087
10018,2022,2,Ideia Big Data,Exame,2022-06-22,2022-06-22,130,estimulada,votos totais,BR-02845/2022,,1500,3,3,25812,cenário 1 - estimulada - 2º turno,brancos / nulos,N/A,1,branco_nulo,7,brancos nulos,0.07,brancos nulos,,2,brancos nulos,branco_nulo,0.89,,
10018,2022,2,Ideia Big Data,Exame,2022-06-22,2022-06-22,130,estimulada,votos totais,BR-02845/2022,,1500,3,3,25812,cenário 1 - estimulada - 2º turno,Lula,PT,0,candidato,48,lula,0.48,luiz inacio lula da silva,0.509024051,2,lula,candidato,0.89,0.539325843,0.030301792
10018,2022,2,Ideia Big Data,Exame,2022-06-22,2022-06-22,130,estimulada,votos totais,BR-02845/2022,,1500,3,3,25812,cenário 1 - estimulada - 2º turno,Bolsonaro,PL,0,candidato,41,bolsonaro,0.41,jair messias bolsonaro,0.490975949,2,bolsonaro,candidato,0.89,0.460674157,-0.030301792
10018,2022,2,Ideia Big Data,Exame,2022-06-22,2022-06-22,130,estimulada,votos totais,BR-02845/2022,,1500,3,3,25812,cenário 1 - estimulada - 2º turno,não sabe,N/A,1,nao_sabe,3,nao sabe,0.03,nao sabe,,2,nao sabe,nao_sabe,0.89,,
10083,2022,2,Ideia Big Data,Exame,2022-07-20,2022-07-20,102,estimulada,votos totais,BR-09608/2022,,1500,3,3,26060,cenário 1 - estimulada - 2º turno,Bolsonaro,PL,0,candidato,37,bolsonaro,0.37,jair messias bolsonaro,0.490975949,2,bolsonaro,candidato,0.84,0.44047619,-0.050499758
10083,2022,2,Ideia Big Data,Exame,2022-07-20,2022-07-20,102,estimulada,votos totais,BR-09608/2022,,1500,3,3,26060,cenário 1 - estimulada - 2º turno,brancos / nulos,N/A,1,branco_nulo,11,brancos nulos,0.11,brancos nulos,,2,brancos nulos,branco_nulo,0.84,,
10083,2022,2,Ideia Big Data,Exame,2022-07-20,2022-07-20,102,estimulada,votos totais,BR-09608/2022,,1500,3,3,26060,cenário 1 - estimulada - 2º turno,não sabe,N/A,1,nao_sabe,5,nao sabe,0.05,nao sabe,,2,nao sabe,nao_sabe,0.84,,
10083,2022,2,Ideia Big Data,Exame,2022-07-20,2022-07-20,102,estimulada,votos totais,BR-09608/2022,,1500,3,3,26060,cenário 1 - estimulada - 2º turno,Lula,PT,0,candidato,47,lula,0.47,luiz inacio lula da silva,0.509024051,2,lula,candidato,0.84,0.55952381,0.050499758
10339,2022,1,Ideia Big Data,Exame,2022-08-24,2022-08-24,39,estimulada,votos totais,BR-02405/2022,,1500,3,3,26700,cenário 1 - estimulada - 1º turno,Roberto Jefferson,PTB,0,candidato,0.1,roberto jefferson,0.001,roberto jefferson,,1,roberto jefferson,candidato,0.955,,
10339,2022,1,Ideia Big Data,Exame,2022-08-24,2022-08-24,39,estimulada,votos totais,BR-02405/2022,,1500,3,3,26700,cenário 1 - estimulada - 1º turno,Ciro,PDT,0,candidato,9,ciro,0.09,ciro ferreira gomes,0.030443166,1,ciro,candidato,0.955,0.094240838,0.063797671
10339,2022,1,Ideia Big Data,Exame,2022-08-24,2022-08-24,39,estimulada,votos totais,BR-02405/2022,,1500,3,3,26700,cenário 1 - estimulada - 1º turno,Vera Lúcia Salgado,PSTU,0,candidato,1,vera lucia salgado,0.01,vera lucia pereira da silva salgado,0.000216739,1,vera lucia salgado,candidato,0.955,0.010471204,0.010254465
10339,2022,1,Ideia Big Data,Exame,2022-08-24,2022-08-24,39,estimulada,votos totais,BR-02405/2022,,1500,3,3,26700,cenário 1 - estimulada - 1º turno,Simone Tebet,MDB,0,candidato,4,simone tebet,0.04,simone nassar tebet,0.04157519,1,simone tebet,candidato,0.955,0.041884817,0.000309627
10339,2022,1,Ideia Big Data,Exame,2022-08-24,2022-08-24,39,estimulada,votos totais,BR-02405/2022,,1500,3,3,26700,cenário 1 - estimulada - 1º turno,Lula,PT,0,candidato,44,lula,0.44,luiz inacio lula da silva,0.484307199,1,lula,candidato,0.955,0.460732984,-0.023574214
10339,2022,1,Ideia Big Data,Exame,2022-08-24,2022-08-24,39,estimulada,votos totais,BR-02405/2022,,1500,3,3,26700,cenário 1 - estimulada - 1º turno,Luiz Felipe d'Avila,NOVO,0,candidato,1,luiz felipe davila,0.01,luiz felipe chaves d avila,0.004734072,1,luiz felipe davila,candidato,0.955,0.010471204,0.005737132
10339,2022,1,Ideia Big Data,Exame,2022-08-24,2022-08-24,39,estimulada,votos totais,BR-02405/2022,,1500,3,3,26700,cenário 1 - estimulada - 1º turno,nenhum / brancos / nulos,N/A,1,branco_nulo,2,nenhum brancos nulos,0.02,nenhum brancos nulos,,1,nenhum brancos nulos,branco_nulo,0.955,,
10339,2022,1,Ideia Big Data,Exame,2022-08-24,2022-08-24,39,estimulada,votos totais,BR-02405/2022,,1500,3,3,26700,cenário 1 - estimulada - 1º turno,Leonardo Péricles,UP,0,candidato,0.2,leonardo pericles,0.002,leonardo pericles vieira roque,0.00045267,1,leonardo pericles,candidato,0.955,0.002094241,0.001641571
10339,2022,1,Ideia Big Data,Exame,2022-08-24,2022-08-24,39,estimulada,votos totais,BR-02405/2022,,1500,3,3,26700,cenário 1 - estimulada - 1º turno,Pablo Marçal,PROS,0,candidato,1,pablo marcal,0.01,pablo marcal,,1,pablo marcal,candidato,0.955,,
10339,2022,1,Ideia Big Data,Exame,2022-08-24,2022-08-24,39,estimulada,votos totais,BR-02405/2022,,1500,3,3,26700,cenário 1 - estimulada - 1º turno,Bolsonaro,PL,0,candidato,36,bolsonaro,0.36,jair messias bolsonaro,0.431975526,1,bolsonaro,candidato,0.955,0.376963351,-0.055012175
10339,2022,1,Ideia Big Data,Exame,2022-08-24,2022-08-24,39,estimulada,votos totais,BR-02405/2022,,1500,3,3,26700,cenário 1 - estimulada - 1º turno,não sabe,N/A,1,nao_sabe,3,nao sabe,0.03,nao sabe,,1,nao sabe,nao_sabe,0.955,,
10339,2022,1,Ideia Big Data,Exame,2022-08-24,2022-08-24,39,estimulada,votos totais,BR-02405/2022,,1500,3,3,26700,cenário 1 - estimulada - 1º turno,Soraya Thronicke,União Brasil,0,candidato,0.1,soraya thronicke,0.001,soraya vieira thronicke,0.005082944,1,soraya thronicke,candidato,0.955,0.00104712,-0.004035823
10339,2022,1,Ideia Big Data,Exame,2022-08-24,2022-08-24,39,estimulada,votos totais,BR-02405/2022,,1500,3,3,26700,cenário 1 - estimulada - 1º turno,Sofia Manzano,PCB,0,candidato,0.1,sofia manzano,0.001,sofia padua manzano,0.000385859,1,sofia manzano,candidato,0.955,0.00104712,0.000661261
10339,2022,1,Ideia Big Data,Exame,2022-08-24,2022-08-24,39,estimulada,votos totais,BR-02405/2022,,1500,3,3,26700,cenário 1 - estimulada - 1º turno,Eymael,DC,0,candidato,0.1,eymael,0.001,jose maria eymael,0.000140438,1,eymael,candidato,0.955,0.00104712,0.000906682
10339,2022,2,Ideia Big Data,Exame,2022-08-24,2022-08-24,67,estimulada,votos totais,BR-02405/2022,,1500,3,3,26701,cenário 1 - estimulada - 2º turno,nenhum / brancos / nulos,N/A,1,branco_nulo,7,nenhum brancos nulos,0.07,nenhum brancos nulos,,2,nenhum brancos nulos,branco_nulo,0.89,,
10339,2022,2,Ideia Big Data,Exame,2022-08-24,2022-08-24,67,estimulada,votos totais,BR-02405/2022,,1500,3,3,26701,cenário 1 - estimulada - 2º turno,Bolsonaro,PL,0,candidato,40,bolsonaro,0.4,jair messias bolsonaro,0.490975949,2,bolsonaro,candidato,0.89,0.449438202,-0.041537747
10339,2022,2,Ideia Big Data,Exame,2022-08-24,2022-08-24,67,estimulada,votos totais,BR-02405/2022,,1500,3,3,26701,cenário 1 - estimulada - 2º turno,não sabe,N/A,1,nao_sabe,4,nao sabe,0.04,nao sabe,,2,nao sabe,nao_sabe,0.89,,
10339,2022,2,Ideia Big Data,Exame,2022-08-24,2022-08-24,67,estimulada,votos totais,BR-02405/2022,,1500,3,3,26701,cenário 1 - estimulada - 2º turno,Lula,PT,0,candidato,49,lula,0.49,luiz inacio lula da silva,0.509024051,2,lula,candidato,0.89,0.550561798,0.041537747
10810,2022,1,Ideia Big Data,Exame,2022-09-28,2022-09-28,4,estimulada,votos totais,BR-09782/2022,,1500,3,3,27742,cenário 1 - estimulado - 1º turno,Sofia Manzano,PCB,0,candidato,0.1,sofia manzano,0.001,sofia padua manzano,0.000385859,1,sofia manzano,candidato,0.962,0.001039501,0.000653642
10810,2022,1,Ideia Big Data,Exame,2022-09-28,2022-09-28,4,estimulada,votos totais,BR-09782/2022,,1500,3,3,27742,cenário 1 - estimulado - 1º turno,Padre Kelmon,PTB,0,candidato,0.1,padre kelmon,0.001,kelmon luis da silva souza,0.000686198,1,padre kelmon,candidato,0.962,0.001039501,0.000353303
10810,2022,1,Ideia Big Data,Exame,2022-09-28,2022-09-28,4,estimulada,votos totais,BR-09782/2022,,1500,3,3,27742,cenário 1 - estimulado - 1º turno,Lula,PT,0,candidato,47,lula,0.47,luiz inacio lula da silva,0.484307199,1,lula,candidato,0.962,0.488565489,0.00425829
10810,2022,1,Ideia Big Data,Exame,2022-09-28,2022-09-28,4,estimulada,votos totais,BR-09782/2022,,1500,3,3,27742,cenário 1 - estimulado - 1º turno,Leonardo Péricles,UP,0,candidato,0.1,leonardo pericles,0.001,leonardo pericles vieira roque,0.00045267,1,leonardo pericles,candidato,0.962,0.001039501,0.000586831
10810,2022,1,Ideia Big Data,Exame,2022-09-28,2022-09-28,4,estimulada,votos totais,BR-09782/2022,,1500,3,3,27742,cenário 1 - estimulado - 1º turno,nenhum / brancos / nulos,N/A,1,branco_nulo,1,nenhum brancos nulos,0.01,nenhum brancos nulos,,1,nenhum brancos nulos,branco_nulo,0.962,,
10810,2022,1,Ideia Big Data,Exame,2022-09-28,2022-09-28,4,estimulada,votos totais,BR-09782/2022,,1500,3,3,27742,cenário 1 - estimulado - 1º turno,Luiz Felipe d'Avila,NOVO,0,candidato,0.4,luiz felipe davila,0.004,luiz felipe chaves d avila,0.004734072,1,luiz felipe davila,candidato,0.962,0.004158004,-0.000576068
10810,2022,1,Ideia Big Data,Exame,2022-09-28,2022-09-28,4,estimulada,votos totais,BR-09782/2022,,1500,3,3,27742,cenário 1 - estimulado - 1º turno,Bolsonaro,PL,0,candidato,37,bolsonaro,0.37,jair messias bolsonaro,0.431975526,1,bolsonaro,candidato,0.962,0.384615385,-0.047360141
10810,2022,1,Ideia Big Data,Exame,2022-09-28,2022-09-28,4,estimulada,votos totais,BR-09782/2022,,1500,3,3,27742,cenário 1 - estimulado - 1º turno,Simone Tebet,MDB,0,candidato,5,simone tebet,0.05,simone nassar tebet,0.04157519,1,simone tebet,candidato,0.962,0.051975052,0.010399862
10810,2022,1,Ideia Big Data,Exame,2022-09-28,2022-09-28,4,estimulada,votos totais,BR-09782/2022,,1500,3,3,27742,cenário 1 - estimulado - 1º turno,não sabe,N/A,1,nao_sabe,3,nao sabe,0.03,nao sabe,,1,nao sabe,nao_sabe,0.962,,
10810,2022,1,Ideia Big Data,Exame,2022-09-28,2022-09-28,4,estimulada,votos totais,BR-09782/2022,,1500,3,3,27742,cenário 1 - estimulado - 1º turno,Ciro,PDT,0,candidato,6,ciro,0.06,ciro ferreira gomes,0.030443166,1,ciro,candidato,0.962,0.062370062,0.031926896
10810,2022,1,Ideia Big Data,Exame,2022-09-28,2022-09-28,4,estimulada,votos totais,BR-09782/2022,,1500,3,3,27742,cenário 1 - estimulado - 1º turno,Vera Lúcia Salgado,PSTU,0,candidato,0.2,vera lucia salgado,0.002,vera lucia pereira da silva salgado,0.000216739,1,vera lucia salgado,candidato,0.962,0.002079002,0.001862263
10810,2022,1,Ideia Big Data,Exame,2022-09-28,2022-09-28,4,estimulada,votos totais,BR-09782/2022,,1500,3,3,27742,cenário 1 - estimulado - 1º turno,Soraya Thronicke,União Brasil,0,candidato,0.2,soraya thronicke,0.002,soraya vieira thronicke,0.005082944,1,soraya thronicke,candidato,0.962,0.002079002,-0.003003942
10810,2022,1,Ideia Big Data,Exame,2022-09-28,2022-09-28,4,estimulada,votos totais,BR-09782/2022,,1500,3,3,27742,cenário 1 - estimulado - 1º turno,Eymael,DC,0,candidato,0.1,eymael,0.001,jose maria eymael,0.000140438,1,eymael,candidato,0.962,0.001039501,0.000899063
10810,2022,2,Ideia Big Data,Exame,2022-09-28,2022-09-28,32,estimulada,votos totais,BR-09782/2022,,1500,3,3,27743,cenário 1 - estimulado - 2º turno,Lula,PT,0,candidato,52,lula,0.52,luiz inacio lula da silva,0.509024051,2,lula,candidato,0.93,0.559139785,0.050115734
10810,2022,2,Ideia Big Data,Exame,2022-09-28,2022-09-28,32,estimulada,votos totais,BR-09782/2022,,1500,3,3,27743,cenário 1 - estimulado - 2º turno,nenhum / brancos / nulos,N/A,1,branco_nulo,4,nenhum brancos nulos,0.04,nenhum brancos nulos,,2,nenhum brancos nulos,branco_nulo,0.93,,
10810,2022,2,Ideia Big Data,Exame,2022-09-28,2022-09-28,32,estimulada,votos totais,BR-09782/2022,,1500,3,3,27743,cenário 1 - estimulado - 2º turno,Bolsonaro,PL,0,candidato,41,bolsonaro,0.41,jair messias bolsonaro,0.490975949,2,bolsonaro,candidato,0.93,0.440860215,-0.050115734
10810,2022,2,Ideia Big Data,Exame,2022-09-28,2022-09-28,32,estimulada,votos totais,BR-09782/2022,,1500,3,3,27743,cenário 1 - estimulado - 2º turno,não sabem / não responderam,N/A,1,nao_sabe,3,nao sabem nao responderam,0.03,nao sabem nao responderam,,2,nao sabem nao responderam,nao_sabe,0.93,,
11097,2022,2,Ideia Big Data,Ideia,2022-10-19,2022-10-19,11,estimulada,votos totais,BR-00053/2022,,1500,3,3,28229,cenário 1 - estimulado - 2º turno,não sabe,N/A,1,nao_sabe,2,nao sabe,0.02,nao sabe,,2,nao sabe,nao_sabe,0.96,,
11097,2022,2,Ideia Big Data,Ideia,2022-10-19,2022-10-19,11,estimulada,votos totais,BR-00053/2022,,1500,3,3,28229,cenário 1 - estimulado - 2º turno,Lula,PT,0,candidato,50,lula,0.5,luiz inacio lula da silva,0.509024051,2,lula,candidato,0.96,0.520833333,0.011809282
11097,2022,2,Ideia Big Data,Ideia,2022-10-19,2022-10-19,11,estimulada,votos totais,BR-00053/2022,,1500,3,3,28229,cenário 1 - estimulado - 2º turno,Bolsonaro,PL,0,candidato,46,bolsonaro,0.46,jair messias bolsonaro,0.490975949,2,bolsonaro,candidato,0.96,0.479166667,-0.011809282
11097,2022,2,Ideia Big Data,Ideia,2022-10-19,2022-10-19,11,estimulada,votos totais,BR-00053/2022,,1500,3,3,28229,cenário 1 - estimulado - 2º turno,brancos / nulos,N/A,1,branco_nulo,2,brancos nulos,0.02,brancos nulos,,2,brancos nulos,branco_nulo,0.96,,
9768,2022,2,PoderData,,2021-12-21,2021-12-21,313,estimulada,votos totais,,,3000,2,2,24693,cenário 1 - estimulado - 2º turno,Bolsonaro,PL,0,candidato,34,bolsonaro,0.34,jair messias bolsonaro,0.490975949,2,bolsonaro,candidato,0.88,0.386363636,-0.104612312
9768,2022,2,PoderData,,2021-12-21,2021-12-21,313,estimulada,votos totais,,,3000,2,2,24693,cenário 1 - estimulado - 2º turno,brancos / nulos,N/A,1,branco_nulo,8,brancos nulos,0.08,brancos nulos,,2,brancos nulos,branco_nulo,0.88,,
9768,2022,2,PoderData,,2021-12-21,2021-12-21,313,estimulada,votos totais,,,3000,2,2,24693,cenário 1 - estimulado - 2º turno,Lula,PT,0,candidato,54,lula,0.54,luiz inacio lula da silva,0.509024051,2,lula,candidato,0.88,0.613636364,0.104612312
9768,2022,2,PoderData,,2021-12-21,2021-12-21,313,estimulada,votos totais,,,3000,2,2,24693,cenário 1 - estimulado - 2º turno,não sabe,N/A,1,nao_sabe,3,nao sabe,0.03,nao sabe,,2,nao sabe,nao_sabe,0.88,,
9798,2022,2,PoderData,PoderData,2022-03-01,2022-02-27,245,estimulada,votos totais,BR-01570/2022,,3000,2,2,24864,cenário 1 - estimulado - 2º turno,Lula,PT,0,candidato,51,lula,0.51,luiz inacio lula da silva,0.509024051,2,lula,candidato,0.88,0.579545455,0.070521403
9798,2022,2,PoderData,PoderData,2022-03-01,2022-02-27,245,estimulada,votos totais,BR-01570/2022,,3000,2,2,24864,cenário 1 - estimulado - 2º turno,Bolsonaro,PL,0,candidato,37,bolsonaro,0.37,jair messias bolsonaro,0.490975949,2,bolsonaro,candidato,0.88,0.420454545,-0.070521403
9798,2022,2,PoderData,PoderData,2022-03-01,2022-02-27,245,estimulada,votos totais,BR-01570/2022,,3000,2,2,24864,cenário 1 - estimulado - 2º turno,não sabe,N/A,1,nao_sabe,1,nao sabe,0.01,nao sabe,,2,nao sabe,nao_sabe,0.88,,
9798,2022,2,PoderData,PoderData,2022-03-01,2022-02-27,245,estimulada,votos totais,BR-01570/2022,,3000,2,2,24864,cenário 1 - estimulado - 2º turno,brancos / nulos,N/A,1,branco_nulo,10,brancos nulos,0.1,brancos nulos,,2,brancos nulos,branco_nulo,0.88,,
9825,2022,2,Ranking,Instituto Ranking,2022-03-12,2022-03-12,232,estimulada,votos totais,BR-04724/2022,,3000,1.8,1.8,24969,cenário 9 - estimulado - 2º turno,Bolsonaro,PL,0,candidato,38.3,bolsonaro,0.383,jair messias bolsonaro,0.490975949,2,bolsonaro,candidato,0.833,0.459783914,-0.031192035
9825,2022,2,Ranking,Instituto Ranking,2022-03-12,2022-03-12,232,estimulada,votos totais,BR-04724/2022,,3000,1.8,1.8,24969,cenário 9 - estimulado - 2º turno,não sabem / não responderam,N/A,1,nao_sabe,7,nao sabem nao responderam,0.07,nao sabem nao responderam,,2,nao sabem nao responderam,nao_sabe,0.833,,
9825,2022,2,Ranking,Instituto Ranking,2022-03-12,2022-03-12,232,estimulada,votos totais,BR-04724/2022,,3000,1.8,1.8,24969,cenário 9 - estimulado - 2º turno,Lula,PT,0,candidato,45,lula,0.45,luiz inacio lula da silva,0.509024051,2,lula,candidato,0.833,0.540216086,0.031192035
9825,2022,2,Ranking,Instituto Ranking,2022-03-12,2022-03-12,232,estimulada,votos totais,BR-04724/2022,,3000,1.8,1.8,24969,cenário 9 - estimulado - 2º turno,branco / nulo / indeciso,N/A,1,nao_sabe,9.7,branco nulo indeciso,0.097,branco nulo indeciso,,2,branco nulo indeciso,branco_nulo,0.833,,
9826,2022,2,PoderData,PoderData,2022-03-15,2022-03-15,229,estimulada,votos totais,BR-00835/2022,,3000,2,2,24971,cenário 1 - estimulado - 2º turno,Bolsonaro,PL,0,candidato,36,bolsonaro,0.36,jair messias bolsonaro,0.490975949,2,bolsonaro,candidato,0.86,0.418604651,-0.072371298
9826,2022,2,PoderData,PoderData,2022-03-15,2022-03-15,229,estimulada,votos totais,BR-00835/2022,,3000,2,2,24971,cenário 1 - estimulado - 2º turno,não sabe,N/A,1,nao_sabe,2,nao sabe,0.02,nao sabe,,2,nao sabe,nao_sabe,0.86,,
9826,2022,2,PoderData,PoderData,2022-03-15,2022-03-15,229,estimulada,votos totais,BR-00835/2022,,3000,2,2,24971,cenário 1 - estimulado - 2º turno,brancos / nulos,N/A,1,branco_nulo,12,brancos nulos,0.12,brancos nulos,,2,brancos nulos,branco_nulo,0.86,,
9826,2022,2,PoderData,PoderData,2022-03-15,2022-03-15,229,estimulada,votos totais,BR-00835/2022,,3000,2,2,24971,cenário 1 - estimulado - 2º turno,Lula,PT,0,candidato,50,lula,0.5,luiz inacio lula da silva,0.509024051,2,lula,candidato,0.86,0.581395349,0.072371298
9855,2022,2,PoderData,PoderData,2022-03-29,2022-03-29,215,estimulada,votos totais,BR-06661/2022,,3000,2,2,25120,cenário 1 - estimulado - 2º turno,brancos / nulos,N/A,1,branco_nulo,9,brancos nulos,0.09,brancos nulos,,2,brancos nulos,branco_nulo,0.88,,
9855,2022,2,PoderData,PoderData,2022-03-29,2022-03-29,215,estimulada,votos totais,BR-06661/2022,,3000,2,2,25120,cenário 1 - estimulado - 2º turno,não sabem / não responderam,N/A,1,nao_sabe,3,nao sabem nao responderam,0.03,nao sabem nao responderam,,2,nao sabem nao responderam,nao_sabe,0.88,,
9855,2022,2,PoderData,PoderData,2022-03-29,2022-03-29,215,estimulada,votos totais,BR-06661/2022,,3000,2,2,25120,cenário 1 - estimulado - 2º turno,Lula,PT,0,candidato,50,lula,0.5,luiz inacio lula da silva,0.509024051,2,lula,candidato,0.88,0.568181818,0.059157767
9855,2022,2,PoderData,PoderData,2022-03-29,2022-03-29,215,estimulada,votos totais,BR-06661/2022,,3000,2,2,25120,cenário 1 - estimulado - 2º turno,Bolsonaro,PL,0,candidato,38,bolsonaro,0.38,jair messias bolsonaro,0.490975949,2,bolsonaro,candidato,0.88,0.431818182,-0.059157767
9866,2022,2,PoderData,PoderData,2022-04-12,2022-04-12,201,estimulada,votos totais,BR-00368/2022,,3000,2,2,25176,cenário 1 - estimulado - 2º turno,brancos / nulos,N/A,1,branco_nulo,11,brancos nulos,0.11,brancos nulos,,2,brancos nulos,branco_nulo,0.85,,
9866,2022,2,PoderData,PoderData,2022-04-12,2022-04-12,201,estimulada,votos totais,BR-00368/2022,,3000,2,2,25176,cenário 1 - estimulado - 2º turno,Bolsonaro,PL,0,candidato,38,bolsonaro,0.38,jair messias bolsonaro,0.490975949,2,bolsonaro,candidato,0.85,0.447058824,-0.043917125
9866,2022,2,PoderData,PoderData,2022-04-12,2022-04-12,201,estimulada,votos totais,BR-00368/2022,,3000,2,2,25176,cenário 1 - estimulado - 2º turno,Lula,PT,0,candidato,47,lula,0.47,luiz inacio lula da silva,0.509024051,2,lula,candidato,0.85,0.552941176,0.043917125
9866,2022,2,PoderData,PoderData,2022-04-12,2022-04-12,201,estimulada,votos totais,BR-00368/2022,,3000,2,2,25176,cenário 1 - estimulado - 2º turno,não sabe,N/A,1,nao_sabe,4,nao sabe,0.04,nao sabe,,2,nao sabe,nao_sabe,0.85,,
9898,2022,2,PoderData,PoderData,2022-04-26,2022-04-26,187,estimulada,votos totais,BR-07167/2022,,3000,2,2,25348,cenário 1 - estimulada - 2º turno,brancos / nulos,N/A,1,branco_nulo,10,brancos nulos,0.1,brancos nulos,,2,brancos nulos,branco_nulo,0.87,,
9898,2022,2,PoderData,PoderData,2022-04-26,2022-04-26,187,estimulada,votos totais,BR-07167/2022,,3000,2,2,25348,cenário 1 - estimulada - 2º turno,Bolsonaro,PL,0,candidato,39,bolsonaro,0.39,jair messias bolsonaro,0.490975949,2,bolsonaro,candidato,0.87,0.448275862,-0.042700087
9898,2022,2,PoderData,PoderData,2022-04-26,2022-04-26,187,estimulada,votos totais,BR-07167/2022,,3000,2,2,25348,cenário 1 - estimulada - 2º turno,Lula,PT,0,candidato,48,lula,0.48,luiz inacio lula da silva,0.509024051,2,lula,candidato,0.87,0.551724138,0.042700087
9898,2022,2,PoderData,PoderData,2022-04-26,2022-04-26,187,estimulada,votos totais,BR-07167/2022,,3000,2,2,25348,cenário 1 - estimulada - 2º turno,não sabe,N/A,1,nao_sabe,3,nao sabe,0.03,nao sabe,,2,nao sabe,nao_sabe,0.87,,
9932,2022,2,PoderData,PoderData,2022-05-10,2022-05-10,173,estimulada,votos totais,BR-08423/2022,,3000,2,2,25477,cenário 1 - estimulada - 2º turno,não sabe,N/A,1,nao_sabe,4,nao sabe,0.04,nao sabe,,2,nao sabe,nao_sabe,0.87,,
9932,2022,2,PoderData,PoderData,2022-05-10,2022-05-10,173,estimulada,votos totais,BR-08423/2022,,3000,2,2,25477,cenário 1 - estimulada - 2º turno,brancos / nulos,N/A,1,branco_nulo,9,brancos nulos,0.09,brancos nulos,,2,brancos nulos,branco_nulo,0.87,,
9932,2022,2,PoderData,PoderData,2022-05-10,2022-05-10,173,estimulada,votos totais,BR-08423/2022,,3000,2,2,25477,cenário 1 - estimulada - 2º turno,Bolsonaro,PL,0,candidato,38,bolsonaro,0.38,jair messias bolsonaro,0.490975949,2,bolsonaro,candidato,0.87,0.436781609,-0.05419434
9932,2022,2,PoderData,PoderData,2022-05-10,2022-05-10,173,estimulada,votos totais,BR-08423/2022,,3000,2,2,25477,cenário 1 - estimulada - 2º turno,Lula,PT,0,candidato,49,lula,0.49,luiz inacio lula da silva,0.509024051,2,lula,candidato,0.87,0.563218391,0.05419434
9947,2022,2,Ranking,Instituto Ranking,2022-05-14,2022-05-14,169,estimulada,votos totais,BR-06764/2022,,3000,1.8,1.8,25551,cenário 5 - estimulada - 2º turno,branco / nulo / indeciso / nenhum / não sabe / não respondeu,N/A,1,nao_sabe,15,branco nulo indeciso nenhum nao sabe nao respondeu,0.15,branco nulo indeciso nenhum nao sabe nao respondeu,,2,branco nulo indeciso nenhum nao sabe nao respondeu,nao_sabe,0.85,,
9947,2022,2,Ranking,Instituto Ranking,2022-05-14,2022-05-14,169,estimulada,votos totais,BR-06764/2022,,3000,1.8,1.8,25551,cenário 5 - estimulada - 2º turno,Lula,PT,0,candidato,45,lula,0.45,luiz inacio lula da silva,0.509024051,2,lula,candidato,0.85,0.529411765,0.020387714
9947,2022,2,Ranking,Instituto Ranking,2022-05-14,2022-05-14,169,estimulada,votos totais,BR-06764/2022,,3000,1.8,1.8,25551,cenário 5 - estimulada - 2º turno,Bolsonaro,PL,0,candidato,40,bolsonaro,0.4,jair messias bolsonaro,0.490975949,2,bolsonaro,candidato,0.85,0.470588235,-0.020387714
9953,2022,2,PoderData,PoderData,2022-05-24,2022-05-24,159,estimulada,votos totais,BR-05638/2022,,3000,2,2,25573,cenário 1 - estimulado - 2º turno,Bolsonaro,PL,0,candidato,39,bolsonaro,0.39,jair messias bolsonaro,0.490975949,2,bolsonaro,candidato,0.89,0.438202247,-0.052773702
9953,2022,2,PoderData,PoderData,2022-05-24,2022-05-24,159,estimulada,votos totais,BR-05638/2022,,3000,2,2,25573,cenário 1 - estimulado - 2º turno,Lula,PT,0,candidato,50,lula,0.5,luiz inacio lula da silva,0.509024051,2,lula,candidato,0.89,0.561797753,0.052773702
9953,2022,2,PoderData,PoderData,2022-05-24,2022-05-24,159,estimulada,votos totais,BR-05638/2022,,3000,2,2,25573,cenário 1 - estimulado - 2º turno,brancos / nulos,N/A,1,branco_nulo,9,brancos nulos,0.09,brancos nulos,,2,brancos nulos,branco_nulo,0.89,,
9953,2022,2,PoderData,PoderData,2022-05-24,2022-05-24,159,estimulada,votos totais,BR-05638/2022,,3000,2,2,25573,cenário 1 - estimulado - 2º turno,não sabe,N/A,1,nao_sabe,2,nao sabe,0.02,nao sabe,,2,nao sabe,nao_sabe,0.89,,
9991,2022,2,PoderData,PoderData,2022-06-07,2022-06-07,145,estimulada,votos totais,BR-01975/2022,,3000,2,2,25720,cenário 1 - estimulada - 2º turno,brancos / nulos,N/A,1,branco_nulo,9,brancos nulos,0.09,brancos nulos,,2,brancos nulos,branco_nulo,0.9,,
9991,2022,2,PoderData,PoderData,2022-06-07,2022-06-07,145,estimulada,votos totais,BR-01975/2022,,3000,2,2,25720,cenário 1 - estimulada - 2º turno,Lula,PT,0,candidato,50,lula,0.5,luiz inacio lula da silva,0.509024051,2,lula,candidato,0.9,0.555555556,0.046531504
9991,2022,2,PoderData,PoderData,2022-06-07,2022-06-07,145,estimulada,votos totais,BR-01975/2022,,3000,2,2,25720,cenário 1 - estimulada - 2º turno,Bolsonaro,PL,0,candidato,40,bolsonaro,0.4,jair messias bolsonaro,0.490975949,2,bolsonaro,candidato,0.9,0.444444444,-0.046531504
9991,2022,2,PoderData,PoderData,2022-06-07,2022-06-07,145,estimulada,votos totais,BR-01975/2022,,3000,2,2,25720,cenário 1 - estimulada - 2º turno,não sabe,N/A,1,nao_sabe,1,nao sabe,0.01,nao sabe,,2,nao sabe,nao_sabe,0.9,,
10017,2022,2,PoderData,PoderData,2022-06-21,2022-06-21,131,estimulada,votos totais,BR-07003/2022,,3000,2,2,25809,cenário 1 - estimulada - 2º turno,brancos / nulos,N/A,1,branco_nulo,8,brancos nulos,0.08,brancos nulos,,2,brancos nulos,branco_nulo,0.87,,
10017,2022,2,PoderData,PoderData,2022-06-21,2022-06-21,131,estimulada,votos totais,BR-07003/2022,,3000,2,2,25809,cenário 1 - estimulada - 2º turno,Lula,PT,0,candidato,52,lula,0.52,luiz inacio lula da silva,0.509024051,2,lula,candidato,0.87,0.597701149,0.088677098
10017,2022,2,PoderData,PoderData,2022-06-21,2022-06-21,131,estimulada,votos totais,BR-07003/2022,,3000,2,2,25809,cenário 1 - estimulada - 2º turno,não sabe,N/A,1,nao_sabe,5,nao sabe,0.05,nao sabe,,2,nao sabe,nao_sabe,0.87,,
10017,2022,2,PoderData,PoderData,2022-06-21,2022-06-21,131,estimulada,votos totais,BR-07003/2022,,3000,2,2,25809,cenário 1 - estimulada - 2º turno,Bolsonaro,PL,0,candidato,35,bolsonaro,0.35,jair messias bolsonaro,0.490975949,2,bolsonaro,candidato,0.87,0.402298851,-0.088677098
10034,2022,2,PoderData,PoderData,2022-07-05,2022-07-05,117,estimulada,votos totais,BR-06550/2022,,3000,2,2,25883,cenário 1 - estimulada - 2º turno,Bolsonaro,PL,0,candidato,38,bolsonaro,0.38,jair messias bolsonaro,0.490975949,2,bolsonaro,candidato,0.88,0.431818182,-0.059157767
10034,2022,2,PoderData,PoderData,2022-07-05,2022-07-05,117,estimulada,votos totais,BR-06550/2022,,3000,2,2,25883,cenário 1 - estimulada - 2º turno,não sabem / não responderam,N/A,1,nao_sabe,2,nao sabem nao responderam,0.02,nao sabem nao responderam,,2,nao sabem nao responderam,nao_sabe,0.88,,
10034,2022,2,PoderData,PoderData,2022-07-05,2022-07-05,117,estimulada,votos totais,BR-06550/2022,,3000,2,2,25883,cenário 1 - estimulada - 2º turno,Lula,PT,0,candidato,50,lula,0.5,luiz inacio lula da silva,0.509024051,2,lula,candidato,0.88,0.568181818,0.059157767
10034,2022,2,PoderData,PoderData,2022-07-05,2022-07-05,117,estimulada,votos totais,BR-06550/2022,,3000,2,2,25883,cenário 1 - estimulada - 2º turno,brancos / nulos,N/A,1,branco_nulo,10,brancos nulos,0.1,brancos nulos,,2,brancos nulos,branco_nulo,0.88,,
10080,2022,2,PoderData,PoderData,2022-07-19,2022-07-19,103,estimulada,votos totais,BR-07122/2022,,3000,2,2,26054,cenário 1 - estimulada - 2º turno,Lula,PT,0,candidato,51,lula,0.51,luiz inacio lula da silva,0.509024051,2,lula,candidato,0.89,0.573033708,0.064009657
10080,2022,2,PoderData,PoderData,2022-07-19,2022-07-19,103,estimulada,votos totais,BR-07122/2022,,3000,2,2,26054,cenário 1 - estimulada - 2º turno,não sabe,N/A,1,nao_sabe,3,nao sabe,0.03,nao sabe,,2,nao sabe,nao_sabe,0.89,,
10080,2022,2,PoderData,PoderData,2022-07-19,2022-07-19,103,estimulada,votos totais,BR-07122/2022,,3000,2,2,26054,cenário 1 - estimulada - 2º turno,Bolsonaro,PL,0,candidato,38,bolsonaro,0.38,jair messias bolsonaro,0.490975949,2,bolsonaro,candidato,0.89,0.426966292,-0.064009657
10080,2022,2,PoderData,PoderData,2022-07-19,2022-07-19,103,estimulada,votos totais,BR-07122/2022,,3000,2,2,26054,cenário 1 - estimulada - 2º turno,brancos / nulos,N/A,1,branco_nulo,9,brancos nulos,0.09,brancos nulos,,2,brancos nulos,branco_nulo,0.89,,
10271,2022,1,Datafolha,Folha de S. Paulo e Grupo Globo,2022-08-18,2022-08-18,45,estimulada,votos totais,BR-09404/2022,,5744,2,2,26540,cenário 1 - estimulada - 1º turno,Sofia Manzano,PCB,0,candidato,0,sofia manzano,0,sofia padua manzano,0.000385859,1,sofia manzano,candidato,0.89,0,-0.000385859
10271,2022,1,Datafolha,Folha de S. Paulo e Grupo Globo,2022-08-18,2022-08-18,45,estimulada,votos totais,BR-09404/2022,,5744,2,2,26540,cenário 1 - estimulada - 1º turno,não sabe,N/A,1,nao_sabe,2,nao sabe,0.02,nao sabe,,1,nao sabe,nao_sabe,0.89,,
10271,2022,1,Datafolha,Folha de S. Paulo e Grupo Globo,2022-08-18,2022-08-18,45,estimulada,votos totais,BR-09404/2022,,5744,2,2,26540,cenário 1 - estimulada - 1º turno,Ciro,PDT,0,candidato,7,ciro,0.07,ciro ferreira gomes,0.030443166,1,ciro,candidato,0.89,0.078651685,0.048208519
10271,2022,1,Datafolha,Folha de S. Paulo e Grupo Globo,2022-08-18,2022-08-18,45,estimulada,votos totais,BR-09404/2022,,5744,2,2,26540,cenário 1 - estimulada - 1º turno,Soraya Thronicke,União Brasil,0,candidato,0,soraya thronicke,0,soraya vieira thronicke,0.005082944,1,soraya thronicke,candidato,0.89,0,-0.005082944
10271,2022,1,Datafolha,Folha de S. Paulo e Grupo Globo,2022-08-18,2022-08-18,45,estimulada,votos totais,BR-09404/2022,,5744,2,2,26540,cenário 1 - estimulada - 1º turno,Leonardo Péricles,UP,0,candidato,0,leonardo pericles,0,leonardo pericles vieira roque,0.00045267,1,leonardo pericles,candidato,0.89,0,-0.00045267
10271,2022,1,Datafolha,Folha de S. Paulo e Grupo Globo,2022-08-18,2022-08-18,45,estimulada,votos totais,BR-09404/2022,,5744,2,2,26540,cenário 1 - estimulada - 1º turno,Bolsonaro,PL,0,candidato,32,bolsonaro,0.32,jair messias bolsonaro,0.431975526,1,bolsonaro,candidato,0.89,0.359550562,-0.072424964
10271,2022,1,Datafolha,Folha de S. Paulo e Grupo Globo,2022-08-18,2022-08-18,45,estimulada,votos totais,BR-09404/2022,,5744,2,2,26540,cenário 1 - estimulada - 1º turno,nenhum / brancos / nulos,N/A,1,branco_nulo,6,nenhum brancos nulos,0.06,nenhum brancos nulos,,1,nenhum brancos nulos,branco_nulo,0.89,,
10271,2022,1,Datafolha,Folha de S. Paulo e Grupo Globo,2022-08-18,2022-08-18,45,estimulada,votos totais,BR-09404/2022,,5744,2,2,26540,cenário 1 - estimulada - 1º turno,Lula,PT,0,candidato,47,lula,0.47,luiz inacio lula da silva,0.484307199,1,lula,candidato,0.89,0.528089888,0.043782689
10271,2022,1,Datafolha,Folha de S. Paulo e Grupo Globo,2022-08-18,2022-08-18,45,estimulada,votos totais,BR-09404/2022,,5744,2,2,26540,cenário 1 - estimulada - 1º turno,Pablo Marçal,PROS,0,candidato,0,pablo marcal,0,pablo marcal,,1,pablo marcal,candidato,0.89,,
10271,2022,1,Datafolha,Folha de S. Paulo e Grupo Globo,2022-08-18,2022-08-18,45,estimulada,votos totais,BR-09404/2022,,5744,2,2,26540,cenário 1 - estimulada - 1º turno,Simone Tebet,MDB,0,candidato,2,simone tebet,0.02,simone nassar tebet,0.04157519,1,simone tebet,candidato,0.89,0.02247191,-0.01910328
10271,2022,1,Datafolha,Folha de S. Paulo e Grupo Globo,2022-08-18,2022-08-18,45,estimulada,votos totais,BR-09404/2022,,5744,2,2,26540,cenário 1 - estimulada - 1º turno,Vera Lúcia Salgado,PSTU,0,candidato,1,vera lucia salgado,0.01,vera lucia pereira da silva salgado,0.000216739,1,vera lucia salgado,candidato,0.89,0.011235955,0.011019216
10271,2022,1,Datafolha,Folha de S. Paulo e Grupo Globo,2022-08-18,2022-08-18,45,estimulada,votos totais,BR-09404/2022,,5744,2,2,26540,cenário 1 - estimulada - 1º turno,Roberto Jefferson,PTB,0,candidato,0,roberto jefferson,0,roberto jefferson,,1,roberto jefferson,candidato,0.89,,
10271,2022,1,Datafolha,Folha de S. Paulo e Grupo Globo,2022-08-18,2022-08-18,45,estimulada,votos totais,BR-09404/2022,,5744,2,2,26540,cenário 1 - estimulada - 1º turno,Luiz Felipe d'Avila,NOVO,0,candidato,0,luiz felipe davila,0,luiz felipe chaves d avila,0.004734072,1,luiz felipe davila,candidato,0.89,0,-0.004734072
10271,2022,1,Datafolha,Folha de S. Paulo e Grupo Globo,2022-08-18,2022-08-18,45,estimulada,votos totais,BR-09404/2022,,5744,2,2,26540,cenário 1 - estimulada - 1º turno,Eymael,DC,0,candidato,0,eymael,0,jose maria eymael,0.000140438,1,eymael,candidato,0.89,0,-0.000140438
10271,2022,2,Datafolha,Folha de S. Paulo e Grupo Globo,2022-08-18,2022-08-18,73,estimulada,votos totais,BR-09404/2022,,5744,2,2,26541,cenário 1 - estimulada - 2º turno,nenhum / brancos / nulos,N/A,1,branco_nulo,8,nenhum brancos nulos,0.08,nenhum brancos nulos,,2,nenhum brancos nulos,branco_nulo,0.91,,
10271,2022,2,Datafolha,Folha de S. Paulo e Grupo Globo,2022-08-18,2022-08-18,73,estimulada,votos totais,BR-09404/2022,,5744,2,2,26541,cenário 1 - estimulada - 2º turno,Lula,PT,0,candidato,54,lula,0.54,luiz inacio lula da silva,0.509024051,2,lula,candidato,0.91,0.593406593,0.084382542
10271,2022,2,Datafolha,Folha de S. Paulo e Grupo Globo,2022-08-18,2022-08-18,73,estimulada,votos totais,BR-09404/2022,,5744,2,2,26541,cenário 1 - estimulada - 2º turno,não sabe,N/A,1,nao_sabe,2,nao sabe,0.02,nao sabe,,2,nao sabe,nao_sabe,0.91,,
10271,2022,2,Datafolha,Folha de S. Paulo e Grupo Globo,2022-08-18,2022-08-18,73,estimulada,votos totais,BR-09404/2022,,5744,2,2,26541,cenário 1 - estimulada - 2º turno,Bolsonaro,PL,0,candidato,37,bolsonaro,0.37,jair messias bolsonaro,0.490975949,2,bolsonaro,candidato,0.91,0.406593407,-0.084382542
10811,2022,1,Equilíbrio Brasil,Multi Mercado,2022-09-22,2022-09-22,10,estimulada,votos totais,BR-02018/2022,,11500,3,3,27748,cenário 1 - estimulado - 1º turno,Outros,N/A,1,outros,1,outros,0.01,outros,,1,outros,candidato,0.95,,
10811,2022,1,Equilíbrio Brasil,Multi Mercado,2022-09-22,2022-09-22,10,estimulada,votos totais,BR-02018/2022,,11500,3,3,27748,cenário 1 - estimulado - 1º turno,Ciro,PDT,0,candidato,5,ciro,0.05,ciro ferreira gomes,0.030443166,1,ciro,candidato,0.95,0.052631579,0.022188413
10811,2022,1,Equilíbrio Brasil,Multi Mercado,2022-09-22,2022-09-22,10,estimulada,votos totais,BR-02018/2022,,11500,3,3,27748,cenário 1 - estimulado - 1º turno,Lula,PT,0,candidato,39,lula,0.39,luiz inacio lula da silva,0.484307199,1,lula,candidato,0.95,0.410526316,-0.073780883
10811,2022,1,Equilíbrio Brasil,Multi Mercado,2022-09-22,2022-09-22,10,estimulada,votos totais,BR-02018/2022,,11500,3,3,27748,cenário 1 - estimulado - 1º turno,branco / nulo / não sabe / não respondeu,N/A,1,nao_sabe,4,branco nulo nao sabe nao respondeu,0.04,branco nulo nao sabe nao respondeu,,1,branco nulo nao sabe nao respondeu,nao_sabe,0.95,,
10811,2022,1,Equilíbrio Brasil,Multi Mercado,2022-09-22,2022-09-22,10,estimulada,votos totais,BR-02018/2022,,11500,3,3,27748,cenário 1 - estimulado - 1º turno,Simone Tebet,MDB,0,candidato,4,simone tebet,0.04,simone nassar tebet,0.04157519,1,simone tebet,candidato,0.95,0.042105263,0.000530073
10811,2022,1,Equilíbrio Brasil,Multi Mercado,2022-09-22,2022-09-22,10,estimulada,votos totais,BR-02018/2022,,11500,3,3,27748,cenário 1 - estimulado - 1º turno,Luiz Felipe d'Avila,NOVO,0,candidato,1,luiz felipe davila,0.01,luiz felipe chaves d avila,0.004734072,1,luiz felipe davila,candidato,0.95,0.010526316,0.005792244
10811,2022,1,Equilíbrio Brasil,Multi Mercado,2022-09-22,2022-09-22,10,estimulada,votos totais,BR-02018/2022,,11500,3,3,27748,cenário 1 - estimulado - 1º turno,Soraya Thronicke,União Brasil,0,candidato,2,soraya thronicke,0.02,soraya vieira thronicke,0.005082944,1,soraya thronicke,candidato,0.95,0.021052632,0.015969688
10811,2022,1,Equilíbrio Brasil,Multi Mercado,2022-09-22,2022-09-22,10,estimulada,votos totais,BR-02018/2022,,11500,3,3,27748,cenário 1 - estimulado - 1º turno,Bolsonaro,PL,0,candidato,44,bolsonaro,0.44,jair messias bolsonaro,0.431975526,1,bolsonaro,candidato,0.95,0.463157895,0.031182369
10811,2022,2,Equilíbrio Brasil,Multi Mercado,2022-09-22,2022-09-22,38,estimulada,votos totais,BR-02018/2022,,11500,3,3,27749,cenário 1 - estimulado - 2º turno,Bolsonaro,PL,0,candidato,47,bolsonaro,0.47,jair messias bolsonaro,0.490975949,2,bolsonaro,candidato,0.9,0.522222222,0.031246273
10811,2022,2,Equilíbrio Brasil,Multi Mercado,2022-09-22,2022-09-22,38,estimulada,votos totais,BR-02018/2022,,11500,3,3,27749,cenário 1 - estimulado - 2º turno,Lula,PT,0,candidato,43,lula,0.43,luiz inacio lula da silva,0.509024051,2,lula,candidato,0.9,0.477777778,-0.031246273
10811,2022,2,Equilíbrio Brasil,Multi Mercado,2022-09-22,2022-09-22,38,estimulada,votos totais,BR-02018/2022,,11500,3,3,27749,cenário 1 - estimulado - 2º turno,branco / nulo / não sabe / não respondeu,N/A,1,nao_sabe,10,branco nulo nao sabe nao respondeu,0.1,branco nulo nao sabe nao respondeu,,2,branco nulo nao sabe nao respondeu,nao_sabe,0.9,,
11190,2022,2,Veritá,Veritá,2022-10-27,2022-10-27,3,estimulada,votos totais,BR-04920/2022,,30180,2,2,28346,cenário 1 - estimulada - 2º turno,brancos / nulos,N/A,1,branco_nulo,2.4,brancos nulos,0.024,brancos nulos,,2,brancos nulos,branco_nulo,0.951,,
11190,2022,2,Veritá,Veritá,2022-10-27,2022-10-27,3,estimulada,votos totais,BR-04920/2022,,30180,2,2,28346,cenário 1 - estimulada - 2º turno,Bolsonaro,PL,0,candidato,49,bolsonaro,0.49,jair messias bolsonaro,0.490975949,2,bolsonaro,candidato,0.951,0.515247108,0.024271159
11190,2022,2,Veritá,Veritá,2022-10-27,2022-10-27,3,estimulada,votos totais,BR-04920/2022,,30180,2,2,28346,cenário 1 - estimulada - 2º turno,Lula,PT,0,candidato,46.1,lula,0.461,luiz inacio lula da silva,0.509024051,2,lula,candidato,0.951,0.484752892,-0.024271159
11190,2022,2,Veritá,Veritá,2022-10-27,2022-10-27,3,estimulada,votos totais,BR-04920/2022,,30180,2,2,28346,cenário 1 - estimulada - 2º turno,não sabem / não responderam,N/A,1,nao_sabe,2.5,nao sabem nao responderam,0.025,nao sabem nao responderam,,2,nao sabem nao responderam,nao_sabe,0.951,,
10719,2022,1,Veritá,Veritá,2022-09-23,2022-09-23,9,estimulada,votos totais,BR-06580/2022,,11000,2,2,27551,cenário 1 - estimulado - 1º turno,Soraya Thronicke,União Brasil,0,candidato,1.1,soraya thronicke,0.011,soraya vieira thronicke,0.005082944,1,soraya thronicke,candidato,0.968,0.011363636,0.006280693
10719,2022,1,Veritá,Veritá,2022-09-23,2022-09-23,9,estimulada,votos totais,BR-06580/2022,,11000,2,2,27551,cenário 1 - estimulado - 1º turno,Leonardo Péricles,UP,0,candidato,0.1,leonardo pericles,0.001,leonardo pericles vieira roque,0.00045267,1,leonardo pericles,candidato,0.968,0.001033058,0.000580388
10719,2022,1,Veritá,Veritá,2022-09-23,2022-09-23,9,estimulada,votos totais,BR-06580/2022,,11000,2,2,27551,cenário 1 - estimulado - 1º turno,não sabem / não responderam,N/A,1,nao_sabe,2.1,nao sabem nao responderam,0.021,nao sabem nao responderam,,1,nao sabem nao responderam,nao_sabe,0.968,,
10719,2022,1,Veritá,Veritá,2022-09-23,2022-09-23,9,estimulada,votos totais,BR-06580/2022,,11000,2,2,27551,cenário 1 - estimulado - 1º turno,brancos / nulos,N/A,1,branco_nulo,1.2,brancos nulos,0.012,brancos nulos,,1,brancos nulos,branco_nulo,0.968,,
10719,2022,1,Veritá,Veritá,2022-09-23,2022-09-23,9,estimulada,votos totais,BR-06580/2022,,11000,2,2,27551,cenário 1 - estimulado - 1º turno,Luiz Felipe d'Avila,NOVO,0,candidato,1,luiz felipe davila,0.01,luiz felipe chaves d avila,0.004734072,1,luiz felipe davila,candidato,0.968,0.010330579,0.005596507
10719,2022,1,Veritá,Veritá,2022-09-23,2022-09-23,9,estimulada,votos totais,BR-06580/2022,,11000,2,2,27551,cenário 1 - estimulado - 1º turno,Eymael,DC,0,candidato,0.3,eymael,0.003,jose maria eymael,0.000140438,1,eymael,candidato,0.968,0.003099174,0.002958735
10719,2022,1,Veritá,Veritá,2022-09-23,2022-09-23,9,estimulada,votos totais,BR-06580/2022,,11000,2,2,27551,cenário 1 - estimulado - 1º turno,Vera Lúcia Salgado,PSTU,0,candidato,0.1,vera lucia salgado,0.001,vera lucia pereira da silva salgado,0.000216739,1,vera lucia salgado,candidato,0.968,0.001033058,0.000816319
10719,2022,1,Veritá,Veritá,2022-09-23,2022-09-23,9,estimulada,votos totais,BR-06580/2022,,11000,2,2,27551,cenário 1 - estimulado - 1º turno,Lula,PT,0,candidato,42.1,lula,0.421,luiz inacio lula da silva,0.484307199,1,lula,candidato,0.968,0.434917355,-0.049389843
10719,2022,1,Veritá,Veritá,2022-09-23,2022-09-23,9,estimulada,votos totais,BR-06580/2022,,11000,2,2,27551,cenário 1 - estimulado - 1º turno,Simone Tebet,MDB,0,candidato,4,simone tebet,0.04,simone nassar tebet,0.04157519,1,simone tebet,candidato,0.968,0.041322314,-0.000252876
10719,2022,1,Veritá,Veritá,2022-09-23,2022-09-23,9,estimulada,votos totais,BR-06580/2022,,11000,2,2,27551,cenário 1 - estimulado - 1º turno,Bolsonaro,PL,0,candidato,43.2,bolsonaro,0.432,jair messias bolsonaro,0.431975526,1,bolsonaro,candidato,0.968,0.446280992,0.014305466
10719,2022,1,Veritá,Veritá,2022-09-23,2022-09-23,9,estimulada,votos totais,BR-06580/2022,,11000,2,2,27551,cenário 1 - estimulado - 1º turno,Sofia Manzano,PCB,0,candidato,0.1,sofia manzano,0.001,sofia padua manzano,0.000385859,1,sofia manzano,candidato,0.968,0.001033058,0.000647199
10719,2022,1,Veritá,Veritá,2022-09-23,2022-09-23,9,estimulada,votos totais,BR-06580/2022,,11000,2,2,27551,cenário 1 - estimulado - 1º turno,Padre Kelmon,PTB,0,candidato,0.1,padre kelmon,0.001,kelmon luis da silva souza,0.000686198,1,padre kelmon,candidato,0.968,0.001033058,0.00034686
10719,2022,1,Veritá,Veritá,2022-09-23,2022-09-23,9,estimulada,votos totais,BR-06580/2022,,11000,2,2,27551,cenário 1 - estimulado - 1º turno,Ciro,PDT,0,candidato,4.7,ciro,0.047,ciro ferreira gomes,0.030443166,1,ciro,candidato,0.968,0.048553719,0.018110553
10627,2022,1,Ipec,Grupo Globo,2022-09-18,2022-09-18,14,estimulada,votos totais,BR-00073/2022,,3008,2,2,27363,cenário 1 - estimulada - 1º turno,não sabem / não responderam,N/A,1,nao_sabe,4,nao sabem nao responderam,0.04,nao sabem nao responderam,,1,nao sabem nao responderam,nao_sabe,0.91,,
10627,2022,1,Ipec,Grupo Globo,2022-09-18,2022-09-18,14,estimulada,votos totais,BR-00073/2022,,3008,2,2,27363,cenário 1 - estimulada - 1º turno,Luiz Felipe d'Avila,NOVO,0,candidato,0,luiz felipe davila,0,luiz felipe chaves d avila,0.004734072,1,luiz felipe davila,candidato,0.91,0,-0.004734072
10627,2022,1,Ipec,Grupo Globo,2022-09-18,2022-09-18,14,estimulada,votos totais,BR-00073/2022,,3008,2,2,27363,cenário 1 - estimulada - 1º turno,Sofia Manzano,PC do B,0,candidato,0,sofia manzano,0,sofia padua manzano,0.000385859,1,sofia manzano,candidato,0.91,0,-0.000385859
10627,2022,1,Ipec,Grupo Globo,2022-09-18,2022-09-18,14,estimulada,votos totais,BR-00073/2022,,3008,2,2,27363,cenário 1 - estimulada - 1º turno,Soraya Thronicke,União Brasil,0,candidato,1,soraya thronicke,0.01,soraya vieira thronicke,0.005082944,1,soraya thronicke,candidato,0.91,0.010989011,0.005906067
10627,2022,1,Ipec,Grupo Globo,2022-09-18,2022-09-18,14,estimulada,votos totais,BR-00073/2022,,3008,2,2,27363,cenário 1 - estimulada - 1º turno,Vera Lúcia Salgado,PSTU,0,candidato,0,vera lucia salgado,0,vera lucia pereira da silva salgado,0.000216739,1,vera lucia salgado,candidato,0.91,0,-0.000216739
10627,2022,1,Ipec,Grupo Globo,2022-09-18,2022-09-18,14,estimulada,votos totais,BR-00073/2022,,3008,2,2,27363,cenário 1 - estimulada - 1º turno,Padre Kelmon,PTB,0,candidato,0,padre kelmon,0,kelmon luis da silva souza,0.000686198,1,padre kelmon,candidato,0.91,0,-0.000686198
10627,2022,1,Ipec,Grupo Globo,2022-09-18,2022-09-18,14,estimulada,votos totais,BR-00073/2022,,3008,2,2,27363,cenário 1 - estimulada - 1º turno,Ciro,PDT,0,candidato,7,ciro,0.07,ciro ferreira gomes,0.030443166,1,ciro,candidato,0.91,0.076923077,0.046479911
10627,2022,1,Ipec,Grupo Globo,2022-09-18,2022-09-18,14,estimulada,votos totais,BR-00073/2022,,3008,2,2,27363,cenário 1 - estimulada - 1º turno,Simone Tebet,MDB,0,candidato,5,simone tebet,0.05,simone nassar tebet,0.04157519,1,simone tebet,candidato,0.91,0.054945055,0.013369865
10627,2022,1,Ipec,Grupo Globo,2022-09-18,2022-09-18,14,estimulada,votos totais,BR-00073/2022,,3008,2,2,27363,cenário 1 - estimulada - 1º turno,Eymael,DC,0,candidato,0,eymael,0,jose maria eymael,0.000140438,1,eymael,candidato,0.91,0,-0.000140438
10627,2022,1,Ipec,Grupo Globo,2022-09-18,2022-09-18,14,estimulada,votos totais,BR-00073/2022,,3008,2,2,27363,cenário 1 - estimulada - 1º turno,Leonardo Péricles,UP,0,candidato,0,leonardo pericles,0,leonardo pericles vieira roque,0.00045267,1,leonardo pericles,candidato,0.91,0,-0.00045267
10627,2022,1,Ipec,Grupo Globo,2022-09-18,2022-09-18,14,estimulada,votos totais,BR-00073/2022,,3008,2,2,27363,cenário 1 - estimulada - 1º turno,Bolsonaro,PL,0,candidato,31,bolsonaro,0.31,jair messias bolsonaro,0.431975526,1,bolsonaro,candidato,0.91,0.340659341,-0.091316185
10627,2022,1,Ipec,Grupo Globo,2022-09-18,2022-09-18,14,estimulada,votos totais,BR-00073/2022,,3008,2,2,27363,cenário 1 - estimulada - 1º turno,brancos / nulos,N/A,1,branco_nulo,5,brancos nulos,0.05,brancos nulos,,1,brancos nulos,branco_nulo,0.91,,
10627,2022,1,Ipec,Grupo Globo,2022-09-18,2022-09-18,14,estimulada,votos totais,BR-00073/2022,,3008,2,2,27363,cenário 1 - estimulada - 1º turno,Lula,PT,0,candidato,47,lula,0.47,luiz inacio lula da silva,0.484307199,1,lula,candidato,0.91,0.516483516,0.032176318
10627,2022,2,Ipec,Grupo Globo,2022-09-18,2022-09-18,42,estimulada,votos totais,BR-00073/2022,,3008,2,2,27364,cenário 1 - estimulada -2º turno,Bolsonaro,PL,0,candidato,35,bolsonaro,0.35,jair messias bolsonaro,0.490975949,2,bolsonaro,candidato,0.89,0.393258427,-0.097717522
10627,2022,2,Ipec,Grupo Globo,2022-09-18,2022-09-18,42,estimulada,votos totais,BR-00073/2022,,3008,2,2,27364,cenário 1 - estimulada -2º turno,brancos / nulos,N/A,1,branco_nulo,8,brancos nulos,0.08,brancos nulos,,2,brancos nulos,branco_nulo,0.89,,
10627,2022,2,Ipec,Grupo Globo,2022-09-18,2022-09-18,42,estimulada,votos totais,BR-00073/2022,,3008,2,2,27364,cenário 1 - estimulada -2º turno,Lula,PT,0,candidato,54,lula,0.54,luiz inacio lula da silva,0.509024051,2,lula,candidato,0.89,0.606741573,0.097717522
10627,2022,2,Ipec,Grupo Globo,2022-09-18,2022-09-18,42,estimulada,votos totais,BR-00073/2022,,3008,2,2,27364,cenário 1 - estimulada -2º turno,não sabem / não responderam,N/A,1,nao_sabe,3,nao sabem nao responderam,0.03,nao sabem nao responderam,,2,nao sabem nao responderam,nao_sabe,0.89,,
10745,2022,1,Ipec,Grupo Globo,2022-09-26,2022-09-26,6,estimulada,votos totais,BR-01640/2022,,3008,2,2,27600,cenário 1 - estimulada - 1º turno,não sabem / não responderam,N/A,1,nao_sabe,4,nao sabem nao responderam,0.04,nao sabem nao responderam,,1,nao sabem nao responderam,nao_sabe,0.92,,
10745,2022,1,Ipec,Grupo Globo,2022-09-26,2022-09-26,6,estimulada,votos totais,BR-01640/2022,,3008,2,2,27600,cenário 1 - estimulada - 1º turno,Ciro,PDT,0,candidato,6,ciro,0.06,ciro ferreira gomes,0.030443166,1,ciro,candidato,0.92,0.065217391,0.034774225
10745,2022,1,Ipec,Grupo Globo,2022-09-26,2022-09-26,6,estimulada,votos totais,BR-01640/2022,,3008,2,2,27600,cenário 1 - estimulada - 1º turno,Padre Kelmon,PTB,0,candidato,0,padre kelmon,0,kelmon luis da silva souza,0.000686198,1,padre kelmon,candidato,0.92,0,-0.000686198
10745,2022,1,Ipec,Grupo Globo,2022-09-26,2022-09-26,6,estimulada,votos totais,BR-01640/2022,,3008,2,2,27600,cenário 1 - estimulada - 1º turno,Sofia Manzano,PCB,0,candidato,0,sofia manzano,0,sofia padua manzano,0.000385859,1,sofia manzano,candidato,0.92,0,-0.000385859
10745,2022,1,Ipec,Grupo Globo,2022-09-26,2022-09-26,6,estimulada,votos totais,BR-01640/2022,,3008,2,2,27600,cenário 1 - estimulada - 1º turno,Luiz Felipe d'Avila,NOVO,0,candidato,1,luiz felipe davila,0.01,luiz felipe chaves d avila,0.004734072,1,luiz felipe davila,candidato,0.92,0.010869565,0.006135493
10745,2022,1,Ipec,Grupo Globo,2022-09-26,2022-09-26,6,estimulada,votos totais,BR-01640/2022,,3008,2,2,27600,cenário 1 - estimulada - 1º turno,Soraya Thronicke,União Brasil,0,candidato,1,soraya thronicke,0.01,soraya vieira thronicke,0.005082944,1,soraya thronicke,candidato,0.92,0.010869565,0.005786622
10745,2022,1,Ipec,Grupo Globo,2022-09-26,2022-09-26,6,estimulada,votos totais,BR-01640/2022,,3008,2,2,27600,cenário 1 - estimulada - 1º turno,brancos / nulos,N/A,1,branco_nulo,4,brancos nulos,0.04,brancos nulos,,1,brancos nulos,branco_nulo,0.92,,
10745,2022,1,Ipec,Grupo Globo,2022-09-26,2022-09-26,6,estimulada,votos totais,BR-01640/2022,,3008,2,2,27600,cenário 1 - estimulada - 1º turno,Eymael,DC,0,candidato,0,eymael,0,jose maria eymael,0.000140438,1,eymael,candidato,0.92,0,-0.000140438
10745,2022,1,Ipec,Grupo Globo,2022-09-26,2022-09-26,6,estimulada,votos totais,BR-01640/2022,,3008,2,2,27600,cenário 1 - estimulada - 1º turno,Bolsonaro,PL,0,candidato,31,bolsonaro,0.31,jair messias bolsonaro,0.431975526,1,bolsonaro,candidato,0.92,0.336956522,-0.095019004
10745,2022,1,Ipec,Grupo Globo,2022-09-26,2022-09-26,6,estimulada,votos totais,BR-01640/2022,,3008,2,2,27600,cenário 1 - estimulada - 1º turno,Lula,PT,0,candidato,48,lula,0.48,luiz inacio lula da silva,0.484307199,1,lula,candidato,0.92,0.52173913,0.037431932
10745,2022,1,Ipec,Grupo Globo,2022-09-26,2022-09-26,6,estimulada,votos totais,BR-01640/2022,,3008,2,2,27600,cenário 1 - estimulada - 1º turno,Vera Lúcia Salgado,PSTU,0,candidato,0,vera lucia salgado,0,vera lucia pereira da silva salgado,0.000216739,1,vera lucia salgado,candidato,0.92,0,-0.000216739
10745,2022,1,Ipec,Grupo Globo,2022-09-26,2022-09-26,6,estimulada,votos totais,BR-01640/2022,,3008,2,2,27600,cenário 1 - estimulada - 1º turno,Simone Tebet,MDB,0,candidato,5,simone tebet,0.05,simone nassar tebet,0.04157519,1,simone tebet,candidato,0.92,0.054347826,0.012772636
10745,2022,1,Ipec,Grupo Globo,2022-09-26,2022-09-26,6,estimulada,votos totais,BR-01640/2022,,3008,2,2,27600,cenário 1 - estimulada - 1º turno,Leonardo Péricles,UP,0,candidato,0,leonardo pericles,0,leonardo pericles vieira roque,0.00045267,1,leonardo pericles,candidato,0.92,0,-0.00045267
10745,2022,2,Ipec,Grupo Globo,2022-09-26,2022-09-26,34,estimulada,votos totais,BR-01640/2022,,3008,2,2,27601,cenário 1 - estimulada - 2º turno,Lula,PT,0,candidato,54,lula,0.54,luiz inacio lula da silva,0.509024051,2,lula,candidato,0.89,0.606741573,0.097717522
10745,2022,2,Ipec,Grupo Globo,2022-09-26,2022-09-26,34,estimulada,votos totais,BR-01640/2022,,3008,2,2,27601,cenário 1 - estimulada - 2º turno,não sabem / não responderam,N/A,1,nao_sabe,3,nao sabem nao responderam,0.03,nao sabem nao responderam,,2,nao sabem nao responderam,nao_sabe,0.89,,
10745,2022,2,Ipec,Grupo Globo,2022-09-26,2022-09-26,34,estimulada,votos totais,BR-01640/2022,,3008,2,2,27601,cenário 1 - estimulada - 2º turno,brancos / nulos,N/A,1,branco_nulo,8,brancos nulos,0.08,brancos nulos,,2,brancos nulos,branco_nulo,0.89,,
10745,2022,2,Ipec,Grupo Globo,2022-09-26,2022-09-26,34,estimulada,votos totais,BR-01640/2022,,3008,2,2,27601,cenário 1 - estimulada - 2º turno,Bolsonaro,PL,0,candidato,35,bolsonaro,0.35,jair messias bolsonaro,0.490975949,2,bolsonaro,candidato,0.89,0.393258427,-0.097717522
10939,2022,1,Ipec,Rede Globo,2022-10-01,2022-09-29,3,estimulada,votos totais,BR-00999/2022,,3008,2,2,27989,cenário 1 - estimulada - 1º turno,Vera Lúcia Salgado,PSTU,0,candidato,0,vera lucia salgado,0,vera lucia pereira da silva salgado,0.000216739,1,vera lucia salgado,candidato,0.9,0,-0.000216739
10939,2022,1,Ipec,Rede Globo,2022-10-01,2022-09-29,3,estimulada,votos totais,BR-00999/2022,,3008,2,2,27989,cenário 1 - estimulada - 1º turno,Lula,PT,0,candidato,47,lula,0.47,luiz inacio lula da silva,0.484307199,1,lula,candidato,0.9,0.522222222,0.037915024
10939,2022,1,Ipec,Rede Globo,2022-10-01,2022-09-29,3,estimulada,votos totais,BR-00999/2022,,3008,2,2,27989,cenário 1 - estimulada - 1º turno,Padre Kelmon,PTB,0,candidato,0,padre kelmon,0,kelmon luis da silva souza,0.000686198,1,padre kelmon,candidato,0.9,0,-0.000686198
10939,2022,1,Ipec,Rede Globo,2022-10-01,2022-09-29,3,estimulada,votos totais,BR-00999/2022,,3008,2,2,27989,cenário 1 - estimulada - 1º turno,brancos / nulos,N/A,1,branco_nulo,4,brancos nulos,0.04,brancos nulos,,1,brancos nulos,branco_nulo,0.9,,
10939,2022,1,Ipec,Rede Globo,2022-10-01,2022-09-29,3,estimulada,votos totais,BR-00999/2022,,3008,2,2,27989,cenário 1 - estimulada - 1º turno,Soraya Thronicke,União Brasil,0,candidato,1,soraya thronicke,0.01,soraya vieira thronicke,0.005082944,1,soraya thronicke,candidato,0.9,0.011111111,0.006028167
10939,2022,1,Ipec,Rede Globo,2022-10-01,2022-09-29,3,estimulada,votos totais,BR-00999/2022,,3008,2,2,27989,cenário 1 - estimulada - 1º turno,Ciro,PDT,0,candidato,5,ciro,0.05,ciro ferreira gomes,0.030443166,1,ciro,candidato,0.9,0.055555556,0.025112389
10939,2022,1,Ipec,Rede Globo,2022-10-01,2022-09-29,3,estimulada,votos totais,BR-00999/2022,,3008,2,2,27989,cenário 1 - estimulada - 1º turno,Bolsonaro,PL,0,candidato,31,bolsonaro,0.31,jair messias bolsonaro,0.431975526,1,bolsonaro,candidato,0.9,0.344444444,-0.087531081
10939,2022,1,Ipec,Rede Globo,2022-10-01,2022-09-29,3,estimulada,votos totais,BR-00999/2022,,3008,2,2,27989,cenário 1 - estimulada - 1º turno,não sabem / não responderam,N/A,1,nao_sabe,3,nao sabem nao responderam,0.03,nao sabem nao responderam,,1,nao sabem nao responderam,nao_sabe,0.9,,
10939,2022,1,Ipec,Rede Globo,2022-10-01,2022-09-29,3,estimulada,votos totais,BR-00999/2022,,3008,2,2,27989,cenário 1 - estimulada - 1º turno,Simone Tebet,MDB,0,candidato,5,simone tebet,0.05,simone nassar tebet,0.04157519,1,simone tebet,candidato,0.9,0.055555556,0.013980366
10939,2022,1,Ipec,Rede Globo,2022-10-01,2022-09-29,3,estimulada,votos totais,BR-00999/2022,,3008,2,2,27989,cenário 1 - estimulada - 1º turno,Luiz Felipe d'Avila,NOVO,0,candidato,1,luiz felipe davila,0.01,luiz felipe chaves d avila,0.004734072,1,luiz felipe davila,candidato,0.9,0.011111111,0.006377039
10939,2022,1,Ipec,Rede Globo,2022-10-01,2022-09-29,3,estimulada,votos totais,BR-00999/2022,,3008,2,2,27989,cenário 1 - estimulada - 1º turno,Eymael,PCB,0,candidato,0,eymael,0,jose maria eymael,0.000140438,1,eymael,candidato,0.9,0,-0.000140438
10939,2022,1,Ipec,Rede Globo,2022-10-01,2022-09-29,3,estimulada,votos totais,BR-00999/2022,,3008,2,2,27989,cenário 1 - estimulada - 1º turno,Sofia Manzano,PCB,0,candidato,0,sofia manzano,0,sofia padua manzano,0.000385859,1,sofia manzano,candidato,0.9,0,-0.000385859
10939,2022,1,Ipec,Rede Globo,2022-10-01,2022-09-29,3,estimulada,votos totais,BR-00999/2022,,3008,2,2,27989,cenário 1 - estimulada - 1º turno,Leonardo Péricles,UP,0,candidato,0,leonardo pericles,0,leonardo pericles vieira roque,0.00045267,1,leonardo pericles,candidato,0.9,0,-0.00045267
11067,2022,2,Ipec,Grupo Globo,2022-10-17,2022-10-17,13,estimulada,votos totais,BR-02707/2022,,3008,2,2,28176,cenário 1 - estimulada - 2º turno,brancos / nulos,N/A,1,branco_nulo,5,brancos nulos,0.05,brancos nulos,,2,brancos nulos,branco_nulo,0.93,,
11067,2022,2,Ipec,Grupo Globo,2022-10-17,2022-10-17,13,estimulada,votos totais,BR-02707/2022,,3008,2,2,28176,cenário 1 - estimulada - 2º turno,Bolsonaro,PL,0,candidato,43,bolsonaro,0.43,jair messias bolsonaro,0.490975949,2,bolsonaro,candidato,0.93,0.462365591,-0.028610357
11067,2022,2,Ipec,Grupo Globo,2022-10-17,2022-10-17,13,estimulada,votos totais,BR-02707/2022,,3008,2,2,28176,cenário 1 - estimulada - 2º turno,Lula,PT,0,candidato,50,lula,0.5,luiz inacio lula da silva,0.509024051,2,lula,candidato,0.93,0.537634409,0.028610357
11067,2022,2,Ipec,Grupo Globo,2022-10-17,2022-10-17,13,estimulada,votos totais,BR-02707/2022,,3008,2,2,28176,cenário 1 - estimulada - 2º turno,não sabem / não responderam,N/A,1,nao_sabe,2,nao sabem nao responderam,0.02,nao sabem nao responderam,,2,nao sabem nao responderam,nao_sabe,0.93,,
11124,2022,2,Ipec,Grupo Globo,2022-10-24,2022-10-24,6,estimulada,votos totais,BR-06043/2022,,3008,2,2,28270,cenário 1 - estimulada - 2º turno,brancos / nulos,N/A,1,branco_nulo,5,brancos nulos,0.05,brancos nulos,,2,brancos nulos,branco_nulo,0.93,,
11124,2022,2,Ipec,Grupo Globo,2022-10-24,2022-10-24,6,estimulada,votos totais,BR-06043/2022,,3008,2,2,28270,cenário 1 - estimulada - 2º turno,Lula,PT,0,candidato,50,lula,0.5,luiz inacio lula da silva,0.509024051,2,lula,candidato,0.93,0.537634409,0.028610357
11124,2022,2,Ipec,Grupo Globo,2022-10-24,2022-10-24,6,estimulada,votos totais,BR-06043/2022,,3008,2,2,28270,cenário 1 - estimulada - 2º turno,Bolsonaro,PL,0,candidato,43,bolsonaro,0.43,jair messias bolsonaro,0.490975949,2,bolsonaro,candidato,0.93,0.462365591,-0.028610357
11124,2022,2,Ipec,Grupo Globo,2022-10-24,2022-10-24,6,estimulada,votos totais,BR-06043/2022,,3008,2,2,28270,cenário 1 - estimulada - 2º turno,não sabem / não responderam,N/A,1,nao_sabe,2,nao sabem nao responderam,0.02,nao sabem nao responderam,,2,nao sabem nao responderam,nao_sabe,0.93,,
9328,2022,2,PoderData,,2020-09-16,2020-09-16,774,estimulada,votos totais,,,2500,2,2,23354,cenário 5 - estimulado - 2º turno,Lula,PT,0,candidato,41,lula,0.41,luiz inacio lula da silva,0.509024051,2,lula,candidato,0.82,0.5,-0.009024051
9328,2022,2,PoderData,,2020-09-16,2020-09-16,774,estimulada,votos totais,,,2500,2,2,23354,cenário 5 - estimulado - 2º turno,brancos / nulos,N/A,1,branco_nulo,13,brancos nulos,0.13,brancos nulos,,2,brancos nulos,branco_nulo,0.82,,
9328,2022,2,PoderData,,2020-09-16,2020-09-16,774,estimulada,votos totais,,,2500,2,2,23354,cenário 5 - estimulado - 2º turno,Bolsonaro,sem partido,0,candidato,41,bolsonaro,0.41,jair messias bolsonaro,0.490975949,2,bolsonaro,candidato,0.82,0.5,0.009024051
9328,2022,2,PoderData,,2020-09-16,2020-09-16,774,estimulada,votos totais,,,2500,2,2,23354,cenário 5 - estimulado - 2º turno,não sabe,N/A,1,nao_sabe,5,nao sabe,0.05,nao sabe,,2,nao sabe,nao_sabe,0.82,,
9717,2022,2,PoderData,,2021-06-09,2021-06-09,508,estimulada,votos totais,,,2500,2,2,24347,cenário 1 - estimulado - 2º turno,não sabe,N/A,1,nao_sabe,2,nao sabe,0.02,nao sabe,,2,nao sabe,nao_sabe,0.85,,
9717,2022,2,PoderData,,2021-06-09,2021-06-09,508,estimulada,votos totais,,,2500,2,2,24347,cenário 1 - estimulado - 2º turno,brancos / nulos,N/A,1,branco_nulo,13,brancos nulos,0.13,brancos nulos,,2,brancos nulos,branco_nulo,0.85,,
9717,2022,2,PoderData,,2021-06-09,2021-06-09,508,estimulada,votos totais,,,2500,2,2,24347,cenário 1 - estimulado - 2º turno,Bolsonaro,sem partido,0,candidato,37,bolsonaro,0.37,jair messias bolsonaro,0.490975949,2,bolsonaro,candidato,0.85,0.435294118,-0.055681831
9717,2022,2,PoderData,,2021-06-09,2021-06-09,508,estimulada,votos totais,,,2500,2,2,24347,cenário 1 - estimulado - 2º turno,Lula,PT,0,candidato,48,lula,0.48,luiz inacio lula da silva,0.509024051,2,lula,candidato,0.85,0.564705882,0.055681831
9721,2022,2,PoderData,,2021-07-07,2021-07-07,480,estimulada,votos totais,,,2500,2,2,24369,cenário 1 - estimulado - 2º turno,brancos / nulos,N/A,1,branco_nulo,12,brancos nulos,0.12,brancos nulos,,2,brancos nulos,branco_nulo,0.87,,
9721,2022,2,PoderData,,2021-07-07,2021-07-07,480,estimulada,votos totais,,,2500,2,2,24369,cenário 1 - estimulado - 2º turno,Bolsonaro,sem partido,0,candidato,32,bolsonaro,0.32,jair messias bolsonaro,0.490975949,2,bolsonaro,candidato,0.87,0.367816092,-0.123159857
9721,2022,2,PoderData,,2021-07-07,2021-07-07,480,estimulada,votos totais,,,2500,2,2,24369,cenário 1 - estimulado - 2º turno,Lula,PT,0,candidato,55,lula,0.55,luiz inacio lula da silva,0.509024051,2,lula,candidato,0.87,0.632183908,0.123159857
9721,2022,2,PoderData,,2021-07-07,2021-07-07,480,estimulada,votos totais,,,2500,2,2,24369,cenário 1 - estimulado - 2º turno,não sabe,N/A,1,nao_sabe,1,nao sabe,0.01,nao sabe,,2,nao sabe,nao_sabe,0.87,,
9734,2022,2,PoderData,,2021-08-04,2021-08-04,452,estimulada,votos totais,,,2500,2,2,24437,cenário 1 - estimulado - 2º turno,não sabe,N/A,1,nao_sabe,4,nao sabe,0.04,nao sabe,,2,nao sabe,nao_sabe,0.84,,
9734,2022,2,PoderData,,2021-08-04,2021-08-04,452,estimulada,votos totais,,,2500,2,2,24437,cenário 1 - estimulado - 2º turno,Bolsonaro,sem partido,0,candidato,32,bolsonaro,0.32,jair messias bolsonaro,0.490975949,2,bolsonaro,candidato,0.84,0.380952381,-0.110023568
9734,2022,2,PoderData,,2021-08-04,2021-08-04,452,estimulada,votos totais,,,2500,2,2,24437,cenário 1 - estimulado - 2º turno,Lula,PT,0,candidato,52,lula,0.52,luiz inacio lula da silva,0.509024051,2,lula,candidato,0.84,0.619047619,0.110023568
9734,2022,2,PoderData,,2021-08-04,2021-08-04,452,estimulada,votos totais,,,2500,2,2,24437,cenário 1 - estimulado - 2º turno,brancos / nulos,N/A,1,branco_nulo,12,brancos nulos,0.12,brancos nulos,,2,brancos nulos,branco_nulo,0.84,,
9738,2022,2,PoderData,,2021-09-01,2021-08-30,426,estimulada,votos totais,,,2500,2,2,24469,cenário 1 - estimulado - 2º turno,brancos / nulos,N/A,1,branco_nulo,10,brancos nulos,0.1,brancos nulos,,2,brancos nulos,branco_nulo,0.85,,
9738,2022,2,PoderData,,2021-09-01,2021-08-30,426,estimulada,votos totais,,,2500,2,2,24469,cenário 1 - estimulado - 2º turno,Bolsonaro,sem partido,0,candidato,30,bolsonaro,0.3,jair messias bolsonaro,0.490975949,2,bolsonaro,candidato,0.85,0.352941176,-0.138034772
9738,2022,2,PoderData,,2021-09-01,2021-08-30,426,estimulada,votos totais,,,2500,2,2,24469,cenário 1 - estimulado - 2º turno,Lula,PT,0,candidato,55,lula,0.55,luiz inacio lula da silva,0.509024051,2,lula,candidato,0.85,0.647058824,0.138034772
9738,2022,2,PoderData,,2021-09-01,2021-08-30,426,estimulada,votos totais,,,2500,2,2,24469,cenário 1 - estimulado - 2º turno,não sabe,N/A,1,nao_sabe,5,nao sabe,0.05,nao sabe,,2,nao sabe,nao_sabe,0.85,,
9743,2022,2,PoderData,,2021-09-29,2021-09-29,396,estimulada,votos totais,,,2500,2,2,24499,cenário 1 - estimulado - 2º turno,Bolsonaro,sem partido,0,candidato,33,bolsonaro,0.33,jair messias bolsonaro,0.490975949,2,bolsonaro,candidato,0.89,0.370786517,-0.120189432
9743,2022,2,PoderData,,2021-09-29,2021-09-29,396,estimulada,votos totais,,,2500,2,2,24499,cenário 1 - estimulado - 2º turno,Lula,PT,0,candidato,56,lula,0.56,luiz inacio lula da silva,0.509024051,2,lula,candidato,0.89,0.629213483,0.120189432
9743,2022,2,PoderData,,2021-09-29,2021-09-29,396,estimulada,votos totais,,,2500,2,2,24499,cenário 1 - estimulado - 2º turno,brancos / nulos,N/A,1,branco_nulo,10,brancos nulos,0.1,brancos nulos,,2,brancos nulos,branco_nulo,0.89,,
9743,2022,2,PoderData,,2021-09-29,2021-09-29,396,estimulada,votos totais,,,2500,2,2,24499,cenário 1 - estimulado - 2º turno,não sabe,N/A,1,nao_sabe,1,nao sabe,0.01,nao sabe,,2,nao sabe,nao_sabe,0.89,,
9747,2022,2,PoderData,,2021-10-27,2021-10-27,368,estimulada,votos totais,,,2500,2,2,24542,cenário 1 - estimulado - 2º turno,brancos / nulos,N/A,1,branco_nulo,10,brancos nulos,0.1,brancos nulos,,2,brancos nulos,branco_nulo,0.89,,
9747,2022,2,PoderData,,2021-10-27,2021-10-27,368,estimulada,votos totais,,,2500,2,2,24542,cenário 1 - estimulado - 2º turno,Lula,PT,0,candidato,52,lula,0.52,luiz inacio lula da silva,0.509024051,2,lula,candidato,0.89,0.584269663,0.075245612
9747,2022,2,PoderData,,2021-10-27,2021-10-27,368,estimulada,votos totais,,,2500,2,2,24542,cenário 1 - estimulado - 2º turno,não sabe,N/A,1,nao_sabe,1,nao sabe,0.01,nao sabe,,2,nao sabe,nao_sabe,0.89,,
9747,2022,2,PoderData,,2021-10-27,2021-10-27,368,estimulada,votos totais,,,2500,2,2,24542,cenário 1 - estimulado - 2º turno,Bolsonaro,sem partido,0,candidato,37,bolsonaro,0.37,jair messias bolsonaro,0.490975949,2,bolsonaro,candidato,0.89,0.415730337,-0.075245612
9752,2022,2,PoderData,,2021-11-24,2021-11-24,340,estimulada,votos totais,,,2500,2,2,24582,cenário 1 - estimulado - 2º turno,brancos / nulos,N/A,1,branco_nulo,14,brancos nulos,0.14,brancos nulos,,2,brancos nulos,branco_nulo,0.85,,
9752,2022,2,PoderData,,2021-11-24,2021-11-24,340,estimulada,votos totais,,,2500,2,2,24582,cenário 1 - estimulado - 2º turno,não sabe,N/A,1,nao_sabe,1,nao sabe,0.01,nao sabe,,2,nao sabe,nao_sabe,0.85,,
9752,2022,2,PoderData,,2021-11-24,2021-11-24,340,estimulada,votos totais,,,2500,2,2,24582,cenário 1 - estimulado - 2º turno,Lula,PT,0,candidato,54,lula,0.54,luiz inacio lula da silva,0.509024051,2,lula,candidato,0.85,0.635294118,0.126270066
9752,2022,2,PoderData,,2021-11-24,2021-11-24,340,estimulada,votos totais,,,2500,2,2,24582,cenário 1 - estimulado - 2º turno,Bolsonaro,sem partido,0,candidato,31,bolsonaro,0.31,jair messias bolsonaro,0.490975949,2,bolsonaro,candidato,0.85,0.364705882,-0.126270066
11013,2022,2,Datafolha,Grupo Globo e Folha de S. Paulo,2022-10-07,2022-09-07,53,estimulada,votos totais,BR-02012/2022,,2884,2,2,28102,cenário 1 - estimulada - 2º turno,Lula,PT,0,candidato,49,lula,0.49,luiz inacio lula da silva,0.509024051,2,lula,candidato,0.93,0.52688172,0.017857669
11013,2022,2,Datafolha,Grupo Globo e Folha de S. Paulo,2022-10-07,2022-09-07,53,estimulada,votos totais,BR-02012/2022,,2884,2,2,28102,cenário 1 - estimulada - 2º turno,Bolsonaro,PL,0,candidato,44,bolsonaro,0.44,jair messias bolsonaro,0.490975949,2,bolsonaro,candidato,0.93,0.47311828,-0.017857669
11013,2022,2,Datafolha,Grupo Globo e Folha de S. Paulo,2022-10-07,2022-09-07,53,estimulada,votos totais,BR-02012/2022,,2884,2,2,28102,cenário 1 - estimulada - 2º turno,não sabem / não responderam,N/A,1,nao_sabe,2,nao sabem nao responderam,0.02,nao sabem nao responderam,,2,nao sabem nao responderam,nao_sabe,0.93,,
11013,2022,2,Datafolha,Grupo Globo e Folha de S. Paulo,2022-10-07,2022-09-07,53,estimulada,votos totais,BR-02012/2022,,2884,2,2,28102,cenário 1 - estimulada - 2º turno,brancos / nulos,N/A,1,branco_nulo,6,brancos nulos,0.06,brancos nulos,,2,brancos nulos,branco_nulo,0.93,,
11044,2022,2,PoderData,PoderData,2022-10-11,2022-10-11,19,estimulada,votos totais,BR-09241/2022,,5000,1.5,1.5,28145,cenário 1 - estimulada - 2º turno,Lula,PT,0,candidato,48,lula,0.48,luiz inacio lula da silva,0.509024051,2,lula,candidato,0.92,0.52173913,0.012715079
11044,2022,2,PoderData,PoderData,2022-10-11,2022-10-11,19,estimulada,votos totais,BR-09241/2022,,5000,1.5,1.5,28145,cenário 1 - estimulada - 2º turno,não sabem / não responderam,N/A,1,nao_sabe,2,nao sabem nao responderam,0.02,nao sabem nao responderam,,2,nao sabem nao responderam,nao_sabe,0.92,,
11044,2022,2,PoderData,PoderData,2022-10-11,2022-10-11,19,estimulada,votos totais,BR-09241/2022,,5000,1.5,1.5,28145,cenário 1 - estimulada - 2º turno,brancos / nulos,N/A,1,branco_nulo,6,brancos nulos,0.06,brancos nulos,,2,brancos nulos,branco_nulo,0.92,,
11044,2022,2,PoderData,PoderData,2022-10-11,2022-10-11,19,estimulada,votos totais,BR-09241/2022,,5000,1.5,1.5,28145,cenário 1 - estimulada - 2º turno,Bolsonaro,PL,0,candidato,44,bolsonaro,0.44,jair messias bolsonaro,0.490975949,2,bolsonaro,candidato,0.92,0.47826087,-0.012715079
11096,2022,2,PoderData,PoderData,2022-10-18,2022-10-18,12,estimulada,votos totais,BR-08917/2022,,5000,1.5,1.5,28226,cenário 1 - estimulado - 2º turno,brancos / nulos,N/A,1,branco_nulo,5,brancos nulos,0.05,brancos nulos,,2,brancos nulos,branco_nulo,0.92,,
11096,2022,2,PoderData,PoderData,2022-10-18,2022-10-18,12,estimulada,votos totais,BR-08917/2022,,5000,1.5,1.5,28226,cenário 1 - estimulado - 2º turno,Lula,PT,0,candidato,48,lula,0.48,luiz inacio lula da silva,0.509024051,2,lula,candidato,0.92,0.52173913,0.012715079
11096,2022,2,PoderData,PoderData,2022-10-18,2022-10-18,12,estimulada,votos totais,BR-08917/2022,,5000,1.5,1.5,28226,cenário 1 - estimulado - 2º turno,Bolsonaro,PL,0,candidato,44,bolsonaro,0.44,jair messias bolsonaro,0.490975949,2,bolsonaro,candidato,0.92,0.47826087,-0.012715079
11096,2022,2,PoderData,PoderData,2022-10-18,2022-10-18,12,estimulada,votos totais,BR-08917/2022,,5000,1.5,1.5,28226,cenário 1 - estimulado - 2º turno,não sabe,N/A,1,nao_sabe,3,nao sabe,0.03,nao sabe,,2,nao sabe,nao_sabe,0.92,,
11133,2022,2,PoderData,PoderData,2022-10-25,2022-10-25,5,estimulada,votos totais,BR-01159/2022,,5000,1.5,1.5,28281,cenário 1 - estimulado - 2º turno,Lula,PT,0,candidato,49,lula,0.49,luiz inacio lula da silva,0.509024051,2,lula,candidato,0.93,0.52688172,0.017857669
11133,2022,2,PoderData,PoderData,2022-10-25,2022-10-25,5,estimulada,votos totais,BR-01159/2022,,5000,1.5,1.5,28281,cenário 1 - estimulado - 2º turno,brancos / nulos,N/A,1,branco_nulo,5,brancos nulos,0.05,brancos nulos,,2,brancos nulos,branco_nulo,0.93,,
11133,2022,2,PoderData,PoderData,2022-10-25,2022-10-25,5,estimulada,votos totais,BR-01159/2022,,5000,1.5,1.5,28281,cenário 1 - estimulado - 2º turno,Bolsonaro,PL,0,candidato,44,bolsonaro,0.44,jair messias bolsonaro,0.490975949,2,bolsonaro,candidato,0.93,0.47311828,-0.017857669
11133,2022,2,PoderData,PoderData,2022-10-25,2022-10-25,5,estimulada,votos totais,BR-01159/2022,,5000,1.5,1.5,28281,cenário 1 - estimulado - 2º turno,não sabe,N/A,1,nao_sabe,2,nao sabe,0.02,nao sabe,,2,nao sabe,nao_sabe,0.93,,
9751,2022,2,Paraná Pesquisas,,2021-11-19,2021-11-19,345,estimulada,votos totais,,,2020,2,2,24576,cenário 1 - estimulado - 2º turno,Lula,PT,0,candidato,42.5,lula,0.425,luiz inacio lula da silva,0.509024051,2,lula,candidato,0.781,0.544174136,0.035150085
9751,2022,2,Paraná Pesquisas,,2021-11-19,2021-11-19,345,estimulada,votos totais,,,2020,2,2,24576,cenário 1 - estimulado - 2º turno,nenhum / brancos / nulos,N/A,1,branco_nulo,18.1,nenhum brancos nulos,0.181,nenhum brancos nulos,,2,nenhum brancos nulos,branco_nulo,0.781,,
9751,2022,2,Paraná Pesquisas,,2021-11-19,2021-11-19,345,estimulada,votos totais,,,2020,2,2,24576,cenário 1 - estimulado - 2º turno,não sabem / não responderam,N/A,1,nao_sabe,3.8,nao sabem nao responderam,0.038,nao sabem nao responderam,,2,nao sabem nao responderam,nao_sabe,0.781,,
9751,2022,2,Paraná Pesquisas,,2021-11-19,2021-11-19,345,estimulada,votos totais,,,2020,2,2,24576,cenário 1 - estimulado - 2º turno,Bolsonaro,sem partido,0,candidato,35.6,bolsonaro,0.356,jair messias bolsonaro,0.490975949,2,bolsonaro,candidato,0.781,0.455825864,-0.035150085
9819,2022,2,Paraná Pesquisas,BGC Liquidez,2022-03-08,2022-03-08,236,estimulada,votos totais,BR-06682/2022,,2020,2.2,2.2,24930,cenário 1 - estimulado - 2º turno,nenhum / brancos / nulos,N/A,1,branco_nulo,13.2,nenhum brancos nulos,0.132,nenhum brancos nulos,,2,nenhum brancos nulos,branco_nulo,0.833,,
9819,2022,2,Paraná Pesquisas,BGC Liquidez,2022-03-08,2022-03-08,236,estimulada,votos totais,BR-06682/2022,,2020,2.2,2.2,24930,cenário 1 - estimulado - 2º turno,não sabem / não responderam,N/A,1,nao_sabe,3.5,nao sabem nao responderam,0.035,nao sabem nao responderam,,2,nao sabem nao responderam,nao_sabe,0.833,,
9819,2022,2,Paraná Pesquisas,BGC Liquidez,2022-03-08,2022-03-08,236,estimulada,votos totais,BR-06682/2022,,2020,2.2,2.2,24930,cenário 1 - estimulado - 2º turno,Lula,PT,0,candidato,46,lula,0.46,luiz inacio lula da silva,0.509024051,2,lula,candidato,0.833,0.552220888,0.043196837
9819,2022,2,Paraná Pesquisas,BGC Liquidez,2022-03-08,2022-03-08,236,estimulada,votos totais,BR-06682/2022,,2020,2.2,2.2,24930,cenário 1 - estimulado - 2º turno,Bolsonaro,PL,0,candidato,37.3,bolsonaro,0.373,jair messias bolsonaro,0.490975949,2,bolsonaro,candidato,0.833,0.447779112,-0.043196837
9876,2022,2,Paraná Pesquisas,BGC Liquidez,2022-04-05,2022-03-31,213,estimulada,votos totais,BR-08065/2022,,2020,2.2,2.2,25229,cenário 1 - estimulada - 2º turno,nenhum / brancos / nulos,N/A,1,branco_nulo,10.4,nenhum brancos nulos,0.104,nenhum brancos nulos,,2,nenhum brancos nulos,branco_nulo,0.856,,
9876,2022,2,Paraná Pesquisas,BGC Liquidez,2022-04-05,2022-03-31,213,estimulada,votos totais,BR-08065/2022,,2020,2.2,2.2,25229,cenário 1 - estimulada - 2º turno,Bolsonaro,PL,0,candidato,38.5,bolsonaro,0.385,jair messias bolsonaro,0.490975949,2,bolsonaro,candidato,0.856,0.449766355,-0.041209594
9876,2022,2,Paraná Pesquisas,BGC Liquidez,2022-04-05,2022-03-31,213,estimulada,votos totais,BR-08065/2022,,2020,2.2,2.2,25229,cenário 1 - estimulada - 2º turno,não sabem / não responderam,N/A,1,nao_sabe,4,nao sabem nao responderam,0.04,nao sabem nao responderam,,2,nao sabem nao responderam,nao_sabe,0.856,,
9876,2022,2,Paraná Pesquisas,BGC Liquidez,2022-04-05,2022-03-31,213,estimulada,votos totais,BR-08065/2022,,2020,2.2,2.2,25229,cenário 1 - estimulada - 2º turno,Lula,PT,0,candidato,47.1,lula,0.471,luiz inacio lula da silva,0.509024051,2,lula,candidato,0.856,0.550233645,0.041209594
10035,2022,2,Paraná Pesquisas,BGC Liquidez,2022-07-05,2022-06-30,122,estimulada,votos totais,BR-09408/2022,,2020,2.2,2.2,25890,cenário 1 - estimulada - 2º turno,não sabem / não responderam,N/A,1,nao_sabe,3.7,nao sabem nao responderam,0.037,nao sabem nao responderam,,2,nao sabem nao responderam,nao_sabe,0.873,,
10035,2022,2,Paraná Pesquisas,BGC Liquidez,2022-07-05,2022-06-30,122,estimulada,votos totais,BR-09408/2022,,2020,2.2,2.2,25890,cenário 1 - estimulada - 2º turno,Bolsonaro,PL,0,candidato,39.3,bolsonaro,0.393,jair messias bolsonaro,0.490975949,2,bolsonaro,candidato,0.873,0.450171821,-0.040804128
10035,2022,2,Paraná Pesquisas,BGC Liquidez,2022-07-05,2022-06-30,122,estimulada,votos totais,BR-09408/2022,,2020,2.2,2.2,25890,cenário 1 - estimulada - 2º turno,Lula,PT,0,candidato,48,lula,0.48,luiz inacio lula da silva,0.509024051,2,lula,candidato,0.873,0.549828179,0.040804128
10035,2022,2,Paraná Pesquisas,BGC Liquidez,2022-07-05,2022-06-30,122,estimulada,votos totais,BR-09408/2022,,2020,2.2,2.2,25890,cenário 1 - estimulada - 2º turno,nenhum / brancos / nulos,N/A,1,branco_nulo,9.1,nenhum brancos nulos,0.091,nenhum brancos nulos,,2,nenhum brancos nulos,branco_nulo,0.873,,
10120,2022,2,Paraná Pesquisas,BGC Liquidez,2022-08-01,2022-08-01,90,estimulada,votos totais,BR-05251/2022,,2020,2.2,2.2,26170,cenário 1 - estimulada - 2º turno,nenhum / brancos / nulos,N/A,1,branco_nulo,8.6,nenhum brancos nulos,0.086,nenhum brancos nulos,,2,nenhum brancos nulos,branco_nulo,0.875,,
10120,2022,2,Paraná Pesquisas,BGC Liquidez,2022-08-01,2022-08-01,90,estimulada,votos totais,BR-05251/2022,,2020,2.2,2.2,26170,cenário 1 - estimulada - 2º turno,Bolsonaro,PL,0,candidato,38.9,bolsonaro,0.389,jair messias bolsonaro,0.490975949,2,bolsonaro,candidato,0.875,0.444571429,-0.04640452
10120,2022,2,Paraná Pesquisas,BGC Liquidez,2022-08-01,2022-08-01,90,estimulada,votos totais,BR-05251/2022,,2020,2.2,2.2,26170,cenário 1 - estimulada - 2º turno,Lula,PT,0,candidato,48.6,lula,0.486,luiz inacio lula da silva,0.509024051,2,lula,candidato,0.875,0.555428571,0.04640452
10120,2022,2,Paraná Pesquisas,BGC Liquidez,2022-08-01,2022-08-01,90,estimulada,votos totais,BR-05251/2022,,2020,2.2,2.2,26170,cenário 1 - estimulada - 2º turno,não sabem / não responderam,N/A,1,nao_sabe,3.9,nao sabem nao responderam,0.039,nao sabem nao responderam,,2,nao sabem nao responderam,nao_sabe,0.875,,
10334,2022,1,Paraná Pesquisas,Paraná Pesquisas,2022-08-23,2022-08-23,40,estimulada,votos totais,BR-03138/2022,,2020,2.2,2.2,26688,cenário 1 - estimulada - 1º turno,Roberto Jefferson,PTB,0,candidato,0.1,roberto jefferson,0.001,roberto jefferson,,1,roberto jefferson,candidato,0.894,,
10334,2022,1,Paraná Pesquisas,Paraná Pesquisas,2022-08-23,2022-08-23,40,estimulada,votos totais,BR-03138/2022,,2020,2.2,2.2,26688,cenário 1 - estimulada - 1º turno,Sofia Manzano,PCB,0,candidato,0.1,sofia manzano,0.001,sofia padua manzano,0.000385859,1,sofia manzano,candidato,0.894,0.001118568,0.000732709
10334,2022,1,Paraná Pesquisas,Paraná Pesquisas,2022-08-23,2022-08-23,40,estimulada,votos totais,BR-03138/2022,,2020,2.2,2.2,26688,cenário 1 - estimulada - 1º turno,Luiz Felipe d'Avila,NOVO,0,candidato,0.1,luiz felipe davila,0.001,luiz felipe chaves d avila,0.004734072,1,luiz felipe davila,candidato,0.894,0.001118568,-0.003615504
10334,2022,1,Paraná Pesquisas,Paraná Pesquisas,2022-08-23,2022-08-23,40,estimulada,votos totais,BR-03138/2022,,2020,2.2,2.2,26688,cenário 1 - estimulada - 1º turno,Eymael,DC,0,candidato,0.1,eymael,0.001,jose maria eymael,0.000140438,1,eymael,candidato,0.894,0.001118568,0.00097813
10334,2022,1,Paraná Pesquisas,Paraná Pesquisas,2022-08-23,2022-08-23,40,estimulada,votos totais,BR-03138/2022,,2020,2.2,2.2,26688,cenário 1 - estimulada - 1º turno,Soraya Thronicke,União Brasil,0,candidato,0.1,soraya thronicke,0.001,soraya vieira thronicke,0.005082944,1,soraya thronicke,candidato,0.894,0.001118568,-0.003964375
10334,2022,1,Paraná Pesquisas,Paraná Pesquisas,2022-08-23,2022-08-23,40,estimulada,votos totais,BR-03138/2022,,2020,2.2,2.2,26688,cenário 1 - estimulada - 1º turno,Ciro,PDT,0,candidato,7.3,ciro,0.073,ciro ferreira gomes,0.030443166,1,ciro,candidato,0.894,0.081655481,0.051212315
10334,2022,1,Paraná Pesquisas,Paraná Pesquisas,2022-08-23,2022-08-23,40,estimulada,votos totais,BR-03138/2022,,2020,2.2,2.2,26688,cenário 1 - estimulada - 1º turno,não sabem / não responderam,N/A,1,nao_sabe,4.1,nao sabem nao responderam,0.041,nao sabem nao responderam,,1,nao sabem nao responderam,nao_sabe,0.894,,
10334,2022,1,Paraná Pesquisas,Paraná Pesquisas,2022-08-23,2022-08-23,40,estimulada,votos totais,BR-03138/2022,,2020,2.2,2.2,26688,cenário 1 - estimulada - 1º turno,Leonardo Péricles,UP,0,candidato,0.1,leonardo pericles,0.001,leonardo pericles vieira roque,0.00045267,1,leonardo pericles,candidato,0.894,0.001118568,0.000665899
10334,2022,1,Paraná Pesquisas,Paraná Pesquisas,2022-08-23,2022-08-23,40,estimulada,votos totais,BR-03138/2022,,2020,2.2,2.2,26688,cenário 1 - estimulada - 1º turno,Pablo Marçal,PROS,0,candidato,0.4,pablo marcal,0.004,pablo marcal,,1,pablo marcal,candidato,0.894,,
10334,2022,1,Paraná Pesquisas,Paraná Pesquisas,2022-08-23,2022-08-23,40,estimulada,votos totais,BR-03138/2022,,2020,2.2,2.2,26688,cenário 1 - estimulada - 1º turno,Lula,PT,0,candidato,41.7,lula,0.417,luiz inacio lula da silva,0.484307199,1,lula,candidato,0.894,0.466442953,-0.017864246
10334,2022,1,Paraná Pesquisas,Paraná Pesquisas,2022-08-23,2022-08-23,40,estimulada,votos totais,BR-03138/2022,,2020,2.2,2.2,26688,cenário 1 - estimulada - 1º turno,Vera Lúcia Salgado,PSTU,0,candidato,0.2,vera lucia salgado,0.002,vera lucia pereira da silva salgado,0.000216739,1,vera lucia salgado,candidato,0.894,0.002237136,0.002020397
10334,2022,1,Paraná Pesquisas,Paraná Pesquisas,2022-08-23,2022-08-23,40,estimulada,votos totais,BR-03138/2022,,2020,2.2,2.2,26688,cenário 1 - estimulada - 1º turno,nenhum / brancos / nulos,N/A,1,branco_nulo,6,nenhum brancos nulos,0.06,nenhum brancos nulos,,1,nenhum brancos nulos,branco_nulo,0.894,,
10334,2022,1,Paraná Pesquisas,Paraná Pesquisas,2022-08-23,2022-08-23,40,estimulada,votos totais,BR-03138/2022,,2020,2.2,2.2,26688,cenário 1 - estimulada - 1º turno,Bolsonaro,PL,0,candidato,37,bolsonaro,0.37,jair messias bolsonaro,0.431975526,1,bolsonaro,candidato,0.894,0.413870246,-0.018105279
10334,2022,1,Paraná Pesquisas,Paraná Pesquisas,2022-08-23,2022-08-23,40,estimulada,votos totais,BR-03138/2022,,2020,2.2,2.2,26688,cenário 1 - estimulada - 1º turno,Simone Tebet,MDB,0,candidato,2.7,simone tebet,0.027,simone nassar tebet,0.04157519,1,simone tebet,candidato,0.894,0.030201342,-0.011373847
10334,2022,2,Paraná Pesquisas,Paraná Pesquisas,2022-08-23,2022-08-23,68,estimulada,votos totais,BR-03138/2022,,2020,2.2,2.2,26689,cenário 1 - estimulada - 2º turno,Bolsonaro,PL,0,candidato,40.4,bolsonaro,0.404,jair messias bolsonaro,0.490975949,2,bolsonaro,candidato,0.882,0.458049887,-0.032926062
10334,2022,2,Paraná Pesquisas,Paraná Pesquisas,2022-08-23,2022-08-23,68,estimulada,votos totais,BR-03138/2022,,2020,2.2,2.2,26689,cenário 1 - estimulada - 2º turno,não sabem / não responderam,N/A,1,nao_sabe,4.4,nao sabem nao responderam,0.044,nao sabem nao responderam,,2,nao sabem nao responderam,nao_sabe,0.882,,
10334,2022,2,Paraná Pesquisas,Paraná Pesquisas,2022-08-23,2022-08-23,68,estimulada,votos totais,BR-03138/2022,,2020,2.2,2.2,26689,cenário 1 - estimulada - 2º turno,Lula,PT,0,candidato,47.8,lula,0.478,luiz inacio lula da silva,0.509024051,2,lula,candidato,0.882,0.541950113,0.032926062
10334,2022,2,Paraná Pesquisas,Paraná Pesquisas,2022-08-23,2022-08-23,68,estimulada,votos totais,BR-03138/2022,,2020,2.2,2.2,26689,cenário 1 - estimulada - 2º turno,nenhum / brancos / nulos,N/A,1,branco_nulo,7.4,nenhum brancos nulos,0.074,nenhum brancos nulos,,2,nenhum brancos nulos,branco_nulo,0.882,,
10403,2022,1,Paraná Pesquisas,Paraná Pesquisas,2022-08-30,2022-08-30,33,estimulada,votos totais,BR-03492/2022,,2020,2.2,2.2,26847,cenário 1 - estimulado - 1º turno,Lula,PT,0,candidato,41.3,lula,0.413,luiz inacio lula da silva,0.484307199,1,lula,candidato,0.895,0.461452514,-0.022854685
10403,2022,1,Paraná Pesquisas,Paraná Pesquisas,2022-08-30,2022-08-30,33,estimulada,votos totais,BR-03492/2022,,2020,2.2,2.2,26847,cenário 1 - estimulado - 1º turno,Ciro,PDT,0,candidato,7.7,ciro,0.077,ciro ferreira gomes,0.030443166,1,ciro,candidato,0.895,0.08603352,0.055590353
10403,2022,1,Paraná Pesquisas,Paraná Pesquisas,2022-08-30,2022-08-30,33,estimulada,votos totais,BR-03492/2022,,2020,2.2,2.2,26847,cenário 1 - estimulado - 1º turno,nenhum / brancos / nulos,N/A,1,branco_nulo,5.9,nenhum brancos nulos,0.059,nenhum brancos nulos,,1,nenhum brancos nulos,branco_nulo,0.895,,
10403,2022,1,Paraná Pesquisas,Paraná Pesquisas,2022-08-30,2022-08-30,33,estimulada,votos totais,BR-03492/2022,,2020,2.2,2.2,26847,cenário 1 - estimulado - 1º turno,Leonardo Péricles,UP,0,candidato,0.1,leonardo pericles,0.001,leonardo pericles vieira roque,0.00045267,1,leonardo pericles,candidato,0.895,0.001117318,0.000664649
10403,2022,1,Paraná Pesquisas,Paraná Pesquisas,2022-08-30,2022-08-30,33,estimulada,votos totais,BR-03492/2022,,2020,2.2,2.2,26847,cenário 1 - estimulado - 1º turno,Roberto Jefferson,PTB,0,candidato,0,roberto jefferson,0,roberto jefferson,,1,roberto jefferson,candidato,0.895,,
10403,2022,1,Paraná Pesquisas,Paraná Pesquisas,2022-08-30,2022-08-30,33,estimulada,votos totais,BR-03492/2022,,2020,2.2,2.2,26847,cenário 1 - estimulado - 1º turno,Luiz Felipe d'Avila,NOVO,0,candidato,0.2,luiz felipe davila,0.002,luiz felipe chaves d avila,0.004734072,1,luiz felipe davila,candidato,0.895,0.002234637,-0.002499435
10403,2022,1,Paraná Pesquisas,Paraná Pesquisas,2022-08-30,2022-08-30,33,estimulada,votos totais,BR-03492/2022,,2020,2.2,2.2,26847,cenário 1 - estimulado - 1º turno,Pablo Marçal,PROS,0,candidato,0.6,pablo marcal,0.006,pablo marcal,,1,pablo marcal,candidato,0.895,,
10403,2022,1,Paraná Pesquisas,Paraná Pesquisas,2022-08-30,2022-08-30,33,estimulada,votos totais,BR-03492/2022,,2020,2.2,2.2,26847,cenário 1 - estimulado - 1º turno,Simone Tebet,MDB,0,candidato,2.4,simone tebet,0.024,simone nassar tebet,0.04157519,1,simone tebet,candidato,0.895,0.026815642,-0.014759547
10403,2022,1,Paraná Pesquisas,Paraná Pesquisas,2022-08-30,2022-08-30,33,estimulada,votos totais,BR-03492/2022,,2020,2.2,2.2,26847,cenário 1 - estimulado - 1º turno,não sabem / não responderam,N/A,1,nao_sabe,4,nao sabem nao responderam,0.04,nao sabem nao responderam,,1,nao sabem nao responderam,nao_sabe,0.895,,
10403,2022,1,Paraná Pesquisas,Paraná Pesquisas,2022-08-30,2022-08-30,33,estimulada,votos totais,BR-03492/2022,,2020,2.2,2.2,26847,cenário 1 - estimulado - 1º turno,Eymael,DC,0,candidato,0.1,eymael,0.001,jose maria eymael,0.000140438,1,eymael,candidato,0.895,0.001117318,0.00097688
10403,2022,1,Paraná Pesquisas,Paraná Pesquisas,2022-08-30,2022-08-30,33,estimulada,votos totais,BR-03492/2022,,2020,2.2,2.2,26847,cenário 1 - estimulado - 1º turno,Vera Lúcia Salgado,PSTU,0,candidato,0.3,vera lucia salgado,0.003,vera lucia pereira da silva salgado,0.000216739,1,vera lucia salgado,candidato,0.895,0.003351955,0.003135216
10403,2022,1,Paraná Pesquisas,Paraná Pesquisas,2022-08-30,2022-08-30,33,estimulada,votos totais,BR-03492/2022,,2020,2.2,2.2,26847,cenário 1 - estimulado - 1º turno,Bolsonaro,PL,0,candidato,37.1,bolsonaro,0.371,jair messias bolsonaro,0.431975526,1,bolsonaro,candidato,0.895,0.41452514,-0.017450386
10403,2022,1,Paraná Pesquisas,Paraná Pesquisas,2022-08-30,2022-08-30,33,estimulada,votos totais,BR-03492/2022,,2020,2.2,2.2,26847,cenário 1 - estimulado - 1º turno,Soraya Thronicke,União Brasil,0,candidato,0.1,soraya thronicke,0.001,soraya vieira thronicke,0.005082944,1,soraya thronicke,candidato,0.895,0.001117318,-0.003965625
10403,2022,1,Paraná Pesquisas,Paraná Pesquisas,2022-08-30,2022-08-30,33,estimulada,votos totais,BR-03492/2022,,2020,2.2,2.2,26847,cenário 1 - estimulado - 1º turno,Sofia Manzano,PCB,0,candidato,0.2,sofia manzano,0.002,sofia padua manzano,0.000385859,1,sofia manzano,candidato,0.895,0.002234637,0.001848778
10403,2022,2,Paraná Pesquisas,Paraná Pesquisas,2022-08-30,2022-08-30,61,estimulada,votos totais,BR-03492/2022,,2020,2.2,2.2,26848,cenário 1 - estimulado - 2º turno,não sabem / não responderam,N/A,1,nao_sabe,3.1,nao sabem nao responderam,0.031,nao sabem nao responderam,,2,nao sabem nao responderam,nao_sabe,0.886,,
10403,2022,2,Paraná Pesquisas,Paraná Pesquisas,2022-08-30,2022-08-30,61,estimulada,votos totais,BR-03492/2022,,2020,2.2,2.2,26848,cenário 1 - estimulado - 2º turno,nenhum / brancos / nulos,N/A,1,branco_nulo,8.3,nenhum brancos nulos,0.083,nenhum brancos nulos,,2,nenhum brancos nulos,branco_nulo,0.886,,
10403,2022,2,Paraná Pesquisas,Paraná Pesquisas,2022-08-30,2022-08-30,61,estimulada,votos totais,BR-03492/2022,,2020,2.2,2.2,26848,cenário 1 - estimulado - 2º turno,Lula,PT,0,candidato,47.8,lula,0.478,luiz inacio lula da silva,0.509024051,2,lula,candidato,0.886,0.539503386,0.030479335
10403,2022,2,Paraná Pesquisas,Paraná Pesquisas,2022-08-30,2022-08-30,61,estimulada,votos totais,BR-03492/2022,,2020,2.2,2.2,26848,cenário 1 - estimulado - 2º turno,Bolsonaro,PL,0,candidato,40.8,bolsonaro,0.408,jair messias bolsonaro,0.490975949,2,bolsonaro,candidato,0.886,0.460496614,-0.030479335
10442,2022,1,Paraná Pesquisas,Paraná Pesquisas,2022-09-05,2022-08-31,32,estimulada,votos totais,BR-09446/2022,,2020,2.2,2.2,26969,cenário 1 - estimulado - 1º turno,não sabem / não responderam,N/A,1,nao_sabe,4.2,nao sabem nao responderam,0.042,nao sabem nao responderam,,1,nao sabem nao responderam,nao_sabe,0.894,,
10442,2022,1,Paraná Pesquisas,Paraná Pesquisas,2022-09-05,2022-08-31,32,estimulada,votos totais,BR-09446/2022,,2020,2.2,2.2,26969,cenário 1 - estimulado - 1º turno,Ciro,PDT,0,candidato,7.3,ciro,0.073,ciro ferreira gomes,0.030443166,1,ciro,candidato,0.894,0.081655481,0.051212315
10442,2022,1,Paraná Pesquisas,Paraná Pesquisas,2022-09-05,2022-08-31,32,estimulada,votos totais,BR-09446/2022,,2020,2.2,2.2,26969,cenário 1 - estimulado - 1º turno,Soraya Thronicke,União Brasil,0,candidato,0.6,soraya thronicke,0.006,soraya vieira thronicke,0.005082944,1,soraya thronicke,candidato,0.894,0.006711409,0.001628466
10442,2022,1,Paraná Pesquisas,Paraná Pesquisas,2022-09-05,2022-08-31,32,estimulada,votos totais,BR-09446/2022,,2020,2.2,2.2,26969,cenário 1 - estimulado - 1º turno,Eymael,DC,0,candidato,0,eymael,0,jose maria eymael,0.000140438,1,eymael,candidato,0.894,0,-0.000140438
10442,2022,1,Paraná Pesquisas,Paraná Pesquisas,2022-09-05,2022-08-31,32,estimulada,votos totais,BR-09446/2022,,2020,2.2,2.2,26969,cenário 1 - estimulado - 1º turno,Sofia Manzano,PCB,0,candidato,0.1,sofia manzano,0.001,sofia padua manzano,0.000385859,1,sofia manzano,candidato,0.894,0.001118568,0.000732709
10442,2022,1,Paraná Pesquisas,Paraná Pesquisas,2022-09-05,2022-08-31,32,estimulada,votos totais,BR-09446/2022,,2020,2.2,2.2,26969,cenário 1 - estimulado - 1º turno,nenhum / brancos / nulos,N/A,1,branco_nulo,5.8,nenhum brancos nulos,0.058,nenhum brancos nulos,,1,nenhum brancos nulos,branco_nulo,0.894,,
10442,2022,1,Paraná Pesquisas,Paraná Pesquisas,2022-09-05,2022-08-31,32,estimulada,votos totais,BR-09446/2022,,2020,2.2,2.2,26969,cenário 1 - estimulado - 1º turno,Pablo Marçal,PROS,0,candidato,0.5,pablo marcal,0.005,pablo marcal,,1,pablo marcal,candidato,0.894,,
10442,2022,1,Paraná Pesquisas,Paraná Pesquisas,2022-09-05,2022-08-31,32,estimulada,votos totais,BR-09446/2022,,2020,2.2,2.2,26969,cenário 1 - estimulado - 1º turno,Bolsonaro,PL,0,candidato,36.4,bolsonaro,0.364,jair messias bolsonaro,0.431975526,1,bolsonaro,candidato,0.894,0.407158837,-0.024816689
10442,2022,1,Paraná Pesquisas,Paraná Pesquisas,2022-09-05,2022-08-31,32,estimulada,votos totais,BR-09446/2022,,2020,2.2,2.2,26969,cenário 1 - estimulado - 1º turno,Leonardo Péricles,UP,0,candidato,0.1,leonardo pericles,0.001,leonardo pericles vieira roque,0.00045267,1,leonardo pericles,candidato,0.894,0.001118568,0.000665899
10442,2022,1,Paraná Pesquisas,Paraná Pesquisas,2022-09-05,2022-08-31,32,estimulada,votos totais,BR-09446/2022,,2020,2.2,2.2,26969,cenário 1 - estimulado - 1º turno,Roberto Jefferson,PTB,0,candidato,0.1,roberto jefferson,0.001,roberto jefferson,,1,roberto jefferson,candidato,0.894,,
10442,2022,1,Paraná Pesquisas,Paraná Pesquisas,2022-09-05,2022-08-31,32,estimulada,votos totais,BR-09446/2022,,2020,2.2,2.2,26969,cenário 1 - estimulado - 1º turno,Luiz Felipe d'Avila,NOVO,0,candidato,0.3,luiz felipe davila,0.003,luiz felipe chaves d avila,0.004734072,1,luiz felipe davila,candidato,0.894,0.003355705,-0.001378367
10442,2022,1,Paraná Pesquisas,Paraná Pesquisas,2022-09-05,2022-08-31,32,estimulada,votos totais,BR-09446/2022,,2020,2.2,2.2,26969,cenário 1 - estimulado - 1º turno,Simone Tebet,MDB,0,candidato,4.1,simone tebet,0.041,simone nassar tebet,0.04157519,1,simone tebet,candidato,0.894,0.045861298,0.004286108
10442,2022,1,Paraná Pesquisas,Paraná Pesquisas,2022-09-05,2022-08-31,32,estimulada,votos totais,BR-09446/2022,,2020,2.2,2.2,26969,cenário 1 - estimulado - 1º turno,Vera Lúcia Salgado,PSTU,0,candidato,0.3,vera lucia salgado,0.003,vera lucia pereira da silva salgado,0.000216739,1,vera lucia salgado,candidato,0.894,0.003355705,0.003138966
10442,2022,1,Paraná Pesquisas,Paraná Pesquisas,2022-09-05,2022-08-31,32,estimulada,votos totais,BR-09446/2022,,2020,2.2,2.2,26969,cenário 1 - estimulado - 1º turno,Lula,PT,0,candidato,40.2,lula,0.402,luiz inacio lula da silva,0.484307199,1,lula,candidato,0.894,0.44966443,-0.034642769
10442,2022,2,Paraná Pesquisas,Paraná Pesquisas,2022-09-05,2022-08-31,60,estimulada,votos válidos,BR-09446/2022,,2020,2.2,2.2,26970,cenário 1 - estimulado - 2º turno,nenhum / brancos / nulos,N/A,1,branco_nulo,8.7,nenhum brancos nulos,0.087,nenhum brancos nulos,,2,nenhum brancos nulos,branco_nulo,0.876,,
10442,2022,2,Paraná Pesquisas,Paraná Pesquisas,2022-09-05,2022-08-31,60,estimulada,votos totais,BR-09446/2022,,2020,2.2,2.2,26970,cenário 1 - estimulado - 2º turno,Lula,PT,0,candidato,47.3,lula,0.473,luiz inacio lula da silva,0.509024051,2,lula,candidato,0.876,0.539954338,0.030930287
10442,2022,2,Paraná Pesquisas,Paraná Pesquisas,2022-09-05,2022-08-31,60,estimulada,votos totais,BR-09446/2022,,2020,2.2,2.2,26970,cenário 1 - estimulado - 2º turno,Bolsonaro,PL,0,candidato,40.3,bolsonaro,0.403,jair messias bolsonaro,0.490975949,2,bolsonaro,candidato,0.876,0.460045662,-0.030930287
10442,2022,2,Paraná Pesquisas,Paraná Pesquisas,2022-09-05,2022-08-31,60,estimulada,votos totais,BR-09446/2022,,2020,2.2,2.2,26970,cenário 1 - estimulado - 2º turno,não sabem / não responderam,N/A,1,nao_sabe,3.7,nao sabem nao responderam,0.037,nao sabem nao responderam,,2,nao sabem nao responderam,nao_sabe,0.876,,
10521,2022,1,Paraná Pesquisas,Paraná Pesquisas,2022-09-12,2022-09-12,20,estimulada,votos totais,BR-05388/2022,,2020,2.2,2.2,27136,cenário 1 - estimulado - 1º turno,Simone Tebet,MDB,0,candidato,4.7,simone tebet,0.047,simone nassar tebet,0.04157519,1,simone tebet,candidato,0.895,0.052513966,0.010938777
10521,2022,1,Paraná Pesquisas,Paraná Pesquisas,2022-09-12,2022-09-12,20,estimulada,votos totais,BR-05388/2022,,2020,2.2,2.2,27136,cenário 1 - estimulado - 1º turno,Lula,PT,0,candidato,39.6,lula,0.396,luiz inacio lula da silva,0.484307199,1,lula,candidato,0.895,0.442458101,-0.041849098
10521,2022,1,Paraná Pesquisas,Paraná Pesquisas,2022-09-12,2022-09-12,20,estimulada,votos totais,BR-05388/2022,,2020,2.2,2.2,27136,cenário 1 - estimulado - 1º turno,Pablo Marçal,PROS,0,candidato,0.4,pablo marcal,0.004,pablo marcal,,1,pablo marcal,candidato,0.895,,
10521,2022,1,Paraná Pesquisas,Paraná Pesquisas,2022-09-12,2022-09-12,20,estimulada,votos totais,BR-05388/2022,,2020,2.2,2.2,27136,cenário 1 - estimulado - 1º turno,não sabem / não responderam,N/A,1,nao_sabe,4,nao sabem nao responderam,0.04,nao sabem nao responderam,,1,nao sabem nao responderam,nao_sabe,0.895,,
10521,2022,1,Paraná Pesquisas,Paraná Pesquisas,2022-09-12,2022-09-12,20,estimulada,votos totais,BR-05388/2022,,2020,2.2,2.2,27136,cenário 1 - estimulado - 1º turno,Ciro,PDT,0,candidato,7.4,ciro,0.074,ciro ferreira gomes,0.030443166,1,ciro,candidato,0.895,0.082681564,0.052238398
10521,2022,1,Paraná Pesquisas,Paraná Pesquisas,2022-09-12,2022-09-12,20,estimulada,votos totais,BR-05388/2022,,2020,2.2,2.2,27136,cenário 1 - estimulado - 1º turno,Luiz Felipe d'Avila,NOVO,0,candidato,0.5,luiz felipe davila,0.005,luiz felipe chaves d avila,0.004734072,1,luiz felipe davila,candidato,0.895,0.005586592,0.00085252
10521,2022,1,Paraná Pesquisas,Paraná Pesquisas,2022-09-12,2022-09-12,20,estimulada,votos totais,BR-05388/2022,,2020,2.2,2.2,27136,cenário 1 - estimulado - 1º turno,Soraya Thronicke,União Brasil,0,candidato,0.4,soraya thronicke,0.004,soraya vieira thronicke,0.005082944,1,soraya thronicke,candidato,0.895,0.004469274,-0.00061367
10521,2022,1,Paraná Pesquisas,Paraná Pesquisas,2022-09-12,2022-09-12,20,estimulada,votos totais,BR-05388/2022,,2020,2.2,2.2,27136,cenário 1 - estimulado - 1º turno,Vera Lúcia Salgado,PSTU,0,candidato,0.1,vera lucia salgado,0.001,vera lucia pereira da silva salgado,0.000216739,1,vera lucia salgado,candidato,0.895,0.001117318,0.000900579
10521,2022,1,Paraná Pesquisas,Paraná Pesquisas,2022-09-12,2022-09-12,20,estimulada,votos totais,BR-05388/2022,,2020,2.2,2.2,27136,cenário 1 - estimulado - 1º turno,Leonardo Péricles,UP,0,candidato,0.1,leonardo pericles,0.001,leonardo pericles vieira roque,0.00045267,1,leonardo pericles,candidato,0.895,0.001117318,0.000664649
10521,2022,1,Paraná Pesquisas,Paraná Pesquisas,2022-09-12,2022-09-12,20,estimulada,votos totais,BR-05388/2022,,2020,2.2,2.2,27136,cenário 1 - estimulado - 1º turno,Bolsonaro,PL,0,candidato,36.5,bolsonaro,0.365,jair messias bolsonaro,0.431975526,1,bolsonaro,candidato,0.895,0.407821229,-0.024154296
10521,2022,1,Paraná Pesquisas,Paraná Pesquisas,2022-09-12,2022-09-12,20,estimulada,votos totais,BR-05388/2022,,2020,2.2,2.2,27136,cenário 1 - estimulado - 1º turno,Sofia Manzano,PCB,0,candidato,0.1,sofia manzano,0.001,sofia padua manzano,0.000385859,1,sofia manzano,candidato,0.895,0.001117318,0.000731459
10521,2022,1,Paraná Pesquisas,Paraná Pesquisas,2022-09-12,2022-09-12,20,estimulada,votos totais,BR-05388/2022,,2020,2.2,2.2,27136,cenário 1 - estimulado - 1º turno,Padre Kelmon,DC,0,candidato,0.1,padre kelmon,0.001,kelmon luis da silva souza,0.000686198,1,padre kelmon,candidato,0.895,0.001117318,0.00043112
10521,2022,1,Paraná Pesquisas,Paraná Pesquisas,2022-09-12,2022-09-12,20,estimulada,votos totais,BR-05388/2022,,2020,2.2,2.2,27136,cenário 1 - estimulado - 1º turno,nenhum / brancos / nulos,N/A,1,branco_nulo,6,nenhum brancos nulos,0.06,nenhum brancos nulos,,1,nenhum brancos nulos,branco_nulo,0.895,,
10521,2022,1,Paraná Pesquisas,Paraná Pesquisas,2022-09-12,2022-09-12,20,estimulada,votos totais,BR-05388/2022,,2020,2.2,2.2,27136,cenário 1 - estimulado - 1º turno,Eymael,DC,0,candidato,0,eymael,0,jose maria eymael,0.000140438,1,eymael,candidato,0.895,0,-0.000140438
10521,2022,2,Paraná Pesquisas,Paraná Pesquisas,2022-09-12,2022-09-12,48,estimulada,votos totais,BR-05388/2022,,2020,2.2,2.2,27137,cenário 1 - estimulado - 2º turno,nenhum / brancos / nulos,N/A,1,branco_nulo,7.9,nenhum brancos nulos,0.079,nenhum brancos nulos,,2,nenhum brancos nulos,branco_nulo,0.886,,
10521,2022,2,Paraná Pesquisas,Paraná Pesquisas,2022-09-12,2022-09-12,48,estimulada,votos totais,BR-05388/2022,,2020,2.2,2.2,27137,cenário 1 - estimulado - 2º turno,Lula,PT,0,candidato,47.4,lula,0.474,luiz inacio lula da silva,0.509024051,2,lula,candidato,0.886,0.534988713,0.025964662
10521,2022,2,Paraná Pesquisas,Paraná Pesquisas,2022-09-12,2022-09-12,48,estimulada,votos totais,BR-05388/2022,,2020,2.2,2.2,27137,cenário 1 - estimulado - 2º turno,não sabem / não responderam,N/A,1,nao_sabe,3.6,nao sabem nao responderam,0.036,nao sabem nao responderam,,2,nao sabem nao responderam,nao_sabe,0.886,,
10521,2022,2,Paraná Pesquisas,Paraná Pesquisas,2022-09-12,2022-09-12,48,estimulada,votos totais,BR-05388/2022,,2020,2.2,2.2,27137,cenário 1 - estimulado - 2º turno,Bolsonaro,PL,0,candidato,41.2,bolsonaro,0.412,jair messias bolsonaro,0.490975949,2,bolsonaro,candidato,0.886,0.465011287,-0.025964662
10637,2022,1,Paraná Pesquisas,Paraná Pesquisas,2022-09-19,2022-09-19,13,estimulada,votos totais,BR-09417/2022,,2020,2.2,2.2,27382,cenário 1 - estimulada - 1º turno,Vera Lúcia Salgado,PSTU,0,candidato,0.2,vera lucia salgado,0.002,vera lucia pereira da silva salgado,0.000216739,1,vera lucia salgado,candidato,0.897,0.002229654,0.002012915
10637,2022,1,Paraná Pesquisas,Paraná Pesquisas,2022-09-19,2022-09-19,13,estimulada,votos totais,BR-09417/2022,,2020,2.2,2.2,27382,cenário 1 - estimulada - 1º turno,não sabem / não responderam,N/A,1,nao_sabe,4.7,nao sabem nao responderam,0.047,nao sabem nao responderam,,1,nao sabem nao responderam,nao_sabe,0.897,,
10637,2022,1,Paraná Pesquisas,Paraná Pesquisas,2022-09-19,2022-09-19,13,estimulada,votos totais,BR-09417/2022,,2020,2.2,2.2,27382,cenário 1 - estimulada - 1º turno,Lula,PT,0,candidato,40.1,lula,0.401,luiz inacio lula da silva,0.484307199,1,lula,candidato,0.897,0.447045708,-0.037261491
10637,2022,1,Paraná Pesquisas,Paraná Pesquisas,2022-09-19,2022-09-19,13,estimulada,votos totais,BR-09417/2022,,2020,2.2,2.2,27382,cenário 1 - estimulada - 1º turno,Simone Tebet,MDB,0,candidato,4.6,simone tebet,0.046,simone nassar tebet,0.04157519,1,simone tebet,candidato,0.897,0.051282051,0.009706862
10637,2022,1,Paraná Pesquisas,Paraná Pesquisas,2022-09-19,2022-09-19,13,estimulada,votos totais,BR-09417/2022,,2020,2.2,2.2,27382,cenário 1 - estimulada - 1º turno,nenhum / brancos / nulos,N/A,1,branco_nulo,5.6,nenhum brancos nulos,0.056,nenhum brancos nulos,,1,nenhum brancos nulos,branco_nulo,0.897,,
10637,2022,1,Paraná Pesquisas,Paraná Pesquisas,2022-09-19,2022-09-19,13,estimulada,votos totais,BR-09417/2022,,2020,2.2,2.2,27382,cenário 1 - estimulada - 1º turno,Soraya Thronicke,União Brasil,0,candidato,0.7,soraya thronicke,0.007,soraya vieira thronicke,0.005082944,1,soraya thronicke,candidato,0.897,0.00780379,0.002720847
10637,2022,1,Paraná Pesquisas,Paraná Pesquisas,2022-09-19,2022-09-19,13,estimulada,votos totais,BR-09417/2022,,2020,2.2,2.2,27382,cenário 1 - estimulada - 1º turno,Eymael,DC,0,candidato,0,eymael,0,jose maria eymael,0.000140438,1,eymael,candidato,0.897,0,-0.000140438
10637,2022,1,Paraná Pesquisas,Paraná Pesquisas,2022-09-19,2022-09-19,13,estimulada,votos totais,BR-09417/2022,,2020,2.2,2.2,27382,cenário 1 - estimulada - 1º turno,Ciro,PDT,0,candidato,7.2,ciro,0.072,ciro ferreira gomes,0.030443166,1,ciro,candidato,0.897,0.080267559,0.049824392
10637,2022,1,Paraná Pesquisas,Paraná Pesquisas,2022-09-19,2022-09-19,13,estimulada,votos totais,BR-09417/2022,,2020,2.2,2.2,27382,cenário 1 - estimulada - 1º turno,Bolsonaro,PL,0,candidato,36.4,bolsonaro,0.364,jair messias bolsonaro,0.431975526,1,bolsonaro,candidato,0.897,0.405797101,-0.026178424
10637,2022,1,Paraná Pesquisas,Paraná Pesquisas,2022-09-19,2022-09-19,13,estimulada,votos totais,BR-09417/2022,,2020,2.2,2.2,27382,cenário 1 - estimulada - 1º turno,Sofia Manzano,PC do B,0,candidato,0.2,sofia manzano,0.002,sofia padua manzano,0.000385859,1,sofia manzano,candidato,0.897,0.002229654,0.001843795
10637,2022,1,Paraná Pesquisas,Paraná Pesquisas,2022-09-19,2022-09-19,13,estimulada,votos totais,BR-09417/2022,,2020,2.2,2.2,27382,cenário 1 - estimulada - 1º turno,Padre Kelmon,PTB,0,candidato,0.1,padre kelmon,0.001,kelmon luis da silva souza,0.000686198,1,padre kelmon,candidato,0.897,0.001114827,0.000428629
10637,2022,1,Paraná Pesquisas,Paraná Pesquisas,2022-09-19,2022-09-19,13,estimulada,votos totais,BR-09417/2022,,2020,2.2,2.2,27382,cenário 1 - estimulada - 1º turno,Leonardo Péricles,UP,0,candidato,0,leonardo pericles,0,leonardo pericles vieira roque,0.00045267,1,leonardo pericles,candidato,0.897,0,-0.00045267
10637,2022,1,Paraná Pesquisas,Paraná Pesquisas,2022-09-19,2022-09-19,13,estimulada,votos totais,BR-09417/2022,,2020,2.2,2.2,27382,cenário 1 - estimulada - 1º turno,Luiz Felipe d'Avila,NOVO,0,candidato,0.2,luiz felipe davila,0.002,luiz felipe chaves d avila,0.004734072,1,luiz felipe davila,candidato,0.897,0.002229654,-0.002504418
10637,2022,2,Paraná Pesquisas,Paraná Pesquisas,2022-09-19,2022-09-19,41,estimulada,votos totais,BR-09417/2022,,2020,2.2,2.2,27383,cenário 1 - estimulada - 2º turno,Lula,PT,0,candidato,47.3,lula,0.473,luiz inacio lula da silva,0.509024051,2,lula,candidato,0.88,0.5375,0.028475949
10637,2022,2,Paraná Pesquisas,Paraná Pesquisas,2022-09-19,2022-09-19,41,estimulada,votos totais,BR-09417/2022,,2020,2.2,2.2,27383,cenário 1 - estimulada - 2º turno,nenhum / brancos / nulos,N/A,1,branco_nulo,8.3,nenhum brancos nulos,0.083,nenhum brancos nulos,,2,nenhum brancos nulos,branco_nulo,0.88,,
10637,2022,2,Paraná Pesquisas,Paraná Pesquisas,2022-09-19,2022-09-19,41,estimulada,votos totais,BR-09417/2022,,2020,2.2,2.2,27383,cenário 1 - estimulada - 2º turno,não sabem / não responderam,N/A,1,nao_sabe,3.6,nao sabem nao responderam,0.036,nao sabem nao responderam,,2,nao sabem nao responderam,nao_sabe,0.88,,
10637,2022,2,Paraná Pesquisas,Paraná Pesquisas,2022-09-19,2022-09-19,41,estimulada,votos totais,BR-09417/2022,,2020,2.2,2.2,27383,cenário 1 - estimulada - 2º turno,Bolsonaro,PL,0,candidato,40.7,bolsonaro,0.407,jair messias bolsonaro,0.490975949,2,bolsonaro,candidato,0.88,0.4625,-0.028475949
10758,2022,1,Paraná Pesquisas,BGC Liquidez,2022-09-26,2022-09-26,6,estimulada,votos totais,BR-03928/2022,,2020,2.2,2.2,27641,cenário 1 - estimulado - 1º turno,Lula,PT,0,candidato,42.7,lula,0.427,luiz inacio lula da silva,0.484307199,1,lula,candidato,0.909,0.469746975,-0.014560224
10758,2022,1,Paraná Pesquisas,BGC Liquidez,2022-09-26,2022-09-26,6,estimulada,votos totais,BR-03928/2022,,2020,2.2,2.2,27641,cenário 1 - estimulado - 1º turno,Soraya Thronicke,União Brasil,0,candidato,0.8,soraya thronicke,0.008,soraya vieira thronicke,0.005082944,1,soraya thronicke,candidato,0.909,0.00880088,0.003717936
10758,2022,1,Paraná Pesquisas,BGC Liquidez,2022-09-26,2022-09-26,6,estimulada,votos totais,BR-03928/2022,,2020,2.2,2.2,27641,cenário 1 - estimulado - 1º turno,nenhum / brancos / nulos,N/A,1,branco_nulo,4.6,nenhum brancos nulos,0.046,nenhum brancos nulos,,1,nenhum brancos nulos,branco_nulo,0.909,,
10758,2022,1,Paraná Pesquisas,BGC Liquidez,2022-09-26,2022-09-26,6,estimulada,votos totais,BR-03928/2022,,2020,2.2,2.2,27641,cenário 1 - estimulado - 1º turno,Vera Lúcia Salgado,PSTU,0,candidato,0.1,vera lucia salgado,0.001,vera lucia pereira da silva salgado,0.000216739,1,vera lucia salgado,candidato,0.909,0.00110011,0.000883371
10758,2022,1,Paraná Pesquisas,BGC Liquidez,2022-09-26,2022-09-26,6,estimulada,votos totais,BR-03928/2022,,2020,2.2,2.2,27641,cenário 1 - estimulado - 1º turno,Simone Tebet,MDB,0,candidato,5,simone tebet,0.05,simone nassar tebet,0.04157519,1,simone tebet,candidato,0.909,0.055005501,0.013430311
10758,2022,1,Paraná Pesquisas,BGC Liquidez,2022-09-26,2022-09-26,6,estimulada,votos totais,BR-03928/2022,,2020,2.2,2.2,27641,cenário 1 - estimulado - 1º turno,não sabem / não responderam,N/A,1,nao_sabe,4.6,nao sabem nao responderam,0.046,nao sabem nao responderam,,1,nao sabem nao responderam,nao_sabe,0.909,,
10758,2022,1,Paraná Pesquisas,BGC Liquidez,2022-09-26,2022-09-26,6,estimulada,votos totais,BR-03928/2022,,2020,2.2,2.2,27641,cenário 1 - estimulado - 1º turno,Eymael,DC,0,candidato,0,eymael,0,jose maria eymael,0.000140438,1,eymael,candidato,0.909,0,-0.000140438
10758,2022,1,Paraná Pesquisas,BGC Liquidez,2022-09-26,2022-09-26,6,estimulada,votos totais,BR-03928/2022,,2020,2.2,2.2,27641,cenário 1 - estimulado - 1º turno,Leonardo Péricles,UP,0,candidato,0.1,leonardo pericles,0.001,leonardo pericles vieira roque,0.00045267,1,leonardo pericles,candidato,0.909,0.00110011,0.00064744
10758,2022,1,Paraná Pesquisas,BGC Liquidez,2022-09-26,2022-09-26,6,estimulada,votos totais,BR-03928/2022,,2020,2.2,2.2,27641,cenário 1 - estimulado - 1º turno,Ciro,PDT,0,candidato,5.6,ciro,0.056,ciro ferreira gomes,0.030443166,1,ciro,candidato,0.909,0.061606161,0.031162994
10758,2022,1,Paraná Pesquisas,BGC Liquidez,2022-09-26,2022-09-26,6,estimulada,votos totais,BR-03928/2022,,2020,2.2,2.2,27641,cenário 1 - estimulado - 1º turno,Bolsonaro,PL,0,candidato,36.4,bolsonaro,0.364,jair messias bolsonaro,0.431975526,1,bolsonaro,candidato,0.909,0.400440044,-0.031535482
10758,2022,1,Paraná Pesquisas,BGC Liquidez,2022-09-26,2022-09-26,6,estimulada,votos totais,BR-03928/2022,,2020,2.2,2.2,27641,cenário 1 - estimulado - 1º turno,Sofia Manzano,PCB,0,candidato,0,sofia manzano,0,sofia padua manzano,0.000385859,1,sofia manzano,candidato,0.909,0,-0.000385859
10758,2022,1,Paraná Pesquisas,BGC Liquidez,2022-09-26,2022-09-26,6,estimulada,votos totais,BR-03928/2022,,2020,2.2,2.2,27641,cenário 1 - estimulado - 1º turno,Luiz Felipe d'Avila,NOVO,0,candidato,0.1,luiz felipe davila,0.001,luiz felipe chaves d avila,0.004734072,1,luiz felipe davila,candidato,0.909,0.00110011,-0.003633962
10758,2022,1,Paraná Pesquisas,BGC Liquidez,2022-09-26,2022-09-26,6,estimulada,votos totais,BR-03928/2022,,2020,2.2,2.2,27641,cenário 1 - estimulado - 1º turno,Padre Kelmon,PTB,0,candidato,0.1,padre kelmon,0.001,kelmon luis da silva souza,0.000686198,1,padre kelmon,candidato,0.909,0.00110011,0.000413912
10758,2022,2,Paraná Pesquisas,BGC Liquidez,2022-09-26,2022-09-26,34,estimulada,votos totais,BR-03928/2022,,2020,2.2,2.2,27642,cenário 1 - estimulado - 2º turno,não sabem / não responderam,N/A,1,nao_sabe,3.7,nao sabem nao responderam,0.037,nao sabem nao responderam,,2,nao sabem nao responderam,nao_sabe,0.884,,
10758,2022,2,Paraná Pesquisas,BGC Liquidez,2022-09-26,2022-09-26,34,estimulada,votos totais,BR-03928/2022,,2020,2.2,2.2,27642,cenário 1 - estimulado - 2º turno,nenhum / brancos / nulos,N/A,1,branco_nulo,7.9,nenhum brancos nulos,0.079,nenhum brancos nulos,,2,nenhum brancos nulos,branco_nulo,0.884,,
10758,2022,2,Paraná Pesquisas,BGC Liquidez,2022-09-26,2022-09-26,34,estimulada,votos totais,BR-03928/2022,,2020,2.2,2.2,27642,cenário 1 - estimulado - 2º turno,Bolsonaro,PL,0,candidato,40.4,bolsonaro,0.404,jair messias bolsonaro,0.490975949,2,bolsonaro,candidato,0.884,0.457013575,-0.033962374
10758,2022,2,Paraná Pesquisas,BGC Liquidez,2022-09-26,2022-09-26,34,estimulada,votos totais,BR-03928/2022,,2020,2.2,2.2,27642,cenário 1 - estimulado - 2º turno,Lula,PT,0,candidato,48,lula,0.48,luiz inacio lula da silva,0.509024051,2,lula,candidato,0.884,0.542986425,0.033962374
10873,2022,1,Paraná Pesquisas,Paraná Pesquisas,2022-09-29,2022-09-29,3,estimulada,votos totais,BR-07917/2022,,2020,2.2,2.2,27876,cenário 1 - estimulada - 1º turno,Bolsonaro,PL,0,candidato,37.3,bolsonaro,0.373,jair messias bolsonaro,0.431975526,1,bolsonaro,candidato,0.931,0.400644468,-0.031331057
10873,2022,1,Paraná Pesquisas,Paraná Pesquisas,2022-09-29,2022-09-29,3,estimulada,votos totais,BR-07917/2022,,2020,2.2,2.2,27876,cenário 1 - estimulada - 1º turno,Leonardo Péricles,UP,0,candidato,0,leonardo pericles,0,leonardo pericles vieira roque,0.00045267,1,leonardo pericles,candidato,0.931,0,-0.00045267
10873,2022,1,Paraná Pesquisas,Paraná Pesquisas,2022-09-29,2022-09-29,3,estimulada,votos totais,BR-07917/2022,,2020,2.2,2.2,27876,cenário 1 - estimulada - 1º turno,Sofia Manzano,PCB,0,candidato,0,sofia manzano,0,sofia padua manzano,0.000385859,1,sofia manzano,candidato,0.931,0,-0.000385859
10873,2022,1,Paraná Pesquisas,Paraná Pesquisas,2022-09-29,2022-09-29,3,estimulada,votos totais,BR-07917/2022,,2020,2.2,2.2,27876,cenário 1 - estimulada - 1º turno,não sabem / não responderam,N/A,1,nao_sabe,3.1,nao sabem nao responderam,0.031,nao sabem nao responderam,,1,nao sabem nao responderam,nao_sabe,0.931,,
10873,2022,1,Paraná Pesquisas,Paraná Pesquisas,2022-09-29,2022-09-29,3,estimulada,votos totais,BR-07917/2022,,2020,2.2,2.2,27876,cenário 1 - estimulada - 1º turno,Soraya Thronicke,União Brasil,0,candidato,0.5,soraya thronicke,0.005,soraya vieira thronicke,0.005082944,1,soraya thronicke,candidato,0.931,0.005370569,0.000287626
10873,2022,1,Paraná Pesquisas,Paraná Pesquisas,2022-09-29,2022-09-29,3,estimulada,votos totais,BR-07917/2022,,2020,2.2,2.2,27876,cenário 1 - estimulada - 1º turno,nenhum / brancos / nulos,N/A,1,branco_nulo,3.8,nenhum brancos nulos,0.038,nenhum brancos nulos,,1,nenhum brancos nulos,branco_nulo,0.931,,
10873,2022,1,Paraná Pesquisas,Paraná Pesquisas,2022-09-29,2022-09-29,3,estimulada,votos totais,BR-07917/2022,,2020,2.2,2.2,27876,cenário 1 - estimulada - 1º turno,Ciro,PDT,0,candidato,4.9,ciro,0.049,ciro ferreira gomes,0.030443166,1,ciro,candidato,0.931,0.052631579,0.022188413
10873,2022,1,Paraná Pesquisas,Paraná Pesquisas,2022-09-29,2022-09-29,3,estimulada,votos totais,BR-07917/2022,,2020,2.2,2.2,27876,cenário 1 - estimulada - 1º turno,Vera Lúcia Salgado,PSTU,0,candidato,0.1,vera lucia salgado,0.001,vera lucia pereira da silva salgado,0.000216739,1,vera lucia salgado,candidato,0.931,0.001074114,0.000857375
10873,2022,1,Paraná Pesquisas,Paraná Pesquisas,2022-09-29,2022-09-29,3,estimulada,votos totais,BR-07917/2022,,2020,2.2,2.2,27876,cenário 1 - estimulada - 1º turno,Luiz Felipe d'Avila,NOVO,0,candidato,0.4,luiz felipe davila,0.004,luiz felipe chaves d avila,0.004734072,1,luiz felipe davila,candidato,0.931,0.004296455,-0.000437617
10873,2022,1,Paraná Pesquisas,Paraná Pesquisas,2022-09-29,2022-09-29,3,estimulada,votos totais,BR-07917/2022,,2020,2.2,2.2,27876,cenário 1 - estimulada - 1º turno,Eymael,DC,0,candidato,0.1,eymael,0.001,jose maria eymael,0.000140438,1,eymael,candidato,0.931,0.001074114,0.000933675
10873,2022,1,Paraná Pesquisas,Paraná Pesquisas,2022-09-29,2022-09-29,3,estimulada,votos totais,BR-07917/2022,,2020,2.2,2.2,27876,cenário 1 - estimulada - 1º turno,Padre Kelmon,PTB,0,candidato,0.1,padre kelmon,0.001,kelmon luis da silva souza,0.000686198,1,padre kelmon,candidato,0.931,0.001074114,0.000387916
10873,2022,1,Paraná Pesquisas,Paraná Pesquisas,2022-09-29,2022-09-29,3,estimulada,votos totais,BR-07917/2022,,2020,2.2,2.2,27876,cenário 1 - estimulada - 1º turno,Simone Tebet,MDB,0,candidato,5.8,simone tebet,0.058,simone nassar tebet,0.04157519,1,simone tebet,candidato,0.931,0.062298604,0.020723414
10873,2022,1,Paraná Pesquisas,Paraná Pesquisas,2022-09-29,2022-09-29,3,estimulada,votos totais,BR-07917/2022,,2020,2.2,2.2,27876,cenário 1 - estimulada - 1º turno,Lula,PT,0,candidato,43.9,lula,0.439,luiz inacio lula da silva,0.484307199,1,lula,candidato,0.931,0.471535983,-0.012771216
11045,2022,2,Paraná Pesquisas,PP,2022-10-12,2022-10-12,18,estimulada,votos totais,BR-08438/2022,,2020,2.2,2.2,28146,cenário 1 - estimulado - 2º turno,Lula,PT,0,candidato,47.6,lula,0.476,luiz inacio lula da silva,0.509024051,2,lula,candidato,0.917,0.519083969,0.010059918
11045,2022,2,Paraná Pesquisas,PP,2022-10-12,2022-10-12,18,estimulada,votos totais,BR-08438/2022,,2020,2.2,2.2,28146,cenário 1 - estimulado - 2º turno,não sabem / não responderam,N/A,1,nao_sabe,3.6,nao sabem nao responderam,0.036,nao sabem nao responderam,,2,nao sabem nao responderam,nao_sabe,0.917,,
11045,2022,2,Paraná Pesquisas,PP,2022-10-12,2022-10-12,18,estimulada,votos totais,BR-08438/2022,,2020,2.2,2.2,28146,cenário 1 - estimulado - 2º turno,nenhum / brancos / nulos,N/A,1,branco_nulo,4.8,nenhum brancos nulos,0.048,nenhum brancos nulos,,2,nenhum brancos nulos,branco_nulo,0.917,,
11045,2022,2,Paraná Pesquisas,PP,2022-10-12,2022-10-12,18,estimulada,votos totais,BR-08438/2022,,2020,2.2,2.2,28146,cenário 1 - estimulado - 2º turno,Bolsonaro,PL,0,candidato,44.1,bolsonaro,0.441,jair messias bolsonaro,0.490975949,2,bolsonaro,candidato,0.917,0.480916031,-0.010059918
11093,2022,2,Paraná Pesquisas,Paraná Pesquisas,2022-10-19,2022-10-19,11,estimulada,votos totais,BR-02276/2022,,2020,2.2,2.2,28223,Cenário 1 - estimulado - 2º turno,Bolsonaro,PL,0,candidato,44.5,bolsonaro,0.445,jair messias bolsonaro,0.490975949,2,bolsonaro,candidato,0.914,0.486870897,-0.004105052
11093,2022,2,Paraná Pesquisas,Paraná Pesquisas,2022-10-19,2022-10-19,11,estimulada,votos totais,BR-02276/2022,,2020,2.2,2.2,28223,Cenário 1 - estimulado - 2º turno,não sabem / não responderam,N/A,1,nao_sabe,3.6,nao sabem nao responderam,0.036,nao sabem nao responderam,,2,nao sabem nao responderam,nao_sabe,0.914,,
11093,2022,2,Paraná Pesquisas,Paraná Pesquisas,2022-10-19,2022-10-19,11,estimulada,votos totais,BR-02276/2022,,2020,2.2,2.2,28223,Cenário 1 - estimulado - 2º turno,Lula,PT,0,candidato,46.9,lula,0.469,luiz inacio lula da silva,0.509024051,2,lula,candidato,0.914,0.513129103,0.004105052
11093,2022,2,Paraná Pesquisas,Paraná Pesquisas,2022-10-19,2022-10-19,11,estimulada,votos totais,BR-02276/2022,,2020,2.2,2.2,28223,Cenário 1 - estimulado - 2º turno,nenhum / brancos / nulos,N/A,1,branco_nulo,5,nenhum brancos nulos,0.05,nenhum brancos nulos,,2,nenhum brancos nulos,branco_nulo,0.914,,
11126,2022,2,Paraná Pesquisas,Paraná Pesquisas,2022-10-24,2022-10-24,6,estimulada,votos totais,BR-00525/2022,,2020,2.2,2.2,28273,cenário 1 - estimulado - 2º turno,não sabem / não responderam,N/A,1,nao_sabe,3,nao sabem nao responderam,0.03,nao sabem nao responderam,,2,nao sabem nao responderam,nao_sabe,0.922,,
11126,2022,2,Paraná Pesquisas,Paraná Pesquisas,2022-10-24,2022-10-24,6,estimulada,votos totais,BR-00525/2022,,2020,2.2,2.2,28273,cenário 1 - estimulado - 2º turno,Lula,PT,0,candidato,46.3,lula,0.463,luiz inacio lula da silva,0.509024051,2,lula,candidato,0.922,0.502169197,-0.006854854
11126,2022,2,Paraná Pesquisas,Paraná Pesquisas,2022-10-24,2022-10-24,6,estimulada,votos totais,BR-00525/2022,,2020,2.2,2.2,28273,cenário 1 - estimulado - 2º turno,nenhum / brancos / nulos,N/A,1,branco_nulo,4.8,nenhum brancos nulos,0.048,nenhum brancos nulos,,2,nenhum brancos nulos,branco_nulo,0.922,,
11126,2022,2,Paraná Pesquisas,Paraná Pesquisas,2022-10-24,2022-10-24,6,estimulada,votos totais,BR-00525/2022,,2020,2.2,2.2,28273,cenário 1 - estimulado - 2º turno,Bolsonaro,PL,0,candidato,45.9,bolsonaro,0.459,jair messias bolsonaro,0.490975949,2,bolsonaro,candidato,0.922,0.497830803,0.006854854
10835,2022,1,Datafolha,Folha de S. Paulo e Grupo Globo,2022-09-29,2022-09-29,3,estimulada,votos totais,BR-09479/2022,,6800,2,2,27791,cenário 1 - estimulada - 1º turno,Simone Tebet,MDB,0,candidato,5,simone tebet,0.05,simone nassar tebet,0.04157519,1,simone tebet,candidato,0.94,0.053191489,0.0116163
10835,2022,1,Datafolha,Folha de S. Paulo e Grupo Globo,2022-09-29,2022-09-29,3,estimulada,votos totais,BR-09479/2022,,6800,2,2,27791,cenário 1 - estimulada - 1º turno,não sabe,N/A,1,nao_sabe,2,nao sabe,0.02,nao sabe,,1,nao sabe,nao_sabe,0.94,,
10835,2022,1,Datafolha,Folha de S. Paulo e Grupo Globo,2022-09-29,2022-09-29,3,estimulada,votos totais,BR-09479/2022,,6800,2,2,27791,cenário 1 - estimulada - 1º turno,Soraya Thronicke,União Brasil,0,candidato,1,soraya thronicke,0.01,soraya vieira thronicke,0.005082944,1,soraya thronicke,candidato,0.94,0.010638298,0.005555354
10835,2022,1,Datafolha,Folha de S. Paulo e Grupo Globo,2022-09-29,2022-09-29,3,estimulada,votos totais,BR-09479/2022,,6800,2,2,27791,cenário 1 - estimulada - 1º turno,Vera Lúcia Salgado,PSTU,0,candidato,0,vera lucia salgado,0,vera lucia pereira da silva salgado,0.000216739,1,vera lucia salgado,candidato,0.94,0,-0.000216739
10835,2022,1,Datafolha,Folha de S. Paulo e Grupo Globo,2022-09-29,2022-09-29,3,estimulada,votos totais,BR-09479/2022,,6800,2,2,27791,cenário 1 - estimulada - 1º turno,Ciro,PDT,0,candidato,6,ciro,0.06,ciro ferreira gomes,0.030443166,1,ciro,candidato,0.94,0.063829787,0.033386621
10835,2022,1,Datafolha,Folha de S. Paulo e Grupo Globo,2022-09-29,2022-09-29,3,estimulada,votos totais,BR-09479/2022,,6800,2,2,27791,cenário 1 - estimulada - 1º turno,Leonardo Péricles,UP,0,candidato,0,leonardo pericles,0,leonardo pericles vieira roque,0.00045267,1,leonardo pericles,candidato,0.94,0,-0.00045267
10835,2022,1,Datafolha,Folha de S. Paulo e Grupo Globo,2022-09-29,2022-09-29,3,estimulada,votos totais,BR-09479/2022,,6800,2,2,27791,cenário 1 - estimulada - 1º turno,Padre Kelmon,PTB,0,candidato,0,padre kelmon,0,kelmon luis da silva souza,0.000686198,1,padre kelmon,candidato,0.94,0,-0.000686198
10835,2022,1,Datafolha,Folha de S. Paulo e Grupo Globo,2022-09-29,2022-09-29,3,estimulada,votos totais,BR-09479/2022,,6800,2,2,27791,cenário 1 - estimulada - 1º turno,Sofia Manzano,PCB,0,candidato,0,sofia manzano,0,sofia padua manzano,0.000385859,1,sofia manzano,candidato,0.94,0,-0.000385859
10835,2022,1,Datafolha,Folha de S. Paulo e Grupo Globo,2022-09-29,2022-09-29,3,estimulada,votos totais,BR-09479/2022,,6800,2,2,27791,cenário 1 - estimulada - 1º turno,Lula,PT,0,candidato,48,lula,0.48,luiz inacio lula da silva,0.484307199,1,lula,candidato,0.94,0.510638298,0.026331099
10835,2022,1,Datafolha,Folha de S. Paulo e Grupo Globo,2022-09-29,2022-09-29,3,estimulada,votos totais,BR-09479/2022,,6800,2,2,27791,cenário 1 - estimulada - 1º turno,nenhum / brancos / nulos,N/A,1,branco_nulo,3,nenhum brancos nulos,0.03,nenhum brancos nulos,,1,nenhum brancos nulos,branco_nulo,0.94,,
10835,2022,1,Datafolha,Folha de S. Paulo e Grupo Globo,2022-09-29,2022-09-29,3,estimulada,votos totais,BR-09479/2022,,6800,2,2,27791,cenário 1 - estimulada - 1º turno,Bolsonaro,PL,0,candidato,34,bolsonaro,0.34,jair messias bolsonaro,0.431975526,1,bolsonaro,candidato,0.94,0.361702128,-0.070273398
10835,2022,1,Datafolha,Folha de S. Paulo e Grupo Globo,2022-09-29,2022-09-29,3,estimulada,votos totais,BR-09479/2022,,6800,2,2,27791,cenário 1 - estimulada - 1º turno,Eymael,DC,0,candidato,0,eymael,0,jose maria eymael,0.000140438,1,eymael,candidato,0.94,0,-0.000140438
10835,2022,1,Datafolha,Folha de S. Paulo e Grupo Globo,2022-09-29,2022-09-29,3,estimulada,votos totais,BR-09479/2022,,6800,2,2,27791,cenário 1 - estimulada - 1º turno,Luiz Felipe d'Avila,NOVO,0,candidato,0,luiz felipe davila,0,luiz felipe chaves d avila,0.004734072,1,luiz felipe davila,candidato,0.94,0,-0.004734072
10835,2022,2,Datafolha,Folha de S. Paulo e Grupo Globo,2022-09-29,2022-09-29,31,estimulada,votos totais,BR-09479/2022,,6800,2,2,27792,cenário 1 - estimulada - 2º turno,nenhum / brancos / nulos,N/A,1,branco_nulo,6,nenhum brancos nulos,0.06,nenhum brancos nulos,,2,nenhum brancos nulos,branco_nulo,0.93,,
10835,2022,2,Datafolha,Folha de S. Paulo e Grupo Globo,2022-09-29,2022-09-29,31,estimulada,votos totais,BR-09479/2022,,6800,2,2,27792,cenário 1 - estimulada - 2º turno,Lula,PT,0,candidato,54,lula,0.54,luiz inacio lula da silva,0.509024051,2,lula,candidato,0.93,0.580645161,0.07162111
10835,2022,2,Datafolha,Folha de S. Paulo e Grupo Globo,2022-09-29,2022-09-29,31,estimulada,votos totais,BR-09479/2022,,6800,2,2,27792,cenário 1 - estimulada - 2º turno,não sabe,N/A,1,nao_sabe,1,nao sabe,0.01,nao sabe,,2,nao sabe,nao_sabe,0.93,,
10835,2022,2,Datafolha,Folha de S. Paulo e Grupo Globo,2022-09-29,2022-09-29,31,estimulada,votos totais,BR-09479/2022,,6800,2,2,27792,cenário 1 - estimulada - 2º turno,Bolsonaro,PL,0,candidato,39,bolsonaro,0.39,jair messias bolsonaro,0.490975949,2,bolsonaro,candidato,0.93,0.419354839,-0.07162111
10782,2022,1,PoderData,PoderData,2022-09-27,2022-09-27,5,estimulada,votos totais,BR-01426/2022,,4500,1.5,1.5,27680,cenário 1 - estimulado - 1º turno,Padre Kelmon,PTB,0,candidato,0,padre kelmon,0,kelmon luis da silva souza,0.000686198,1,padre kelmon,candidato,0.93,0,-0.000686198
10782,2022,1,PoderData,PoderData,2022-09-27,2022-09-27,5,estimulada,votos totais,BR-01426/2022,,4500,1.5,1.5,27680,cenário 1 - estimulado - 1º turno,Eymael,DC,0,candidato,0,eymael,0,jose maria eymael,0.000140438,1,eymael,candidato,0.93,0,-0.000140438
10782,2022,1,PoderData,PoderData,2022-09-27,2022-09-27,5,estimulada,votos totais,BR-01426/2022,,4500,1.5,1.5,27680,cenário 1 - estimulado - 1º turno,Leonardo Péricles,UP,0,candidato,0,leonardo pericles,0,leonardo pericles vieira roque,0.00045267,1,leonardo pericles,candidato,0.93,0,-0.00045267
10782,2022,1,PoderData,PoderData,2022-09-27,2022-09-27,5,estimulada,votos totais,BR-01426/2022,,4500,1.5,1.5,27680,cenário 1 - estimulado - 1º turno,Soraya Thronicke,União Brasil,0,candidato,1,soraya thronicke,0.01,soraya vieira thronicke,0.005082944,1,soraya thronicke,candidato,0.93,0.010752688,0.005669745
10782,2022,1,PoderData,PoderData,2022-09-27,2022-09-27,5,estimulada,votos totais,BR-01426/2022,,4500,1.5,1.5,27680,cenário 1 - estimulado - 1º turno,Bolsonaro,PL,0,candidato,36,bolsonaro,0.36,jair messias bolsonaro,0.431975526,1,bolsonaro,candidato,0.93,0.387096774,-0.044878751
10782,2022,1,PoderData,PoderData,2022-09-27,2022-09-27,5,estimulada,votos totais,BR-01426/2022,,4500,1.5,1.5,27680,cenário 1 - estimulado - 1º turno,brancos / nulos,N/A,1,branco_nulo,4,brancos nulos,0.04,brancos nulos,,1,brancos nulos,branco_nulo,0.93,,
10782,2022,1,PoderData,PoderData,2022-09-27,2022-09-27,5,estimulada,votos totais,BR-01426/2022,,4500,1.5,1.5,27680,cenário 1 - estimulado - 1º turno,Lula,PT,0,candidato,45,lula,0.45,luiz inacio lula da silva,0.484307199,1,lula,candidato,0.93,0.483870968,-0.000436231
10782,2022,1,PoderData,PoderData,2022-09-27,2022-09-27,5,estimulada,votos totais,BR-01426/2022,,4500,1.5,1.5,27680,cenário 1 - estimulado - 1º turno,Vera Lúcia Salgado,PSTU,0,candidato,0,vera lucia salgado,0,vera lucia pereira da silva salgado,0.000216739,1,vera lucia salgado,candidato,0.93,0,-0.000216739
10782,2022,1,PoderData,PoderData,2022-09-27,2022-09-27,5,estimulada,votos totais,BR-01426/2022,,4500,1.5,1.5,27680,cenário 1 - estimulado - 1º turno,Ciro,PDT,0,candidato,6,ciro,0.06,ciro ferreira gomes,0.030443166,1,ciro,candidato,0.93,0.064516129,0.034072963
10782,2022,1,PoderData,PoderData,2022-09-27,2022-09-27,5,estimulada,votos totais,BR-01426/2022,,4500,1.5,1.5,27680,cenário 1 - estimulado - 1º turno,Simone Tebet,MDB,0,candidato,4,simone tebet,0.04,simone nassar tebet,0.04157519,1,simone tebet,candidato,0.93,0.043010753,0.001435563
10782,2022,1,PoderData,PoderData,2022-09-27,2022-09-27,5,estimulada,votos totais,BR-01426/2022,,4500,1.5,1.5,27680,cenário 1 - estimulado - 1º turno,não sabe,N/A,1,nao_sabe,1,nao sabe,0.01,nao sabe,,1,nao sabe,nao_sabe,0.93,,
10782,2022,1,PoderData,PoderData,2022-09-27,2022-09-27,5,estimulada,votos totais,BR-01426/2022,,4500,1.5,1.5,27680,cenário 1 - estimulado - 1º turno,Luiz Felipe d'Avila,NOVO,0,candidato,1,luiz felipe davila,0.01,luiz felipe chaves d avila,0.004734072,1,luiz felipe davila,candidato,0.93,0.010752688,0.006018616
10782,2022,1,PoderData,PoderData,2022-09-27,2022-09-27,5,estimulada,votos totais,BR-01426/2022,,4500,1.5,1.5,27680,cenário 1 - estimulado - 1º turno,Sofia Manzano,PCB,0,candidato,0,sofia manzano,0,sofia padua manzano,0.000385859,1,sofia manzano,candidato,0.93,0,-0.000385859
10782,2022,2,PoderData,PoderData,2022-09-27,2022-09-27,33,estimulada,votos totais,BR-01426/2022,,4500,1.5,1.5,27681,cenário 1 - estimulado - 2º turno,Bolsonaro,PL,0,candidato,39,bolsonaro,0.39,jair messias bolsonaro,0.490975949,2,bolsonaro,candidato,0.9,0.433333333,-0.057642615
10782,2022,2,PoderData,PoderData,2022-09-27,2022-09-27,33,estimulada,votos totais,BR-01426/2022,,4500,1.5,1.5,27681,cenário 1 - estimulado - 2º turno,Lula,PT,0,candidato,51,lula,0.51,luiz inacio lula da silva,0.509024051,2,lula,candidato,0.9,0.566666667,0.057642615
10782,2022,2,PoderData,PoderData,2022-09-27,2022-09-27,33,estimulada,votos totais,BR-01426/2022,,4500,1.5,1.5,27681,cenário 1 - estimulado - 2º turno,não sabe,N/A,1,nao_sabe,1,nao sabe,0.01,nao sabe,,2,nao sabe,nao_sabe,0.9,,
10782,2022,2,PoderData,PoderData,2022-09-27,2022-09-27,33,estimulada,votos totais,BR-01426/2022,,4500,1.5,1.5,27681,cenário 1 - estimulado - 2º turno,brancos / nulos,N/A,1,branco_nulo,8,brancos nulos,0.08,brancos nulos,,2,brancos nulos,branco_nulo,0.9,,
10875,2022,1,AtlasIntel/Internet,Arko Advice,2022-09-28,2022-09-28,4,estimulada,votos totais,BR-01318/2022,,4500,1,1,27879,cenário 1 - estimulada - 1º turno,Luiz Felipe d'Avila,NOVO,0,candidato,0.7,luiz felipe davila,0.007,luiz felipe chaves d avila,0.004734072,1,luiz felipe davila,candidato,0.971,0.007209063,0.002474991
10875,2022,1,AtlasIntel/Internet,Arko Advice,2022-09-28,2022-09-28,4,estimulada,votos totais,BR-01318/2022,,4500,1,1,27879,cenário 1 - estimulada - 1º turno,branco / nulo / não votará,N/A,1,branco_nulo,2.7,branco nulo nao votara,0.027,branco nulo nao votara,,1,branco nulo nao votara,branco_nulo,0.971,,
10875,2022,1,AtlasIntel/Internet,Arko Advice,2022-09-28,2022-09-28,4,estimulada,votos totais,BR-01318/2022,,4500,1,1,27879,cenário 1 - estimulada - 1º turno,Vera Lúcia Salgado,PSTU,0,candidato,0.2,vera lucia salgado,0.002,vera lucia pereira da silva salgado,0.000216739,1,vera lucia salgado,candidato,0.971,0.002059732,0.001842993
10875,2022,1,AtlasIntel/Internet,Arko Advice,2022-09-28,2022-09-28,4,estimulada,votos totais,BR-01318/2022,,4500,1,1,27879,cenário 1 - estimulada - 1º turno,Sofia Manzano,PCB,0,candidato,0,sofia manzano,0,sofia padua manzano,0.000385859,1,sofia manzano,candidato,0.971,0,-0.000385859
10875,2022,1,AtlasIntel/Internet,Arko Advice,2022-09-28,2022-09-28,4,estimulada,votos totais,BR-01318/2022,,4500,1,1,27879,cenário 1 - estimulada - 1º turno,Bolsonaro,PL,0,candidato,39.9,bolsonaro,0.399,jair messias bolsonaro,0.431975526,1,bolsonaro,candidato,0.971,0.410916581,-0.021058945
10875,2022,1,AtlasIntel/Internet,Arko Advice,2022-09-28,2022-09-28,4,estimulada,votos totais,BR-01318/2022,,4500,1,1,27879,cenário 1 - estimulada - 1º turno,Padre Kelmon,PTB,0,candidato,0.1,padre kelmon,0.001,kelmon luis da silva souza,0.000686198,1,padre kelmon,candidato,0.971,0.001029866,0.000343668
10875,2022,1,AtlasIntel/Internet,Arko Advice,2022-09-28,2022-09-28,4,estimulada,votos totais,BR-01318/2022,,4500,1,1,27879,cenário 1 - estimulada - 1º turno,Eymael,DC,0,candidato,0.1,eymael,0.001,jose maria eymael,0.000140438,1,eymael,candidato,0.971,0.001029866,0.000889428
10875,2022,1,AtlasIntel/Internet,Arko Advice,2022-09-28,2022-09-28,4,estimulada,votos totais,BR-01318/2022,,4500,1,1,27879,cenário 1 - estimulada - 1º turno,Ciro,PDT,0,candidato,3.5,ciro,0.035,ciro ferreira gomes,0.030443166,1,ciro,candidato,0.971,0.036045314,0.005602148
10875,2022,1,AtlasIntel/Internet,Arko Advice,2022-09-28,2022-09-28,4,estimulada,votos totais,BR-01318/2022,,4500,1,1,27879,cenário 1 - estimulada - 1º turno,Leonardo Péricles,UP,0,candidato,0,leonardo pericles,0,leonardo pericles vieira roque,0.00045267,1,leonardo pericles,candidato,0.971,0,-0.00045267
10875,2022,1,AtlasIntel/Internet,Arko Advice,2022-09-28,2022-09-28,4,estimulada,votos totais,BR-01318/2022,,4500,1,1,27879,cenário 1 - estimulada - 1º turno,Soraya Thronicke,União Brasil,0,candidato,0.8,soraya thronicke,0.008,soraya vieira thronicke,0.005082944,1,soraya thronicke,candidato,0.971,0.008238929,0.003155985
10875,2022,1,AtlasIntel/Internet,Arko Advice,2022-09-28,2022-09-28,4,estimulada,votos totais,BR-01318/2022,,4500,1,1,27879,cenário 1 - estimulada - 1º turno,Simone Tebet,MDB,0,candidato,2.5,simone tebet,0.025,simone nassar tebet,0.04157519,1,simone tebet,candidato,0.971,0.025746653,-0.015828537
10875,2022,1,AtlasIntel/Internet,Arko Advice,2022-09-28,2022-09-28,4,estimulada,votos totais,BR-01318/2022,,4500,1,1,27879,cenário 1 - estimulada - 1º turno,Lula,PT,0,candidato,49.3,lula,0.493,luiz inacio lula da silva,0.484307199,1,lula,candidato,0.971,0.507723996,0.023416797
11052,2022,2,AtlasIntel/Internet,AtlasIntel,2022-10-12,2022-10-12,18,estimulada,votos totais,BR-06012/2022,,4500,1,1,28156,cenário 1 - estimulada - 2º turno,branco / nulo / indeciso,N/A,1,nao_sabe,2.4,branco nulo indeciso,0.024,branco nulo indeciso,,2,branco nulo indeciso,branco_nulo,0.976,,
11052,2022,2,AtlasIntel/Internet,AtlasIntel,2022-10-12,2022-10-12,18,estimulada,votos totais,BR-06012/2022,,4500,1,1,28156,cenário 1 - estimulada - 2º turno,Bolsonaro,PL,0,candidato,46.5,bolsonaro,0.465,jair messias bolsonaro,0.490975949,2,bolsonaro,candidato,0.976,0.476434426,-0.014541523
11052,2022,2,AtlasIntel/Internet,AtlasIntel,2022-10-12,2022-10-12,18,estimulada,votos totais,BR-06012/2022,,4500,1,1,28156,cenário 1 - estimulada - 2º turno,Lula,PT,0,candidato,51.1,lula,0.511,luiz inacio lula da silva,0.509024051,2,lula,candidato,0.976,0.523565574,0.014541523
11123,2022,2,AtlasIntel/Internet,AtlasIntel,2022-10-22,2022-10-22,8,estimulada,votos totais,BR-06415/2022,,4500,1,1,28269,cenário 1 - estimulado - 2º turno,Lula,PT,0,candidato,52,lula,0.52,luiz inacio lula da silva,0.509024051,2,lula,candidato,0.982,0.529531568,0.020507517
11123,2022,2,AtlasIntel/Internet,AtlasIntel,2022-10-22,2022-10-22,8,estimulada,votos totais,BR-06415/2022,,4500,1,1,28269,cenário 1 - estimulado - 2º turno,branco / nulo / indeciso,N/A,1,nao_sabe,1.8,branco nulo indeciso,0.018,branco nulo indeciso,,2,branco nulo indeciso,branco_nulo,0.982,,
11123,2022,2,AtlasIntel/Internet,AtlasIntel,2022-10-22,2022-10-22,8,estimulada,votos totais,BR-06415/2022,,4500,1,1,28269,cenário 1 - estimulado - 2º turno,Bolsonaro,PL,0,candidato,46.2,bolsonaro,0.462,jair messias bolsonaro,0.490975949,2,bolsonaro,candidato,0.982,0.470468432,-0.020507517
11182,2022,2,AtlasIntel/Internet,AtlasIntel,2022-10-12,2022-10-12,18,estimulada,votos totais,BR-06012/2022,,4500,1,1,28338,cenário 1- estimulado - 2º turno,branco / nulo / não sabe / não respondeu,N/A,1,nao_sabe,2.4,branco nulo nao sabe nao respondeu,0.024,branco nulo nao sabe nao respondeu,,2,branco nulo nao sabe nao respondeu,nao_sabe,0.976,,
11182,2022,2,AtlasIntel/Internet,AtlasIntel,2022-10-12,2022-10-12,18,estimulada,votos totais,BR-06012/2022,,4500,1,1,28338,cenário 1- estimulado - 2º turno,Bolsonaro,PL,0,candidato,46.5,bolsonaro,0.465,jair messias bolsonaro,0.490975949,2,bolsonaro,candidato,0.976,0.476434426,-0.014541523
11182,2022,2,AtlasIntel/Internet,AtlasIntel,2022-10-12,2022-10-12,18,estimulada,votos totais,BR-06012/2022,,4500,1,1,28338,cenário 1- estimulado - 2º turno,Lula,PT,0,candidato,51.1,lula,0.511,luiz inacio lula da silva,0.509024051,2,lula,candidato,0.976,0.523565574,0.014541523
11062,2022,2,Veritá,Veritá,2022-10-15,2022-10-15,15,estimulada,votos totais,BR-04850/2022,,5528,2,2,28168,cenário 1 - estimulada - 2º turno,Lula,PT,0,candidato,46.4,lula,0.464,luiz inacio lula da silva,0.509024051,2,lula,candidato,0.951,0.487907466,-0.021116585
11062,2022,2,Veritá,Veritá,2022-10-15,2022-10-15,15,estimulada,votos totais,BR-04850/2022,,5528,2,2,28168,cenário 1 - estimulada - 2º turno,não sabem / não responderam,N/A,1,nao_sabe,2.3,nao sabem nao responderam,0.023,nao sabem nao responderam,,2,nao sabem nao responderam,nao_sabe,0.951,,
11062,2022,2,Veritá,Veritá,2022-10-15,2022-10-15,15,estimulada,votos totais,BR-04850/2022,,5528,2,2,28168,cenário 1 - estimulada - 2º turno,Bolsonaro,PL,0,candidato,48.7,bolsonaro,0.487,jair messias bolsonaro,0.490975949,2,bolsonaro,candidato,0.951,0.512092534,0.021116585
11062,2022,2,Veritá,Veritá,2022-10-15,2022-10-15,15,estimulada,votos totais,BR-04850/2022,,5528,2,2,28168,cenário 1 - estimulada - 2º turno,brancos / nulos,N/A,1,branco_nulo,2.6,brancos nulos,0.026,brancos nulos,,2,brancos nulos,branco_nulo,0.951,,
10751,2022,1,AtlasIntel/Internet,AtlasIntel,2022-09-26,2022-09-26,6,estimulada,votos totais,BR-02714/2022,,1575,1,1,27622,cenário 1 - estimulado - 1º turno,Ciro,PDT,0,candidato,3.5,ciro,0.035,ciro ferreira gomes,0.030443166,1,ciro,candidato,0.976,0.035860656,0.005417489
10751,2022,1,AtlasIntel/Internet,AtlasIntel,2022-09-26,2022-09-26,6,estimulada,votos totais,BR-02714/2022,,1575,1,1,27622,cenário 1 - estimulado - 1º turno,Soraya Thronicke,União Brasil,0,candidato,1,soraya thronicke,0.01,soraya vieira thronicke,0.005082944,1,soraya thronicke,candidato,0.976,0.010245902,0.005162958
10751,2022,1,AtlasIntel/Internet,AtlasIntel,2022-09-26,2022-09-26,6,estimulada,votos totais,BR-02714/2022,,1575,1,1,27622,cenário 1 - estimulado - 1º turno,Bolsonaro,PL,0,candidato,41,bolsonaro,0.41,jair messias bolsonaro,0.431975526,1,bolsonaro,candidato,0.976,0.420081967,-0.011893558
10751,2022,1,AtlasIntel/Internet,AtlasIntel,2022-09-26,2022-09-26,6,estimulada,votos totais,BR-02714/2022,,1575,1,1,27622,cenário 1 - estimulado - 1º turno,Leonardo Péricles,UP,0,candidato,0,leonardo pericles,0,leonardo pericles vieira roque,0.00045267,1,leonardo pericles,candidato,0.976,0,-0.00045267
10751,2022,1,AtlasIntel/Internet,AtlasIntel,2022-09-26,2022-09-26,6,estimulada,votos totais,BR-02714/2022,,1575,1,1,27622,cenário 1 - estimulado - 1º turno,Simone Tebet,MDB,0,candidato,2.1,simone tebet,0.021,simone nassar tebet,0.04157519,1,simone tebet,candidato,0.976,0.021516393,-0.020058796
10751,2022,1,AtlasIntel/Internet,AtlasIntel,2022-09-26,2022-09-26,6,estimulada,votos totais,BR-02714/2022,,1575,1,1,27622,cenário 1 - estimulado - 1º turno,branco / nulo / não votará,N/A,1,branco_nulo,2.3,branco nulo nao votara,0.023,branco nulo nao votara,,1,branco nulo nao votara,branco_nulo,0.976,,
10751,2022,1,AtlasIntel/Internet,AtlasIntel,2022-09-26,2022-09-26,6,estimulada,votos totais,BR-02714/2022,,1575,1,1,27622,cenário 1 - estimulado - 1º turno,Padre Kelmon,PTB,0,candidato,0.1,padre kelmon,0.001,kelmon luis da silva souza,0.000686198,1,padre kelmon,candidato,0.976,0.00102459,0.000338392
10751,2022,1,AtlasIntel/Internet,AtlasIntel,2022-09-26,2022-09-26,6,estimulada,votos totais,BR-02714/2022,,1575,1,1,27622,cenário 1 - estimulado - 1º turno,Sofia Manzano,PCB,0,candidato,0,sofia manzano,0,sofia padua manzano,0.000385859,1,sofia manzano,candidato,0.976,0,-0.000385859
10751,2022,1,AtlasIntel/Internet,AtlasIntel,2022-09-26,2022-09-26,6,estimulada,votos totais,BR-02714/2022,,1575,1,1,27622,cenário 1 - estimulado - 1º turno,Eymael,DC,0,candidato,0.1,eymael,0.001,jose maria eymael,0.000140438,1,eymael,candidato,0.976,0.00102459,0.000884152
10751,2022,1,AtlasIntel/Internet,AtlasIntel,2022-09-26,2022-09-26,6,estimulada,votos totais,BR-02714/2022,,1575,1,1,27622,cenário 1 - estimulado - 1º turno,Luiz Felipe d'Avila,NOVO,0,candidato,1.3,luiz felipe davila,0.013,luiz felipe chaves d avila,0.004734072,1,luiz felipe davila,candidato,0.976,0.013319672,0.0085856
10751,2022,1,AtlasIntel/Internet,AtlasIntel,2022-09-26,2022-09-26,6,estimulada,votos totais,BR-02714/2022,,1575,1,1,27622,cenário 1 - estimulado - 1º turno,Vera Lúcia Salgado,PSTU,0,candidato,0.2,vera lucia salgado,0.002,vera lucia pereira da silva salgado,0.000216739,1,vera lucia salgado,candidato,0.976,0.00204918,0.001832441
10751,2022,1,AtlasIntel/Internet,AtlasIntel,2022-09-26,2022-09-26,6,estimulada,votos totais,BR-02714/2022,,1575,1,1,27622,cenário 1 - estimulado - 1º turno,Lula,PT,0,candidato,48.3,lula,0.483,luiz inacio lula da silva,0.484307199,1,lula,candidato,0.976,0.494877049,0.010569851
10751,2022,2,AtlasIntel/Internet,AtlasIntel,2022-09-26,2022-09-26,34,estimulada,votos totais,BR-02714/2022,,1575,1,1,27624,cenário 2 - estimulado - 2º turno,branco / nulo / não sabe / não respondeu,N/A,1,nao_sabe,5,branco nulo nao sabe nao respondeu,0.05,branco nulo nao sabe nao respondeu,,2,branco nulo nao sabe nao respondeu,nao_sabe,0.95,,
10751,2022,2,AtlasIntel/Internet,AtlasIntel,2022-09-26,2022-09-26,34,estimulada,votos totais,BR-02714/2022,,1575,1,1,27624,cenário 2 - estimulado - 2º turno,Lula,PT,0,candidato,51.3,lula,0.513,luiz inacio lula da silva,0.509024051,2,lula,candidato,0.95,0.54,0.030975949
10751,2022,2,AtlasIntel/Internet,AtlasIntel,2022-09-26,2022-09-26,34,estimulada,votos totais,BR-02714/2022,,1575,1,1,27624,cenário 2 - estimulado - 2º turno,Bolsonaro,PL,0,candidato,43.7,bolsonaro,0.437,jair messias bolsonaro,0.490975949,2,bolsonaro,candidato,0.95,0.46,-0.030975949
10436,2022,1,Ipec,Grupo Globo,2022-09-04,2022-09-04,28,estimulada,votos totais,BR-00922/2022,,2512,2,2,26956,cenário 1 - estimulada - 1º turno,Vera Lúcia Salgado,PSTU,0,candidato,0,vera lucia salgado,0,vera lucia pereira da silva salgado,0.000216739,1,vera lucia salgado,candidato,0.89,0,-0.000216739
10436,2022,1,Ipec,Grupo Globo,2022-09-04,2022-09-04,28,estimulada,votos totais,BR-00922/2022,,2512,2,2,26956,cenário 1 - estimulada - 1º turno,Ciro,PDT,0,candidato,8,ciro,0.08,ciro ferreira gomes,0.030443166,1,ciro,candidato,0.89,0.08988764,0.059444474
10436,2022,1,Ipec,Grupo Globo,2022-09-04,2022-09-04,28,estimulada,votos totais,BR-00922/2022,,2512,2,2,26956,cenário 1 - estimulada - 1º turno,Soraya Thronicke,União Brasil,0,candidato,1,soraya thronicke,0.01,soraya vieira thronicke,0.005082944,1,soraya thronicke,candidato,0.89,0.011235955,0.006153011
10436,2022,1,Ipec,Grupo Globo,2022-09-04,2022-09-04,28,estimulada,votos totais,BR-00922/2022,,2512,2,2,26956,cenário 1 - estimulada - 1º turno,brancos / nulos,N/A,1,branco_nulo,6,brancos nulos,0.06,brancos nulos,,1,brancos nulos,branco_nulo,0.89,,
10436,2022,1,Ipec,Grupo Globo,2022-09-04,2022-09-04,28,estimulada,votos totais,BR-00922/2022,,2512,2,2,26956,cenário 1 - estimulada - 1º turno,Lula,PT,0,candidato,44,lula,0.44,luiz inacio lula da silva,0.484307199,1,lula,candidato,0.89,0.494382022,0.010074824
10436,2022,1,Ipec,Grupo Globo,2022-09-04,2022-09-04,28,estimulada,votos totais,BR-00922/2022,,2512,2,2,26956,cenário 1 - estimulada - 1º turno,Simone Tebet,MDB,0,candidato,4,simone tebet,0.04,simone nassar tebet,0.04157519,1,simone tebet,candidato,0.89,0.04494382,0.00336863
10436,2022,1,Ipec,Grupo Globo,2022-09-04,2022-09-04,28,estimulada,votos totais,BR-00922/2022,,2512,2,2,26956,cenário 1 - estimulada - 1º turno,Sofia Manzano,PCB,0,candidato,0,sofia manzano,0,sofia padua manzano,0.000385859,1,sofia manzano,candidato,0.89,0,-0.000385859
10436,2022,1,Ipec,Grupo Globo,2022-09-04,2022-09-04,28,estimulada,votos totais,BR-00922/2022,,2512,2,2,26956,cenário 1 - estimulada - 1º turno,Bolsonaro,PL,0,candidato,31,bolsonaro,0.31,jair messias bolsonaro,0.431975526,1,bolsonaro,candidato,0.89,0.348314607,-0.083660919
10436,2022,1,Ipec,Grupo Globo,2022-09-04,2022-09-04,28,estimulada,votos totais,BR-00922/2022,,2512,2,2,26956,cenário 1 - estimulada - 1º turno,Eymael,DC,0,candidato,0,eymael,0,jose maria eymael,0.000140438,1,eymael,candidato,0.89,0,-0.000140438
10436,2022,1,Ipec,Grupo Globo,2022-09-04,2022-09-04,28,estimulada,votos totais,BR-00922/2022,,2512,2,2,26956,cenário 1 - estimulada - 1º turno,não sabem / não responderam,N/A,1,nao_sabe,5,nao sabem nao responderam,0.05,nao sabem nao responderam,,1,nao sabem nao responderam,nao_sabe,0.89,,
10436,2022,1,Ipec,Grupo Globo,2022-09-04,2022-09-04,28,estimulada,votos totais,BR-00922/2022,,2512,2,2,26956,cenário 1 - estimulada - 1º turno,Luiz Felipe d'Avila,NOVO,0,candidato,1,luiz felipe davila,0.01,luiz felipe chaves d avila,0.004734072,1,luiz felipe davila,candidato,0.89,0.011235955,0.006501883
10436,2022,1,Ipec,Grupo Globo,2022-09-04,2022-09-04,28,estimulada,votos totais,BR-00922/2022,,2512,2,2,26956,cenário 1 - estimulada - 1º turno,Pablo Marçal,PROS,0,candidato,0,pablo marcal,0,pablo marcal,,1,pablo marcal,candidato,0.89,,
10436,2022,1,Ipec,Grupo Globo,2022-09-04,2022-09-04,28,estimulada,votos totais,BR-00922/2022,,2512,2,2,26956,cenário 1 - estimulada - 1º turno,Roberto Jefferson,PTB,0,candidato,0,roberto jefferson,0,roberto jefferson,,1,roberto jefferson,candidato,0.89,,
10436,2022,1,Ipec,Grupo Globo,2022-09-04,2022-09-04,28,estimulada,votos totais,BR-00922/2022,,2512,2,2,26956,cenário 1 - estimulada - 1º turno,Leonardo Péricles,UP,0,candidato,0,leonardo pericles,0,leonardo pericles vieira roque,0.00045267,1,leonardo pericles,candidato,0.89,0,-0.00045267
10436,2022,2,Ipec,Grupo Globo,2022-09-04,2022-09-04,56,estimulada,votos totais,BR-00922/2022,,2512,2,2,26957,cenário 1 - estimulada - 2º turno,não sabem / não responderam,N/A,1,nao_sabe,3,nao sabem nao responderam,0.03,nao sabem nao responderam,,2,nao sabem nao responderam,nao_sabe,0.88,,
10436,2022,2,Ipec,Grupo Globo,2022-09-04,2022-09-04,56,estimulada,votos totais,BR-00922/2022,,2512,2,2,26957,cenário 1 - estimulada - 2º turno,Bolsonaro,PL,0,candidato,36,bolsonaro,0.36,jair messias bolsonaro,0.490975949,2,bolsonaro,candidato,0.88,0.409090909,-0.08188504
10436,2022,2,Ipec,Grupo Globo,2022-09-04,2022-09-04,56,estimulada,votos totais,BR-00922/2022,,2512,2,2,26957,cenário 1 - estimulada - 2º turno,brancos / nulos,N/A,1,branco_nulo,9,brancos nulos,0.09,brancos nulos,,2,brancos nulos,branco_nulo,0.88,,
10436,2022,2,Ipec,Grupo Globo,2022-09-04,2022-09-04,56,estimulada,votos totais,BR-00922/2022,,2512,2,2,26957,cenário 1 - estimulada - 2º turno,Lula,PT,0,candidato,52,lula,0.52,luiz inacio lula da silva,0.509024051,2,lula,candidato,0.88,0.590909091,0.08188504
10520,2022,1,Ipec,Grupo Globo,2022-09-11,2022-09-11,21,estimulada,votos totais,BR-01390/2022,,2512,2,2,27132,cenário 1 - estimulada - 1º turno,Sofia Manzano,PCB,0,candidato,0,sofia manzano,0,sofia padua manzano,0.000385859,1,sofia manzano,candidato,0.9,0,-0.000385859
10520,2022,1,Ipec,Grupo Globo,2022-09-11,2022-09-11,21,estimulada,votos totais,BR-01390/2022,,2512,2,2,27132,cenário 1 - estimulada - 1º turno,Lula,PT,0,candidato,46,lula,0.46,luiz inacio lula da silva,0.484307199,1,lula,candidato,0.9,0.511111111,0.026803913
10520,2022,1,Ipec,Grupo Globo,2022-09-11,2022-09-11,21,estimulada,votos totais,BR-01390/2022,,2512,2,2,27132,cenário 1 - estimulada - 1º turno,Soraya Thronicke,União Brasil,0,candidato,1,soraya thronicke,0.01,soraya vieira thronicke,0.005082944,1,soraya thronicke,candidato,0.9,0.011111111,0.006028167
10520,2022,1,Ipec,Grupo Globo,2022-09-11,2022-09-11,21,estimulada,votos totais,BR-01390/2022,,2512,2,2,27132,cenário 1 - estimulada - 1º turno,Simone Tebet,MDB,0,candidato,4,simone tebet,0.04,simone nassar tebet,0.04157519,1,simone tebet,candidato,0.9,0.044444444,0.002869255
10520,2022,1,Ipec,Grupo Globo,2022-09-11,2022-09-11,21,estimulada,votos totais,BR-01390/2022,,2512,2,2,27132,cenário 1 - estimulada - 1º turno,Ciro,PDT,0,candidato,7,ciro,0.07,ciro ferreira gomes,0.030443166,1,ciro,candidato,0.9,0.077777778,0.047334611
10520,2022,1,Ipec,Grupo Globo,2022-09-11,2022-09-11,21,estimulada,votos totais,BR-01390/2022,,2512,2,2,27132,cenário 1 - estimulada - 1º turno,Leonardo Péricles,UP,0,candidato,0,leonardo pericles,0,leonardo pericles vieira roque,0.00045267,1,leonardo pericles,candidato,0.9,0,-0.00045267
10520,2022,1,Ipec,Grupo Globo,2022-09-11,2022-09-11,21,estimulada,votos totais,BR-01390/2022,,2512,2,2,27132,cenário 1 - estimulada - 1º turno,Vera Lúcia Salgado,PSTU,0,candidato,0,vera lucia salgado,0,vera lucia pereira da silva salgado,0.000216739,1,vera lucia salgado,candidato,0.9,0,-0.000216739
10520,2022,1,Ipec,Grupo Globo,2022-09-11,2022-09-11,21,estimulada,votos totais,BR-01390/2022,,2512,2,2,27132,cenário 1 - estimulada - 1º turno,Padre Kelmon,PTB,0,candidato,0,padre kelmon,0,kelmon luis da silva souza,0.000686198,1,padre kelmon,candidato,0.9,0,-0.000686198
10520,2022,1,Ipec,Grupo Globo,2022-09-11,2022-09-11,21,estimulada,votos totais,BR-01390/2022,,2512,2,2,27132,cenário 1 - estimulada - 1º turno,Luiz Felipe d'Avila,NOVO,0,candidato,1,luiz felipe davila,0.01,luiz felipe chaves d avila,0.004734072,1,luiz felipe davila,candidato,0.9,0.011111111,0.006377039
10520,2022,1,Ipec,Grupo Globo,2022-09-11,2022-09-11,21,estimulada,votos totais,BR-01390/2022,,2512,2,2,27132,cenário 1 - estimulada - 1º turno,Bolsonaro,PL,0,candidato,31,bolsonaro,0.31,jair messias bolsonaro,0.431975526,1,bolsonaro,candidato,0.9,0.344444444,-0.087531081
10520,2022,1,Ipec,Grupo Globo,2022-09-11,2022-09-11,21,estimulada,votos totais,BR-01390/2022,,2512,2,2,27132,cenário 1 - estimulada - 1º turno,brancos / nulos,N/A,1,branco_nulo,6,brancos nulos,0.06,brancos nulos,,1,brancos nulos,branco_nulo,0.9,,
10520,2022,1,Ipec,Grupo Globo,2022-09-11,2022-09-11,21,estimulada,votos totais,BR-01390/2022,,2512,2,2,27132,cenário 1 - estimulada - 1º turno,Eymael,DC,0,candidato,0,eymael,0,jose maria eymael,0.000140438,1,eymael,candidato,0.9,0,-0.000140438
10520,2022,1,Ipec,Grupo Globo,2022-09-11,2022-09-11,21,estimulada,votos totais,BR-01390/2022,,2512,2,2,27132,cenário 1 - estimulada - 1º turno,não sabem / não responderam,N/A,1,nao_sabe,4,nao sabem nao responderam,0.04,nao sabem nao responderam,,1,nao sabem nao responderam,nao_sabe,0.9,,
10520,2022,2,Ipec,Grupo Globo,2022-09-11,2022-09-11,49,estimulada,votos totais,BR-01390/2022,,2512,2,2,27134,cenário 1 - estimulada - 2º turno,não sabem / não responderam,N/A,1,nao_sabe,3,nao sabem nao responderam,0.03,nao sabem nao responderam,,2,nao sabem nao responderam,nao_sabe,0.89,,
10520,2022,2,Ipec,Grupo Globo,2022-09-11,2022-09-11,49,estimulada,votos totais,BR-01390/2022,,2512,2,2,27134,cenário 1 - estimulada - 2º turno,Lula,PT,0,candidato,53,lula,0.53,luiz inacio lula da silva,0.509024051,2,lula,candidato,0.89,0.595505618,0.086481567
10520,2022,2,Ipec,Grupo Globo,2022-09-11,2022-09-11,49,estimulada,votos totais,BR-01390/2022,,2512,2,2,27134,cenário 1 - estimulada - 2º turno,Bolsonaro,PL,0,candidato,36,bolsonaro,0.36,jair messias bolsonaro,0.490975949,2,bolsonaro,candidato,0.89,0.404494382,-0.086481567
10520,2022,2,Ipec,Grupo Globo,2022-09-11,2022-09-11,49,estimulada,votos totais,BR-01390/2022,,2512,2,2,27134,cenário 1 - estimulada - 2º turno,brancos / nulos,N/A,1,branco_nulo,8,brancos nulos,0.08,brancos nulos,,2,brancos nulos,branco_nulo,0.89,,
9740,2022,2,Datatempo,,2021-09-15,2021-09-15,410,estimulada,votos totais,,,2025,2.18,2.18,24486,cenário 1 - estimulado - 2º turno,não sabem / não responderam,N/A,1,nao_sabe,2.8,nao sabem nao responderam,0.028,nao sabem nao responderam,,2,nao sabem nao responderam,nao_sabe,0.832,,
9740,2022,2,Datatempo,,2021-09-15,2021-09-15,410,estimulada,votos totais,,,2025,2.18,2.18,24486,cenário 1 - estimulado - 2º turno,brancos / nulos,N/A,1,branco_nulo,14,brancos nulos,0.14,brancos nulos,,2,brancos nulos,branco_nulo,0.832,,
9740,2022,2,Datatempo,,2021-09-15,2021-09-15,410,estimulada,votos totais,,,2025,2.18,2.18,24486,cenário 1 - estimulado - 2º turno,Bolsonaro,sem partido,0,candidato,30.1,bolsonaro,0.301,jair messias bolsonaro,0.490975949,2,bolsonaro,candidato,0.832,0.361778846,-0.129197103
9740,2022,2,Datatempo,,2021-09-15,2021-09-15,410,estimulada,votos totais,,,2025,2.18,2.18,24486,cenário 1 - estimulado - 2º turno,Lula,PT,0,candidato,53.1,lula,0.531,luiz inacio lula da silva,0.509024051,2,lula,candidato,0.832,0.638221154,0.129197103
11059,2022,2,Datafolha,Folha de S. Paulo e Grupo Globo,2022-10-14,2022-10-14,16,estimulada,votos totais,BR-01682/2022,,2898,2,2,28165,cenário 1 - estimulada - 2º turno,Bolsonaro,PL,0,candidato,44,bolsonaro,0.44,jair messias bolsonaro,0.490975949,2,bolsonaro,candidato,0.93,0.47311828,-0.017857669
11059,2022,2,Datafolha,Folha de S. Paulo e Grupo Globo,2022-10-14,2022-10-14,16,estimulada,votos totais,BR-01682/2022,,2898,2,2,28165,cenário 1 - estimulada - 2º turno,Lula,PT,0,candidato,49,lula,0.49,luiz inacio lula da silva,0.509024051,2,lula,candidato,0.93,0.52688172,0.017857669
11059,2022,2,Datafolha,Folha de S. Paulo e Grupo Globo,2022-10-14,2022-10-14,16,estimulada,votos totais,BR-01682/2022,,2898,2,2,28165,cenário 1 - estimulada - 2º turno,brancos / nulos,N/A,1,branco_nulo,5,brancos nulos,0.05,brancos nulos,,2,brancos nulos,branco_nulo,0.93,,
11059,2022,2,Datafolha,Folha de S. Paulo e Grupo Globo,2022-10-14,2022-10-14,16,estimulada,votos totais,BR-01682/2022,,2898,2,2,28165,cenário 1 - estimulada - 2º turno,não sabem / não responderam,N/A,1,nao_sabe,1,nao sabem nao responderam,0.01,nao sabem nao responderam,,2,nao sabem nao responderam,nao_sabe,0.93,,
9764,2022,2,Datafolha,Folha de S.Paulo,2021-12-16,2021-12-16,318,estimulada,votos totais,,,3666,2,2,24663,cenário 1 - estimulado - 2º turno,Bolsonaro,PL,0,candidato,30,bolsonaro,0.3,jair messias bolsonaro,0.490975949,2,bolsonaro,candidato,0.89,0.337078652,-0.153897297
9764,2022,2,Datafolha,Folha de S.Paulo,2021-12-16,2021-12-16,318,estimulada,votos totais,,,3666,2,2,24663,cenário 1 - estimulado - 2º turno,Lula,PT,0,candidato,59,lula,0.59,luiz inacio lula da silva,0.509024051,2,lula,candidato,0.89,0.662921348,0.153897297
9764,2022,2,Datafolha,Folha de S.Paulo,2021-12-16,2021-12-16,318,estimulada,votos totais,,,3666,2,2,24663,cenário 1 - estimulado - 2º turno,não sabe,N/A,1,nao_sabe,1,nao sabe,0.01,nao sabe,,2,nao sabe,nao_sabe,0.89,,
9764,2022,2,Datafolha,Folha de S.Paulo,2021-12-16,2021-12-16,318,estimulada,votos totais,,,3666,2,2,24663,cenário 1 - estimulado - 2º turno,nenhum / brancos / nulos,N/A,1,branco_nulo,10,nenhum brancos nulos,0.1,nenhum brancos nulos,,2,nenhum brancos nulos,branco_nulo,0.89,,
9739,2022,2,Datafolha,,2021-09-15,2021-09-15,410,estimulada,votos totais,,,3667,2,2,24479,cenário 1 - estimulado - 2º turno,Bolsonaro,sem partido,0,candidato,31,bolsonaro,0.31,jair messias bolsonaro,0.490975949,2,bolsonaro,candidato,0.87,0.356321839,-0.13465411
9739,2022,2,Datafolha,,2021-09-15,2021-09-15,410,estimulada,votos totais,,,3667,2,2,24479,cenário 1 - estimulado - 2º turno,nenhum / brancos / nulos,N/A,1,branco_nulo,13,nenhum brancos nulos,0.13,nenhum brancos nulos,,2,nenhum brancos nulos,branco_nulo,0.87,,
9739,2022,2,Datafolha,,2021-09-15,2021-09-15,410,estimulada,votos totais,,,3667,2,2,24479,cenário 1 - estimulado - 2º turno,Lula,PT,0,candidato,56,lula,0.56,luiz inacio lula da silva,0.509024051,2,lula,candidato,0.87,0.643678161,0.13465411
9739,2022,2,Datafolha,,2021-09-15,2021-09-15,410,estimulada,votos totais,,,3667,2,2,24479,cenário 1 - estimulado - 2º turno,não sabe,N/A,1,nao_sabe,1,nao sabe,0.01,nao sabe,,2,nao sabe,nao_sabe,0.87,,
11208,2022,2,Ipec,Grupo Globo,2022-10-29,2022-10-29,1,estimulada,votos totais,BR-05256/2022,,4272,2,2,28364,cenário 1 - estimulada - 2º turno,não sabem / não responderam,N/A,1,nao_sabe,2,nao sabem nao responderam,0.02,nao sabem nao responderam,,2,nao sabem nao responderam,nao_sabe,0.93,,
11208,2022,2,Ipec,Grupo Globo,2022-10-29,2022-10-29,1,estimulada,votos totais,BR-05256/2022,,4272,2,2,28364,cenário 1 - estimulada - 2º turno,brancos / nulos,N/A,1,branco_nulo,5,brancos nulos,0.05,brancos nulos,,2,brancos nulos,branco_nulo,0.93,,
11208,2022,2,Ipec,Grupo Globo,2022-10-29,2022-10-29,1,estimulada,votos totais,BR-05256/2022,,4272,2,2,28364,cenário 1 - estimulada - 2º turno,Lula,PT,0,candidato,50,lula,0.5,luiz inacio lula da silva,0.509024051,2,lula,candidato,0.93,0.537634409,0.028610357
11208,2022,2,Ipec,Grupo Globo,2022-10-29,2022-10-29,1,estimulada,votos totais,BR-05256/2022,,4272,2,2,28364,cenário 1 - estimulada - 2º turno,Bolsonaro,PL,0,candidato,43,bolsonaro,0.43,jair messias bolsonaro,0.490975949,2,bolsonaro,candidato,0.93,0.462365591,-0.028610357
9314,2022,2,Paraná Pesquisas,Revista Veja,2020-07-21,2020-07-21,831,estimulada,votos totais,,,2030,2,0,23312,cenário 2 - estimulado - 2º turno,nenhum,N/A,1,outros,13.7,nenhum,0.137,nenhum,,2,nenhum,outros,0.82,,
9314,2022,2,Paraná Pesquisas,Revista Veja,2020-07-21,2020-07-21,831,estimulada,votos totais,,,2030,2,0,23312,cenário 2 - estimulado - 2º turno,Bolsonaro,N/A,0,outros,45.6,bolsonaro,0.456,jair messias bolsonaro,0.490975949,2,bolsonaro,candidato,0.82,0.556097561,0.065121612
9314,2022,2,Paraná Pesquisas,Revista Veja,2020-07-21,2020-07-21,831,estimulada,votos totais,,,2030,2,0,23312,cenário 2 - estimulado - 2º turno,Lula,PT,0,candidato,36.4,lula,0.364,luiz inacio lula da silva,0.509024051,2,lula,candidato,0.82,0.443902439,-0.065121612
9314,2022,2,Paraná Pesquisas,Revista Veja,2020-07-21,2020-07-21,831,estimulada,votos totais,,,2030,2,0,23312,cenário 2 - estimulado - 2º turno,não sabe,N/A,1,nao_sabe,4.3,nao sabe,0.043,nao sabe,,2,nao sabe,nao_sabe,0.82,,
10529,2022,1,Veritá,Veritá,2022-08-22,2022-08-22,41,estimulada,votos totais,BR-03033/2022,,5050,2,2,27156,cenário 1 - estimulada - 1º turno,brancos / nulos,N/A,1,branco_nulo,1.4,brancos nulos,0.014,brancos nulos,,1,brancos nulos,branco_nulo,0.905,,
10529,2022,1,Veritá,Veritá,2022-08-22,2022-08-22,41,estimulada,votos totais,BR-03033/2022,,5050,2,2,27156,cenário 1 - estimulada - 1º turno,Sofia Manzano,PCB,0,candidato,0.5,sofia manzano,0.005,sofia padua manzano,0.000385859,1,sofia manzano,candidato,0.905,0.005524862,0.005139003
10529,2022,1,Veritá,Veritá,2022-08-22,2022-08-22,41,estimulada,votos totais,BR-03033/2022,,5050,2,2,27156,cenário 1 - estimulada - 1º turno,Luiz Felipe d'Avila,NOVO,0,candidato,0.6,luiz felipe davila,0.006,luiz felipe chaves d avila,0.004734072,1,luiz felipe davila,candidato,0.905,0.006629834,0.001895762
10529,2022,1,Veritá,Veritá,2022-08-22,2022-08-22,41,estimulada,votos totais,BR-03033/2022,,5050,2,2,27156,cenário 1 - estimulada - 1º turno,Roberto Jefferson,PTB,0,candidato,0,roberto jefferson,0,roberto jefferson,,1,roberto jefferson,candidato,0.905,,
10529,2022,1,Veritá,Veritá,2022-08-22,2022-08-22,41,estimulada,votos totais,BR-03033/2022,,5050,2,2,27156,cenário 1 - estimulada - 1º turno,Soraya Thronicke,União Brasil,0,candidato,0.1,soraya thronicke,0.001,soraya vieira thronicke,0.005082944,1,soraya thronicke,candidato,0.905,0.001104972,-0.003977971
10529,2022,1,Veritá,Veritá,2022-08-22,2022-08-22,41,estimulada,votos totais,BR-03033/2022,,5050,2,2,27156,cenário 1 - estimulada - 1º turno,Leonardo Péricles,UP,0,candidato,0.2,leonardo pericles,0.002,leonardo pericles vieira roque,0.00045267,1,leonardo pericles,candidato,0.905,0.002209945,0.001757275
10529,2022,1,Veritá,Veritá,2022-08-22,2022-08-22,41,estimulada,votos totais,BR-03033/2022,,5050,2,2,27156,cenário 1 - estimulada - 1º turno,Ciro,PDT,0,candidato,4.2,ciro,0.042,ciro ferreira gomes,0.030443166,1,ciro,candidato,0.905,0.04640884,0.015965673
10529,2022,1,Veritá,Veritá,2022-08-22,2022-08-22,41,estimulada,votos totais,BR-03033/2022,,5050,2,2,27156,cenário 1 - estimulada - 1º turno,indeciso,N/A,1,nao_sabe,7.2,indeciso,0.072,indeciso,,1,indeciso,candidato,0.905,,
10529,2022,1,Veritá,Veritá,2022-08-22,2022-08-22,41,estimulada,votos totais,BR-03033/2022,,5050,2,2,27156,cenário 1 - estimulada - 1º turno,Simone Tebet,MDB,0,candidato,2.3,simone tebet,0.023,simone nassar tebet,0.04157519,1,simone tebet,candidato,0.905,0.025414365,-0.016160825
10529,2022,1,Veritá,Veritá,2022-08-22,2022-08-22,41,estimulada,votos totais,BR-03033/2022,,5050,2,2,27156,cenário 1 - estimulada - 1º turno,Lula,PT,0,candidato,42.1,lula,0.421,luiz inacio lula da silva,0.484307199,1,lula,candidato,0.905,0.46519337,-0.019113828
10529,2022,1,Veritá,Veritá,2022-08-22,2022-08-22,41,estimulada,votos totais,BR-03033/2022,,5050,2,2,27156,cenário 1 - estimulada - 1º turno,Vera Lúcia Salgado,PSTU,0,candidato,0.2,vera lucia salgado,0.002,vera lucia pereira da silva salgado,0.000216739,1,vera lucia salgado,candidato,0.905,0.002209945,0.001993206
10529,2022,1,Veritá,Veritá,2022-08-22,2022-08-22,41,estimulada,votos totais,BR-03033/2022,,5050,2,2,27156,cenário 1 - estimulada - 1º turno,Pablo Marçal,PROS,0,candidato,0.7,pablo marcal,0.007,pablo marcal,,1,pablo marcal,candidato,0.905,,
10529,2022,1,Veritá,Veritá,2022-08-22,2022-08-22,41,estimulada,votos totais,BR-03033/2022,,5050,2,2,27156,cenário 1 - estimulada - 1º turno,Bolsonaro,PL,0,candidato,40.1,bolsonaro,0.401,jair messias bolsonaro,0.431975526,1,bolsonaro,candidato,0.905,0.443093923,0.011118397
10529,2022,1,Veritá,Veritá,2022-08-22,2022-08-22,41,estimulada,votos totais,BR-03033/2022,,5050,2,2,27156,cenário 1 - estimulada - 1º turno,Eymael,DC,0,candidato,0.2,eymael,0.002,jose maria eymael,0.000140438,1,eymael,candidato,0.905,0.002209945,0.002069506
10529,2022,2,Veritá,Veritá,2022-08-22,2022-08-22,69,estimulada,votos totais,BR-03033/2022,,5050,2,2,27157,cenário 1 - estimulada - 2º turno,brancos / nulos,N/A,1,branco_nulo,2.3,brancos nulos,0.023,brancos nulos,,2,brancos nulos,branco_nulo,0.911,,
10529,2022,2,Veritá,Veritá,2022-08-22,2022-08-22,69,estimulada,votos totais,BR-03033/2022,,5050,2,2,27157,cenário 1 - estimulada - 2º turno,Lula,PT,0,candidato,45.6,lula,0.456,luiz inacio lula da silva,0.509024051,2,lula,candidato,0.911,0.500548847,-0.008475204
10529,2022,2,Veritá,Veritá,2022-08-22,2022-08-22,69,estimulada,votos totais,BR-03033/2022,,5050,2,2,27157,cenário 1 - estimulada - 2º turno,Bolsonaro,PL,0,candidato,45.5,bolsonaro,0.455,jair messias bolsonaro,0.490975949,2,bolsonaro,candidato,0.911,0.499451153,0.008475204
10529,2022,2,Veritá,Veritá,2022-08-22,2022-08-22,69,estimulada,votos totais,BR-03033/2022,,5050,2,2,27157,cenário 1 - estimulada - 2º turno,indeciso,N/A,1,nao_sabe,6.7,indeciso,0.067,indeciso,,2,indeciso,candidato,0.911,,
11125,2022,2,Veritá,Veritá,2022-10-20,2022-10-20,10,estimulada,votos totais,BR-04043/2022,,20220,2,2,28271,cenário 1 - estimulada - 2º turno,Bolsonaro,PL,0,candidato,49.4,bolsonaro,0.494,jair messias bolsonaro,0.490975949,2,bolsonaro,candidato,0.961,0.514047867,0.023071918
11125,2022,2,Veritá,Veritá,2022-10-20,2022-10-20,10,estimulada,votos totais,BR-04043/2022,,20220,2,2,28271,cenário 1 - estimulada - 2º turno,Lula,PT,0,candidato,46.7,lula,0.467,luiz inacio lula da silva,0.509024051,2,lula,candidato,0.961,0.485952133,-0.023071918
11125,2022,2,Veritá,Veritá,2022-10-20,2022-10-20,10,estimulada,votos totais,BR-04043/2022,,20220,2,2,28271,cenário 1 - estimulada - 2º turno,brancos / nulos,N/A,1,branco_nulo,2,brancos nulos,0.02,brancos nulos,,2,brancos nulos,branco_nulo,0.961,,
11125,2022,2,Veritá,Veritá,2022-10-20,2022-10-20,10,estimulada,votos totais,BR-04043/2022,,20220,2,2,28271,cenário 1 - estimulada - 2º turno,não sabem / não responderam,N/A,1,nao_sabe,1.9,nao sabem nao responderam,0.019,nao sabem nao responderam,,2,nao sabem nao responderam,nao_sabe,0.961,,
9371,2022,2,Ideia Big Data,Exame,2020-10-08,2020-10-08,752,estimulada,votos totais,,,1200,3,3,23448,cenário 1 - estimulado - 2º turno,brancos / nulos,N/A,1,branco_nulo,21,brancos nulos,0.21,brancos nulos,,2,brancos nulos,branco_nulo,0.73,,
9371,2022,2,Ideia Big Data,Exame,2020-10-08,2020-10-08,752,estimulada,votos totais,,,1200,3,3,23448,cenário 1 - estimulado - 2º turno,Lula,PT,0,candidato,31,lula,0.31,luiz inacio lula da silva,0.509024051,2,lula,candidato,0.73,0.424657534,-0.084366517
9371,2022,2,Ideia Big Data,Exame,2020-10-08,2020-10-08,752,estimulada,votos totais,,,1200,3,3,23448,cenário 1 - estimulado - 2º turno,não sabe,N/A,1,nao_sabe,6,nao sabe,0.06,nao sabe,,2,nao sabe,nao_sabe,0.73,,
9371,2022,2,Ideia Big Data,Exame,2020-10-08,2020-10-08,752,estimulada,votos totais,,,1200,3,3,23448,cenário 1 - estimulado - 2º turno,Bolsonaro,PSL,0,candidato,42,bolsonaro,0.42,jair messias bolsonaro,0.490975949,2,bolsonaro,candidato,0.73,0.575342466,0.084366517
9714,2022,2,Ideia Big Data,Exame,2021-05-20,2021-05-20,528,estimulada,votos totais,,,1200,3.1,3.1,24317,cenário 1 - estimulado - 2º turno,Bolsonaro,sem partido,0,candidato,37,bolsonaro,0.37,jair messias bolsonaro,0.490975949,2,bolsonaro,candidato,0.82,0.451219512,-0.039756437
9714,2022,2,Ideia Big Data,Exame,2021-05-20,2021-05-20,528,estimulada,votos totais,,,1200,3.1,3.1,24317,cenário 1 - estimulado - 2º turno,Lula,PT,0,candidato,45,lula,0.45,luiz inacio lula da silva,0.509024051,2,lula,candidato,0.82,0.548780488,0.039756437
9714,2022,2,Ideia Big Data,Exame,2021-05-20,2021-05-20,528,estimulada,votos totais,,,1200,3.1,3.1,24317,cenário 1 - estimulado - 2º turno,brancos / nulos,N/A,1,branco_nulo,9,brancos nulos,0.09,brancos nulos,,2,brancos nulos,branco_nulo,0.82,,
9714,2022,2,Ideia Big Data,Exame,2021-05-20,2021-05-20,528,estimulada,votos totais,,,1200,3.1,3.1,24317,cenário 1 - estimulado - 2º turno,não sabe,N/A,1,nao_sabe,9,nao sabe,0.09,nao sabe,,2,nao sabe,nao_sabe,0.82,,
9718,2022,2,Ideia Big Data,Exame,2021-06-24,2021-06-24,493,estimulada,votos totais,,,1200,3,3,24355,cenário 1 - estimulado - 2º turno,não sabe,N/A,1,nao_sabe,9,nao sabe,0.09,nao sabe,,2,nao sabe,nao_sabe,0.83,,
9718,2022,2,Ideia Big Data,Exame,2021-06-24,2021-06-24,493,estimulada,votos totais,,,1200,3,3,24355,cenário 1 - estimulado - 2º turno,brancos / nulos,N/A,1,branco_nulo,8,brancos nulos,0.08,brancos nulos,,2,brancos nulos,branco_nulo,0.83,,
9718,2022,2,Ideia Big Data,Exame,2021-06-24,2021-06-24,493,estimulada,votos totais,,,1200,3,3,24355,cenário 1 - estimulado - 2º turno,Bolsonaro,sem partido,0,candidato,39,bolsonaro,0.39,jair messias bolsonaro,0.490975949,2,bolsonaro,candidato,0.83,0.469879518,-0.021096431
9718,2022,2,Ideia Big Data,Exame,2021-06-24,2021-06-24,493,estimulada,votos totais,,,1200,3,3,24355,cenário 1 - estimulado - 2º turno,Lula,PT,0,candidato,44,lula,0.44,luiz inacio lula da silva,0.509024051,2,lula,candidato,0.83,0.530120482,0.021096431
9758,2022,2,Ideia Big Data,Exame,2021-12-09,2021-12-09,325,estimulada,votos totais,,,1200,3,3,24640,cenário 1 - estimulado - 2º turno,brancos / nulos,N/A,1,branco_nulo,14,brancos nulos,0.14,brancos nulos,,2,brancos nulos,branco_nulo,0.83,,
9758,2022,2,Ideia Big Data,Exame,2021-12-09,2021-12-09,325,estimulada,votos totais,,,1200,3,3,24640,cenário 1 - estimulado - 2º turno,não sabe,N/A,1,nao_sabe,3,nao sabe,0.03,nao sabe,,2,nao sabe,nao_sabe,0.83,,
9758,2022,2,Ideia Big Data,Exame,2021-12-09,2021-12-09,325,estimulada,votos totais,,,1200,3,3,24640,cenário 1 - estimulado - 2º turno,Lula,PT,0,candidato,47,lula,0.47,luiz inacio lula da silva,0.509024051,2,lula,candidato,0.83,0.56626506,0.057241009
9758,2022,2,Ideia Big Data,Exame,2021-12-09,2021-12-09,325,estimulada,votos totais,,,1200,3,3,24640,cenário 1 - estimulado - 2º turno,Bolsonaro,PL,0,candidato,36,bolsonaro,0.36,jair messias bolsonaro,0.490975949,2,bolsonaro,candidato,0.83,0.43373494,-0.057241009
9763,2022,2,Real Time Big Data,CNN Brasil,2021-03-09,2021-03-09,600,estimulada,votos totais,,,1200,3,3,24660,cenário 1 - estimulado - 2º turno,não sabem / não responderam,N/A,1,nao_sabe,3,nao sabem nao responderam,0.03,nao sabem nao responderam,,2,nao sabem nao responderam,nao_sabe,0.82,,
9763,2022,2,Real Time Big Data,CNN Brasil,2021-03-09,2021-03-09,600,estimulada,votos totais,,,1200,3,3,24660,cenário 1 - estimulado - 2º turno,Bolsonaro,sem partido,0,candidato,43,bolsonaro,0.43,jair messias bolsonaro,0.490975949,2,bolsonaro,candidato,0.82,0.524390244,0.033414295
9763,2022,2,Real Time Big Data,CNN Brasil,2021-03-09,2021-03-09,600,estimulada,votos totais,,,1200,3,3,24660,cenário 1 - estimulado - 2º turno,brancos / nulos,N/A,1,branco_nulo,15,brancos nulos,0.15,brancos nulos,,2,brancos nulos,branco_nulo,0.82,,
9763,2022,2,Real Time Big Data,CNN Brasil,2021-03-09,2021-03-09,600,estimulada,votos totais,,,1200,3,3,24660,cenário 1 - estimulado - 2º turno,Lula,PT,0,candidato,39,lula,0.39,luiz inacio lula da silva,0.509024051,2,lula,candidato,0.82,0.475609756,-0.033414295
10573,2022,1,Brasmarket,Asserj,2022-09-14,2022-09-14,18,estimulada,votos totais,BR-01527/2022,,2400,2,2,27249,cenário 1 - estimulada - 1º turno,Soraya Thronicke,União Brasil,0,candidato,0.8,soraya thronicke,0.008,soraya vieira thronicke,0.005082944,1,soraya thronicke,candidato,0.878,0.009111617,0.004028674
10573,2022,1,Brasmarket,Asserj,2022-09-14,2022-09-14,18,estimulada,votos totais,BR-01527/2022,,2400,2,2,27249,cenário 1 - estimulada - 1º turno,Bolsonaro,PL,0,candidato,43.5,bolsonaro,0.435,jair messias bolsonaro,0.431975526,1,bolsonaro,candidato,0.878,0.495444191,0.063468666
10573,2022,1,Brasmarket,Asserj,2022-09-14,2022-09-14,18,estimulada,votos totais,BR-01527/2022,,2400,2,2,27249,cenário 1 - estimulada - 1º turno,brancos / nulos,N/A,1,branco_nulo,6.8,brancos nulos,0.068,brancos nulos,,1,brancos nulos,branco_nulo,0.878,,
10573,2022,1,Brasmarket,Asserj,2022-09-14,2022-09-14,18,estimulada,votos totais,BR-01527/2022,,2400,2,2,27249,cenário 1 - estimulada - 1º turno,Leonardo Péricles,UP,0,candidato,0,leonardo pericles,0,leonardo pericles vieira roque,0.00045267,1,leonardo pericles,candidato,0.878,0,-0.00045267
10573,2022,1,Brasmarket,Asserj,2022-09-14,2022-09-14,18,estimulada,votos totais,BR-01527/2022,,2400,2,2,27249,cenário 1 - estimulada - 1º turno,Sofia Manzano,PCB,0,candidato,0.2,sofia manzano,0.002,sofia padua manzano,0.000385859,1,sofia manzano,candidato,0.878,0.002277904,0.001892045
10573,2022,1,Brasmarket,Asserj,2022-09-14,2022-09-14,18,estimulada,votos totais,BR-01527/2022,,2400,2,2,27249,cenário 1 - estimulada - 1º turno,Eymael,DC,0,candidato,0.1,eymael,0.001,jose maria eymael,0.000140438,1,eymael,candidato,0.878,0.001138952,0.000998514
10573,2022,1,Brasmarket,Asserj,2022-09-14,2022-09-14,18,estimulada,votos totais,BR-01527/2022,,2400,2,2,27249,cenário 1 - estimulada - 1º turno,Simone Tebet,MDB,0,candidato,4.6,simone tebet,0.046,simone nassar tebet,0.04157519,1,simone tebet,candidato,0.878,0.0523918,0.01081661
10573,2022,1,Brasmarket,Asserj,2022-09-14,2022-09-14,18,estimulada,votos totais,BR-01527/2022,,2400,2,2,27249,cenário 1 - estimulada - 1º turno,Padre Kelmon,PTB,0,candidato,0.2,padre kelmon,0.002,kelmon luis da silva souza,0.000686198,1,padre kelmon,candidato,0.878,0.002277904,0.001591706
10573,2022,1,Brasmarket,Asserj,2022-09-14,2022-09-14,18,estimulada,votos totais,BR-01527/2022,,2400,2,2,27249,cenário 1 - estimulada - 1º turno,Luiz Felipe d'Avila,NOVO,0,candidato,0.3,luiz felipe davila,0.003,luiz felipe chaves d avila,0.004734072,1,luiz felipe davila,candidato,0.878,0.003416856,-0.001317215
10573,2022,1,Brasmarket,Asserj,2022-09-14,2022-09-14,18,estimulada,votos totais,BR-01527/2022,,2400,2,2,27249,cenário 1 - estimulada - 1º turno,Vera Lúcia Salgado,PSTU,0,candidato,0,vera lucia salgado,0,vera lucia pereira da silva salgado,0.000216739,1,vera lucia salgado,candidato,0.878,0,-0.000216739
10573,2022,1,Brasmarket,Asserj,2022-09-14,2022-09-14,18,estimulada,votos totais,BR-01527/2022,,2400,2,2,27249,cenário 1 - estimulada - 1º turno,não sabem / não responderam,N/A,1,nao_sabe,5.3,nao sabem nao responderam,0.053,nao sabem nao responderam,,1,nao sabem nao responderam,nao_sabe,0.878,,
10573,2022,1,Brasmarket,Asserj,2022-09-14,2022-09-14,18,estimulada,votos totais,BR-01527/2022,,2400,2,2,27249,cenário 1 - estimulada - 1º turno,Ciro,PDT,0,candidato,7.6,ciro,0.076,ciro ferreira gomes,0.030443166,1,ciro,candidato,0.878,0.086560364,0.056117198
10573,2022,1,Brasmarket,Asserj,2022-09-14,2022-09-14,18,estimulada,votos totais,BR-01527/2022,,2400,2,2,27249,cenário 1 - estimulada - 1º turno,Lula,PT,0,candidato,30.5,lula,0.305,luiz inacio lula da silva,0.484307199,1,lula,candidato,0.878,0.34738041,-0.136926789
10665,2022,1,Brasmarket,Brasmarket,2022-09-20,2022-09-20,12,estimulada,votos totais,BR-00580/2022,,2400,2,2,27451,cenário 1 - estimulado - 1º turno,Eymael,DC,0,candidato,0.1,eymael,0.001,jose maria eymael,0.000140438,1,eymael,candidato,0.883,0.001132503,0.000992064
10665,2022,1,Brasmarket,Brasmarket,2022-09-20,2022-09-20,12,estimulada,votos totais,BR-00580/2022,,2400,2,2,27451,cenário 1 - estimulado - 1º turno,brancos / nulos,N/A,1,branco_nulo,6.2,brancos nulos,0.062,brancos nulos,,1,brancos nulos,branco_nulo,0.883,,
10665,2022,1,Brasmarket,Brasmarket,2022-09-20,2022-09-20,12,estimulada,votos totais,BR-00580/2022,,2400,2,2,27451,cenário 1 - estimulado - 1º turno,Sofia Manzano,PCB,0,candidato,0.1,sofia manzano,0.001,sofia padua manzano,0.000385859,1,sofia manzano,candidato,0.883,0.001132503,0.000746644
10665,2022,1,Brasmarket,Brasmarket,2022-09-20,2022-09-20,12,estimulada,votos totais,BR-00580/2022,,2400,2,2,27451,cenário 1 - estimulado - 1º turno,Luiz Felipe d'Avila,NOVO,0,candidato,0.4,luiz felipe davila,0.004,luiz felipe chaves d avila,0.004734072,1,luiz felipe davila,candidato,0.883,0.004530011,-0.000204061
10665,2022,1,Brasmarket,Brasmarket,2022-09-20,2022-09-20,12,estimulada,votos totais,BR-00580/2022,,2400,2,2,27451,cenário 1 - estimulado - 1º turno,Padre Kelmon,PTB,0,candidato,0.1,padre kelmon,0.001,kelmon luis da silva souza,0.000686198,1,padre kelmon,candidato,0.883,0.001132503,0.000446305
10665,2022,1,Brasmarket,Brasmarket,2022-09-20,2022-09-20,12,estimulada,votos totais,BR-00580/2022,,2400,2,2,27451,cenário 1 - estimulado - 1º turno,Leonardo Péricles,UP,0,candidato,0,leonardo pericles,0,leonardo pericles vieira roque,0.00045267,1,leonardo pericles,candidato,0.883,0,-0.00045267
10665,2022,1,Brasmarket,Brasmarket,2022-09-20,2022-09-20,12,estimulada,votos totais,BR-00580/2022,,2400,2,2,27451,cenário 1 - estimulado - 1º turno,Bolsonaro,PL,0,candidato,44.9,bolsonaro,0.449,jair messias bolsonaro,0.431975526,1,bolsonaro,candidato,0.883,0.508493771,0.076518246
10665,2022,1,Brasmarket,Brasmarket,2022-09-20,2022-09-20,12,estimulada,votos totais,BR-00580/2022,,2400,2,2,27451,cenário 1 - estimulado - 1º turno,não sabem / não responderam,N/A,1,nao_sabe,5.7,nao sabem nao responderam,0.057,nao sabem nao responderam,,1,nao sabem nao responderam,nao_sabe,0.883,,
10665,2022,1,Brasmarket,Brasmarket,2022-09-20,2022-09-20,12,estimulada,votos totais,BR-00580/2022,,2400,2,2,27451,cenário 1 - estimulado - 1º turno,Ciro,PDT,0,candidato,6.5,ciro,0.065,ciro ferreira gomes,0.030443166,1,ciro,candidato,0.883,0.073612684,0.043169518
10665,2022,1,Brasmarket,Brasmarket,2022-09-20,2022-09-20,12,estimulada,votos totais,BR-00580/2022,,2400,2,2,27451,cenário 1 - estimulado - 1º turno,Lula,PT,0,candidato,31,lula,0.31,luiz inacio lula da silva,0.484307199,1,lula,candidato,0.883,0.351075878,-0.133231321
10665,2022,1,Brasmarket,Brasmarket,2022-09-20,2022-09-20,12,estimulada,votos totais,BR-00580/2022,,2400,2,2,27451,cenário 1 - estimulado - 1º turno,Vera Lúcia Salgado,PSTU,0,candidato,0,vera lucia salgado,0,vera lucia pereira da silva salgado,0.000216739,1,vera lucia salgado,candidato,0.883,0,-0.000216739
10665,2022,1,Brasmarket,Brasmarket,2022-09-20,2022-09-20,12,estimulada,votos totais,BR-00580/2022,,2400,2,2,27451,cenário 1 - estimulado - 1º turno,Soraya Thronicke,União Brasil,0,candidato,0.7,soraya thronicke,0.007,soraya vieira thronicke,0.005082944,1,soraya thronicke,candidato,0.883,0.00792752,0.002844576
10665,2022,1,Brasmarket,Brasmarket,2022-09-20,2022-09-20,12,estimulada,votos totais,BR-00580/2022,,2400,2,2,27451,cenário 1 - estimulado - 1º turno,Simone Tebet,MDB,0,candidato,4.5,simone tebet,0.045,simone nassar tebet,0.04157519,1,simone tebet,candidato,0.883,0.050962627,0.009387438
11095,2022,2,Brasmarket,Brasmarket,2022-10-19,2022-10-19,11,estimulada,votos totais,BR-05389/2022,,2400,2,2,28225,cenário 1 - estimulada - 2º turno,Bolsonaro,PL,0,candidato,45.5,bolsonaro,0.455,jair messias bolsonaro,0.490975949,2,bolsonaro,candidato,0.863,0.527230591,0.036254642
11095,2022,2,Brasmarket,Brasmarket,2022-10-19,2022-10-19,11,estimulada,votos totais,BR-05389/2022,,2400,2,2,28225,cenário 1 - estimulada - 2º turno,não sabem / não responderam,N/A,1,nao_sabe,4.3,nao sabem nao responderam,0.043,nao sabem nao responderam,,2,nao sabem nao responderam,nao_sabe,0.863,,
11095,2022,2,Brasmarket,Brasmarket,2022-10-19,2022-10-19,11,estimulada,votos totais,BR-05389/2022,,2400,2,2,28225,cenário 1 - estimulada - 2º turno,Lula,PT,0,candidato,40.8,lula,0.408,luiz inacio lula da silva,0.509024051,2,lula,candidato,0.863,0.472769409,-0.036254642
11095,2022,2,Brasmarket,Brasmarket,2022-10-19,2022-10-19,11,estimulada,votos totais,BR-05389/2022,,2400,2,2,28225,cenário 1 - estimulada - 2º turno,brancos / nulos,N/A,1,branco_nulo,5.1,brancos nulos,0.051,brancos nulos,,2,brancos nulos,branco_nulo,0.863,,
11095,2022,2,Brasmarket,Brasmarket,2022-10-19,2022-10-19,11,estimulada,votos totais,BR-05389/2022,,2400,2,2,28225,cenário 1 - estimulada - 2º turno,não vota / não vai votar / vai justificar,N/A,0,outros,4.3,nao vota nao vai votar vai justificar,0.043,nao vota nao vai votar vai justificar,,2,nao vota nao vai votar vai justificar,candidato,0.863,,
11120,2022,2,Brasmarket,Brasmarket,2022-10-23,2022-10-23,7,estimulada,votos totais,BR-08487/2022,,2400,2,2,28266,cenário 1 - estimulado - 2º turno,Bolsonaro,PL,0,candidato,47.7,bolsonaro,0.477,jair messias bolsonaro,0.490975949,2,bolsonaro,candidato,0.895,0.532960894,0.041984945
11120,2022,2,Brasmarket,Brasmarket,2022-10-23,2022-10-23,7,estimulada,votos totais,BR-08487/2022,,2400,2,2,28266,cenário 1 - estimulado - 2º turno,não sabem / não responderam,N/A,1,nao_sabe,2.9,nao sabem nao responderam,0.029,nao sabem nao responderam,,2,nao sabem nao responderam,nao_sabe,0.895,,
11120,2022,2,Brasmarket,Brasmarket,2022-10-23,2022-10-23,7,estimulada,votos totais,BR-08487/2022,,2400,2,2,28266,cenário 1 - estimulado - 2º turno,brancos / nulos,N/A,1,branco_nulo,5.2,brancos nulos,0.052,brancos nulos,,2,brancos nulos,branco_nulo,0.895,,
11120,2022,2,Brasmarket,Brasmarket,2022-10-23,2022-10-23,7,estimulada,votos totais,BR-08487/2022,,2400,2,2,28266,cenário 1 - estimulado - 2º turno,não iria votar,N/A,0,outros,2.5,nao iria votar,0.025,nao iria votar,,2,nao iria votar,candidato,0.895,,
11120,2022,2,Brasmarket,Brasmarket,2022-10-23,2022-10-23,7,estimulada,votos totais,BR-08487/2022,,2400,2,2,28266,cenário 1 - estimulado - 2º turno,Lula,PT,0,candidato,41.8,lula,0.418,luiz inacio lula da silva,0.509024051,2,lula,candidato,0.895,0.467039106,-0.041984945
11139,2022,2,Brasmarket,Brasmarket,2022-10-25,2022-10-25,5,estimulada,votos totais,BR-08584/2022,,2400,2,2,28287,cenário 1 - estimulada - 2º turno,não vota / não vai votar / vai justificar,N/A,0,outros,3,nao vota nao vai votar vai justificar,0.03,nao vota nao vai votar vai justificar,,2,nao vota nao vai votar vai justificar,candidato,0.895,,
11139,2022,2,Brasmarket,Brasmarket,2022-10-25,2022-10-25,5,estimulada,votos totais,BR-08584/2022,,2400,2,2,28287,cenário 1 - estimulada - 2º turno,brancos / nulos,N/A,1,branco_nulo,4.6,brancos nulos,0.046,brancos nulos,,2,brancos nulos,branco_nulo,0.895,,
11139,2022,2,Brasmarket,Brasmarket,2022-10-25,2022-10-25,5,estimulada,votos totais,BR-08584/2022,,2400,2,2,28287,cenário 1 - estimulada - 2º turno,Lula,PT,0,candidato,41.5,lula,0.415,luiz inacio lula da silva,0.509024051,2,lula,candidato,0.895,0.463687151,-0.0453369
11139,2022,2,Brasmarket,Brasmarket,2022-10-25,2022-10-25,5,estimulada,votos totais,BR-08584/2022,,2400,2,2,28287,cenário 1 - estimulada - 2º turno,não sabe,N/A,1,nao_sabe,2.8,nao sabe,0.028,nao sabe,,2,nao sabe,nao_sabe,0.895,,
11139,2022,2,Brasmarket,Brasmarket,2022-10-25,2022-10-25,5,estimulada,votos totais,BR-08584/2022,,2400,2,2,28287,cenário 1 - estimulada - 2º turno,Bolsonaro,PL,0,candidato,48,bolsonaro,0.48,jair messias bolsonaro,0.490975949,2,bolsonaro,candidato,0.895,0.536312849,0.0453369
11174,2022,2,Paraná Pesquisas,Paraná Pesquisas,2022-10-28,2022-10-28,2,estimulada,votos totais,BR-09573/2022,,2400,2,2,28328,cenário 1 - estimulado - 2º turno,Bolsonaro,PL,0,candidato,46.3,bolsonaro,0.463,jair messias bolsonaro,0.490975949,2,bolsonaro,candidato,0.934,0.495717345,0.004741396
11174,2022,2,Paraná Pesquisas,Paraná Pesquisas,2022-10-28,2022-10-28,2,estimulada,votos totais,BR-09573/2022,,2400,2,2,28328,cenário 1 - estimulado - 2º turno,Lula,PT,0,candidato,47.1,lula,0.471,luiz inacio lula da silva,0.509024051,2,lula,candidato,0.934,0.504282655,-0.004741396
11174,2022,2,Paraná Pesquisas,Paraná Pesquisas,2022-10-28,2022-10-28,2,estimulada,votos totais,BR-09573/2022,,2400,2,2,28328,cenário 1 - estimulado - 2º turno,não sabem / não responderam,N/A,1,nao_sabe,3.2,nao sabem nao responderam,0.032,nao sabem nao responderam,,2,nao sabem nao responderam,nao_sabe,0.934,,
11174,2022,2,Paraná Pesquisas,Paraná Pesquisas,2022-10-28,2022-10-28,2,estimulada,votos totais,BR-09573/2022,,2400,2,2,28328,cenário 1 - estimulado - 2º turno,nenhum / brancos / nulos,N/A,1,branco_nulo,3.4,nenhum brancos nulos,0.034,nenhum brancos nulos,,2,nenhum brancos nulos,branco_nulo,0.934,,
11189,2022,2,Brasmarket,Brasmarket,2022-10-27,2022-10-27,3,estimulada,votos totais,BR-07309/2022,,2400,2,2,28345,cenário 1.- estimulada - 2º turno,não vota / não vai votar / vai justificar,N/A,0,outros,2.3,nao vota nao vai votar vai justificar,0.023,nao vota nao vai votar vai justificar,,2,nao vota nao vai votar vai justificar,candidato,0.909,,
11189,2022,2,Brasmarket,Brasmarket,2022-10-27,2022-10-27,3,estimulada,votos totais,BR-07309/2022,,2400,2,2,28345,cenário 1.- estimulada - 2º turno,Bolsonaro,PL,0,candidato,48.2,bolsonaro,0.482,jair messias bolsonaro,0.490975949,2,bolsonaro,candidato,0.909,0.530253025,0.039277076
11189,2022,2,Brasmarket,Brasmarket,2022-10-27,2022-10-27,3,estimulada,votos totais,BR-07309/2022,,2400,2,2,28345,cenário 1.- estimulada - 2º turno,brancos / nulos,N/A,1,branco_nulo,4.3,brancos nulos,0.043,brancos nulos,,2,brancos nulos,branco_nulo,0.909,,
11189,2022,2,Brasmarket,Brasmarket,2022-10-27,2022-10-27,3,estimulada,votos totais,BR-07309/2022,,2400,2,2,28345,cenário 1.- estimulada - 2º turno,Lula,PT,0,candidato,42.7,lula,0.427,luiz inacio lula da silva,0.509024051,2,lula,candidato,0.909,0.469746975,-0.039277076
11189,2022,2,Brasmarket,Brasmarket,2022-10-27,2022-10-27,3,estimulada,votos totais,BR-07309/2022,,2400,2,2,28345,cenário 1.- estimulada - 2º turno,não sabem / não responderam,N/A,1,nao_sabe,2.5,nao sabem nao responderam,0.025,nao sabem nao responderam,,2,nao sabem nao responderam,nao_sabe,0.909,,
11082,2022,2,Datafolha,Grupo Globo e Folha de S. Paulo,2022-10-19,2022-10-19,11,estimulada,votos totais,BR-07340/2022,,2912,2,2,28207,cenário 1 - estimulada - 2º turno,não sabem / não responderam,N/A,1,nao_sabe,1,nao sabem nao responderam,0.01,nao sabem nao responderam,,2,nao sabem nao responderam,nao_sabe,0.94,,
11082,2022,2,Datafolha,Grupo Globo e Folha de S. Paulo,2022-10-19,2022-10-19,11,estimulada,votos totais,BR-07340/2022,,2912,2,2,28207,cenário 1 - estimulada - 2º turno,Lula,PT,0,candidato,49,lula,0.49,luiz inacio lula da silva,0.509024051,2,lula,candidato,0.94,0.521276596,0.012252545
11082,2022,2,Datafolha,Grupo Globo e Folha de S. Paulo,2022-10-19,2022-10-19,11,estimulada,votos totais,BR-07340/2022,,2912,2,2,28207,cenário 1 - estimulada - 2º turno,Bolsonaro,PL,0,candidato,45,bolsonaro,0.45,jair messias bolsonaro,0.490975949,2,bolsonaro,candidato,0.94,0.478723404,-0.012252545
11082,2022,2,Datafolha,Grupo Globo e Folha de S. Paulo,2022-10-19,2022-10-19,11,estimulada,votos totais,BR-07340/2022,,2912,2,2,28207,cenário 1 - estimulada - 2º turno,brancos / nulos,N/A,1,branco_nulo,4,brancos nulos,0.04,brancos nulos,,2,brancos nulos,branco_nulo,0.94,,
9755,2022,2,Quaest,Genial Investimentos,2021-12-05,2021-12-05,329,estimulada,votos totais,,,2037,2.2,2.2,24607,cenário 1 - estimulado - 2º turno,Lula,PT,0,candidato,55,lula,0.55,luiz inacio lula da silva,0.509024051,2,lula,candidato,0.86,0.639534884,0.130510833
9755,2022,2,Quaest,Genial Investimentos,2021-12-05,2021-12-05,329,estimulada,votos totais,,,2037,2.2,2.2,24607,cenário 1 - estimulado - 2º turno,Bolsonaro,PL,0,candidato,31,bolsonaro,0.31,jair messias bolsonaro,0.490975949,2,bolsonaro,candidato,0.86,0.360465116,-0.130510833
9755,2022,2,Quaest,Genial Investimentos,2021-12-05,2021-12-05,329,estimulada,votos totais,,,2037,2.2,2.2,24607,cenário 1 - estimulado - 2º turno,indeciso,N/A,1,nao_sabe,3,indeciso,0.03,indeciso,,2,indeciso,candidato,0.86,,
9755,2022,2,Quaest,Genial Investimentos,2021-12-05,2021-12-05,329,estimulada,votos totais,,,2037,2.2,2.2,24607,cenário 1 - estimulado - 2º turno,branco / nulo / não votará,N/A,1,branco_nulo,11,branco nulo nao votara,0.11,branco nulo nao votara,,2,branco nulo nao votara,branco_nulo,0.86,,
11149,2022,2,Datafolha,Folha de S. Paulo e Grupo Globo,2022-10-27,2022-10-27,3,estimulada,votos totais,BR-04208/2022,,4580,2,2,28299,cenário 1 - estimulada - 2º turno,Lula,PT,0,candidato,49,lula,0.49,luiz inacio lula da silva,0.509024051,2,lula,candidato,0.93,0.52688172,0.017857669
11149,2022,2,Datafolha,Folha de S. Paulo e Grupo Globo,2022-10-27,2022-10-27,3,estimulada,votos totais,BR-04208/2022,,4580,2,2,28299,cenário 1 - estimulada - 2º turno,Bolsonaro,PL,0,candidato,44,bolsonaro,0.44,jair messias bolsonaro,0.490975949,2,bolsonaro,candidato,0.93,0.47311828,-0.017857669
11149,2022,2,Datafolha,Folha de S. Paulo e Grupo Globo,2022-10-27,2022-10-27,3,estimulada,votos totais,BR-04208/2022,,4580,2,2,28299,cenário 1 - estimulada - 2º turno,brancos / nulos,N/A,1,branco_nulo,5,brancos nulos,0.05,brancos nulos,,2,brancos nulos,branco_nulo,0.93,,
11149,2022,2,Datafolha,Folha de S. Paulo e Grupo Globo,2022-10-27,2022-10-27,3,estimulada,votos totais,BR-04208/2022,,4580,2,2,28299,cenário 1 - estimulada - 2º turno,não sabem / não responderam,N/A,1,nao_sabe,2,nao sabem nao responderam,0.02,nao sabem nao responderam,,2,nao sabem nao responderam,nao_sabe,0.93,,
10499,2022,1,Datafolha,Folha de S. Paulo e Grupo Globo,2022-09-09,2022-09-09,23,estimulada,votos totais,BR-07422/2022,,2676,2,2,27091,cenário 1 - estimulada - 1º turno,Lula,PT,0,candidato,45,lula,0.45,luiz inacio lula da silva,0.484307199,1,lula,candidato,0.92,0.489130435,0.004823236
10499,2022,1,Datafolha,Folha de S. Paulo e Grupo Globo,2022-09-09,2022-09-09,23,estimulada,votos totais,BR-07422/2022,,2676,2,2,27091,cenário 1 - estimulada - 1º turno,Vera Lúcia Salgado,PSTU,0,candidato,0,vera lucia salgado,0,vera lucia pereira da silva salgado,0.000216739,1,vera lucia salgado,candidato,0.92,0,-0.000216739
10499,2022,1,Datafolha,Folha de S. Paulo e Grupo Globo,2022-09-09,2022-09-09,23,estimulada,votos totais,BR-07422/2022,,2676,2,2,27091,cenário 1 - estimulada - 1º turno,Bolsonaro,PL,0,candidato,34,bolsonaro,0.34,jair messias bolsonaro,0.431975526,1,bolsonaro,candidato,0.92,0.369565217,-0.062410308
10499,2022,1,Datafolha,Folha de S. Paulo e Grupo Globo,2022-09-09,2022-09-09,23,estimulada,votos totais,BR-07422/2022,,2676,2,2,27091,cenário 1 - estimulada - 1º turno,Padre Kelmon,PTB,0,candidato,0,padre kelmon,0,kelmon luis da silva souza,0.000686198,1,padre kelmon,candidato,0.92,0,-0.000686198
10499,2022,1,Datafolha,Folha de S. Paulo e Grupo Globo,2022-09-09,2022-09-09,23,estimulada,votos totais,BR-07422/2022,,2676,2,2,27091,cenário 1 - estimulada - 1º turno,Luiz Felipe d'Avila,NOVO,0,candidato,0,luiz felipe davila,0,luiz felipe chaves d avila,0.004734072,1,luiz felipe davila,candidato,0.92,0,-0.004734072
10499,2022,1,Datafolha,Folha de S. Paulo e Grupo Globo,2022-09-09,2022-09-09,23,estimulada,votos totais,BR-07422/2022,,2676,2,2,27091,cenário 1 - estimulada - 1º turno,Sofia Manzano,PCB,0,candidato,0,sofia manzano,0,sofia padua manzano,0.000385859,1,sofia manzano,candidato,0.92,0,-0.000385859
10499,2022,1,Datafolha,Folha de S. Paulo e Grupo Globo,2022-09-09,2022-09-09,23,estimulada,votos totais,BR-07422/2022,,2676,2,2,27091,cenário 1 - estimulada - 1º turno,Eymael,DC,0,candidato,0,eymael,0,jose maria eymael,0.000140438,1,eymael,candidato,0.92,0,-0.000140438
10499,2022,1,Datafolha,Folha de S. Paulo e Grupo Globo,2022-09-09,2022-09-09,23,estimulada,votos totais,BR-07422/2022,,2676,2,2,27091,cenário 1 - estimulada - 1º turno,Simone Tebet,MDB,0,candidato,5,simone tebet,0.05,simone nassar tebet,0.04157519,1,simone tebet,candidato,0.92,0.054347826,0.012772636
10499,2022,1,Datafolha,Folha de S. Paulo e Grupo Globo,2022-09-09,2022-09-09,23,estimulada,votos totais,BR-07422/2022,,2676,2,2,27091,cenário 1 - estimulada - 1º turno,Ciro,PDT,0,candidato,7,ciro,0.07,ciro ferreira gomes,0.030443166,1,ciro,candidato,0.92,0.076086957,0.04564379
10499,2022,1,Datafolha,Folha de S. Paulo e Grupo Globo,2022-09-09,2022-09-09,23,estimulada,votos totais,BR-07422/2022,,2676,2,2,27091,cenário 1 - estimulada - 1º turno,Pablo Marçal,PROS,0,candidato,0,pablo marcal,0,pablo marcal,,1,pablo marcal,candidato,0.92,,
10499,2022,1,Datafolha,Folha de S. Paulo e Grupo Globo,2022-09-09,2022-09-09,23,estimulada,votos totais,BR-07422/2022,,2676,2,2,27091,cenário 1 - estimulada - 1º turno,Soraya Thronicke,União Brasil,0,candidato,1,soraya thronicke,0.01,soraya vieira thronicke,0.005082944,1,soraya thronicke,candidato,0.92,0.010869565,0.005786622
10499,2022,1,Datafolha,Folha de S. Paulo e Grupo Globo,2022-09-09,2022-09-09,23,estimulada,votos totais,BR-07422/2022,,2676,2,2,27091,cenário 1 - estimulada - 1º turno,Leonardo Péricles,UP,0,candidato,0,leonardo pericles,0,leonardo pericles vieira roque,0.00045267,1,leonardo pericles,candidato,0.92,0,-0.00045267
10499,2022,1,Datafolha,Folha de S. Paulo e Grupo Globo,2022-09-09,2022-09-09,23,estimulada,votos totais,BR-07422/2022,,2676,2,2,27091,cenário 1 - estimulada - 1º turno,nenhum / brancos / nulos,N/A,1,branco_nulo,4,nenhum brancos nulos,0.04,nenhum brancos nulos,,1,nenhum brancos nulos,branco_nulo,0.92,,
10499,2022,1,Datafolha,Folha de S. Paulo e Grupo Globo,2022-09-09,2022-09-09,23,estimulada,votos totais,BR-07422/2022,,2676,2,2,27091,cenário 1 - estimulada - 1º turno,não sabe,N/A,1,nao_sabe,3,nao sabe,0.03,nao sabe,,1,nao sabe,nao_sabe,0.92,,
10499,2022,2,Datafolha,Folha de S. Paulo e Grupo Globo,2022-09-09,2022-09-09,51,estimulada,votos totais,BR-07422/2022,,2676,2,2,27092,cenário 1 - estimulada - 2º turno,nenhum / brancos / nulos,N/A,1,branco_nulo,7,nenhum brancos nulos,0.07,nenhum brancos nulos,,2,nenhum brancos nulos,branco_nulo,0.92,,
10499,2022,2,Datafolha,Folha de S. Paulo e Grupo Globo,2022-09-09,2022-09-09,51,estimulada,votos totais,BR-07422/2022,,2676,2,2,27092,cenário 1 - estimulada - 2º turno,não sabe,N/A,1,nao_sabe,2,nao sabe,0.02,nao sabe,,2,nao sabe,nao_sabe,0.92,,
10499,2022,2,Datafolha,Folha de S. Paulo e Grupo Globo,2022-09-09,2022-09-09,51,estimulada,votos totais,BR-07422/2022,,2676,2,2,27092,cenário 1 - estimulada - 2º turno,Bolsonaro,PL,0,candidato,39,bolsonaro,0.39,jair messias bolsonaro,0.490975949,2,bolsonaro,candidato,0.92,0.423913043,-0.067062905
10499,2022,2,Datafolha,Folha de S. Paulo e Grupo Globo,2022-09-09,2022-09-09,51,estimulada,votos totais,BR-07422/2022,,2676,2,2,27092,cenário 1 - estimulada - 2º turno,Lula,PT,0,candidato,53,lula,0.53,luiz inacio lula da silva,0.509024051,2,lula,candidato,0.92,0.576086957,0.067062905
9856,2022,2,Datafolha,Folha de S.Paulo,2022-03-23,2022-03-23,221,estimulada,votos totais,BR-08967/2022,,2556,2,2,25126,cenário 1 - estimulado - 2º turno,não sabe,N/A,1,nao_sabe,1,nao sabe,0.01,nao sabe,,2,nao sabe,nao_sabe,0.89,,
9856,2022,2,Datafolha,Folha de S.Paulo,2022-03-23,2022-03-23,221,estimulada,votos totais,BR-08967/2022,,2556,2,2,25126,cenário 1 - estimulado - 2º turno,Bolsonaro,PL,0,candidato,34,bolsonaro,0.34,jair messias bolsonaro,0.490975949,2,bolsonaro,candidato,0.89,0.382022472,-0.108953477
9856,2022,2,Datafolha,Folha de S.Paulo,2022-03-23,2022-03-23,221,estimulada,votos totais,BR-08967/2022,,2556,2,2,25126,cenário 1 - estimulado - 2º turno,nenhum / brancos / nulos,N/A,1,branco_nulo,10,nenhum brancos nulos,0.1,nenhum brancos nulos,,2,nenhum brancos nulos,branco_nulo,0.89,,
9856,2022,2,Datafolha,Folha de S.Paulo,2022-03-23,2022-03-23,221,estimulada,votos totais,BR-08967/2022,,2556,2,2,25126,cenário 1 - estimulado - 2º turno,Lula,PT,0,candidato,55,lula,0.55,luiz inacio lula da silva,0.509024051,2,lula,candidato,0.89,0.617977528,0.108953477
9954,2022,2,Datafolha,Folha de S.Paulo,2022-05-26,2022-05-26,157,estimulada,votos totais,BR-05166/2022,,2556,2,2,25575,cenário 1 - estimulado - 2º turno,Bolsonaro,PL,0,candidato,33,bolsonaro,0.33,jair messias bolsonaro,0.490975949,2,bolsonaro,candidato,0.91,0.362637363,-0.128338586
9954,2022,2,Datafolha,Folha de S.Paulo,2022-05-26,2022-05-26,157,estimulada,votos totais,BR-05166/2022,,2556,2,2,25575,cenário 1 - estimulado - 2º turno,não sabe,N/A,1,nao_sabe,1,nao sabe,0.01,nao sabe,,2,nao sabe,nao_sabe,0.91,,
9954,2022,2,Datafolha,Folha de S.Paulo,2022-05-26,2022-05-26,157,estimulada,votos totais,BR-05166/2022,,2556,2,2,25575,cenário 1 - estimulado - 2º turno,nenhum / brancos / nulos,N/A,1,branco_nulo,8,nenhum brancos nulos,0.08,nenhum brancos nulos,,2,nenhum brancos nulos,branco_nulo,0.91,,
9954,2022,2,Datafolha,Folha de S.Paulo,2022-05-26,2022-05-26,157,estimulada,votos totais,BR-05166/2022,,2556,2,2,25575,cenário 1 - estimulado - 2º turno,Lula,PT,0,candidato,58,lula,0.58,luiz inacio lula da silva,0.509024051,2,lula,candidato,0.91,0.637362637,0.128338586
10102,2022,2,Datafolha,Folha de S. Paulo,2022-07-28,2022-07-28,94,estimulada,votos totais,BR-01192/2022,,2556,2,2,26127,cenário 1 - estimulada - 2º turno,nenhum / brancos / nulos,N/A,1,branco_nulo,7,nenhum brancos nulos,0.07,nenhum brancos nulos,,2,nenhum brancos nulos,branco_nulo,0.9,,
10102,2022,2,Datafolha,Folha de S. Paulo,2022-07-28,2022-07-28,94,estimulada,votos totais,BR-01192/2022,,2556,2,2,26127,cenário 1 - estimulada - 2º turno,Lula,PT,0,candidato,55,lula,0.55,luiz inacio lula da silva,0.509024051,2,lula,candidato,0.9,0.611111111,0.10208706
10102,2022,2,Datafolha,Folha de S. Paulo,2022-07-28,2022-07-28,94,estimulada,votos totais,BR-01192/2022,,2556,2,2,26127,cenário 1 - estimulada - 2º turno,não sabem / não responderam,N/A,1,nao_sabe,2,nao sabem nao responderam,0.02,nao sabem nao responderam,,2,nao sabem nao responderam,nao_sabe,0.9,,
10102,2022,2,Datafolha,Folha de S. Paulo,2022-07-28,2022-07-28,94,estimulada,votos totais,BR-01192/2022,,2556,2,2,26127,cenário 1 - estimulada - 2º turno,Bolsonaro,PL,0,candidato,35,bolsonaro,0.35,jair messias bolsonaro,0.490975949,2,bolsonaro,candidato,0.9,0.388888889,-0.10208706
10531,2022,1,Veritá,Veritá,2022-09-02,2022-08-27,36,estimulada,votos totais,BR-01060/2022,,21019,2,2,27162,cenário 1 - estimulado - 1º turno,Ciro,PDT,0,candidato,5.5,ciro,0.055,ciro ferreira gomes,0.030443166,1,ciro,candidato,0.96,0.057291667,0.0268485
10531,2022,1,Veritá,Veritá,2022-09-02,2022-08-27,36,estimulada,votos totais,BR-01060/2022,,21019,2,2,27162,cenário 1 - estimulado - 1º turno,Luiz Felipe d'Avila,NOVO,0,candidato,0.5,luiz felipe davila,0.005,luiz felipe chaves d avila,0.004734072,1,luiz felipe davila,candidato,0.96,0.005208333,0.000474261
10531,2022,1,Veritá,Veritá,2022-09-02,2022-08-27,36,estimulada,votos totais,BR-01060/2022,,21019,2,2,27162,cenário 1 - estimulado - 1º turno,brancos / nulos,N/A,1,branco_nulo,1.3,brancos nulos,0.013,brancos nulos,,1,brancos nulos,branco_nulo,0.96,,
10531,2022,1,Veritá,Veritá,2022-09-02,2022-08-27,36,estimulada,votos totais,BR-01060/2022,,21019,2,2,27162,cenário 1 - estimulado - 1º turno,Simone Tebet,MDB,0,candidato,3.6,simone tebet,0.036,simone nassar tebet,0.04157519,1,simone tebet,candidato,0.96,0.0375,-0.00407519
10531,2022,1,Veritá,Veritá,2022-09-02,2022-08-27,36,estimulada,votos totais,BR-01060/2022,,21019,2,2,27162,cenário 1 - estimulado - 1º turno,Leonardo Péricles,UP,0,candidato,0.1,leonardo pericles,0.001,leonardo pericles vieira roque,0.00045267,1,leonardo pericles,candidato,0.96,0.001041667,0.000588997
10531,2022,1,Veritá,Veritá,2022-09-02,2022-08-27,36,estimulada,votos totais,BR-01060/2022,,21019,2,2,27162,cenário 1 - estimulado - 1º turno,Soraya Thronicke,União Brasil,0,candidato,0.3,soraya thronicke,0.003,soraya vieira thronicke,0.005082944,1,soraya thronicke,candidato,0.96,0.003125,-0.001957944
10531,2022,1,Veritá,Veritá,2022-09-02,2022-08-27,36,estimulada,votos totais,BR-01060/2022,,21019,2,2,27162,cenário 1 - estimulado - 1º turno,Sofia Manzano,PCB,0,candidato,0.1,sofia manzano,0.001,sofia padua manzano,0.000385859,1,sofia manzano,candidato,0.96,0.001041667,0.000655808
10531,2022,1,Veritá,Veritá,2022-09-02,2022-08-27,36,estimulada,votos totais,BR-01060/2022,,21019,2,2,27162,cenário 1 - estimulado - 1º turno,Vera Lúcia Salgado,PSTU,0,candidato,0.2,vera lucia salgado,0.002,vera lucia pereira da silva salgado,0.000216739,1,vera lucia salgado,candidato,0.96,0.002083333,0.001866594
10531,2022,1,Veritá,Veritá,2022-09-02,2022-08-27,36,estimulada,votos totais,BR-01060/2022,,21019,2,2,27162,cenário 1 - estimulado - 1º turno,não sabem / não responderam,N/A,1,nao_sabe,2.2,nao sabem nao responderam,0.022,nao sabem nao responderam,,1,nao sabem nao responderam,nao_sabe,0.96,,
10531,2022,1,Veritá,Veritá,2022-09-02,2022-08-27,36,estimulada,votos totais,BR-01060/2022,,21019,2,2,27162,cenário 1 - estimulado - 1º turno,Eymael,DC,0,candidato,0.2,eymael,0.002,jose maria eymael,0.000140438,1,eymael,candidato,0.96,0.002083333,0.001942895
10531,2022,1,Veritá,Veritá,2022-09-02,2022-08-27,36,estimulada,votos totais,BR-01060/2022,,21019,2,2,27162,cenário 1 - estimulado - 1º turno,Pablo Marçal,PROS,0,candidato,0.5,pablo marcal,0.005,pablo marcal,,1,pablo marcal,candidato,0.96,,
10531,2022,1,Veritá,Veritá,2022-09-02,2022-08-27,36,estimulada,votos totais,BR-01060/2022,,21019,2,2,27162,cenário 1 - estimulado - 1º turno,Lula,PT,0,candidato,41.9,lula,0.419,luiz inacio lula da silva,0.484307199,1,lula,candidato,0.96,0.436458333,-0.047848865
10531,2022,1,Veritá,Veritá,2022-09-02,2022-08-27,36,estimulada,votos totais,BR-01060/2022,,21019,2,2,27162,cenário 1 - estimulado - 1º turno,Bolsonaro,PL,0,candidato,43.6,bolsonaro,0.436,jair messias bolsonaro,0.431975526,1,bolsonaro,candidato,0.96,0.454166667,0.022191141
10531,2022,1,Veritá,Veritá,2022-09-02,2022-08-27,36,estimulada,votos totais,BR-01060/2022,,21019,2,2,27162,cenário 1 - estimulado - 1º turno,Roberto Jefferson,PTB,0,candidato,0.1,roberto jefferson,0.001,roberto jefferson,,1,roberto jefferson,candidato,0.96,,
